timestamp,cpu_usage,memory_usage,memory_availabale_gb,disk_usage,disk_read_mb,disk_right_md,network_set_mb,network_recive_mb,ping_ms,battery_percent,running_processes,failure
2026-08-02 06:03:58,30.6,78.8,550925.33,34.9,0.33,2.23,0.0,0.0,4.07,100,195,0
2026-08-02 06:04:04,55.4,79.5,531444.0,34.9,32.03,2.44,0.0,0.0,4.21,100,195,0
2026-08-02 06:04:10,64.4,84.4,405318.67,34.9,43.85,37.13,0.53,11.52,6.36,100,202,0
2026-08-02 06:04:16,46.2,82.1,464958.67,34.9,27.77,16.77,0.21,1.51,3.91,100,200,0
2026-08-02 06:04:22,31.3,82.1,465122.67,34.9,8.13,21.64,0.0,0.0,4.02,100,198,0
2026-08-02 06:04:28,32.9,84.1,411529.33,34.9,319.9,18.7,0.01,0.02,4.07,100,204,0
2026-08-02 06:04:34,30.1,87.5,323057.33,34.9,310.55,5.54,0.01,0.02,4.05,100,212,0
2026-08-02 06:04:41,31.0,86.1,360048.0,34.9,470.33,15.49,0.03,0.07,5.84,100,220,0
2026-08-02 06:04:47,46.7,89.0,285329.33,34.9,164.07,14.07,0.2,1.43,3.11,100,224,0
2026-08-02 06:04:53,12.9,89.0,285736.0,34.9,191.98,131.33,0.1,1.03,4.3,100,227,0
2026-08-02 06:04:59,33.5,91.5,221106.67,34.9,201.26,12.92,1.26,5.69,3.44,100,228,0
2026-08-02 06:05:05,77.3,93.6,165233.33,34.9,208.2,11.79,1.66,2.11,3.76,100,231,0
2026-08-02 06:05:11,24.6,95.0,129200.0,34.9,133.86,9.13,0.41,0.05,3.27,100,232,0
2026-08-02 06:05:17,80.0,95.7,111905.33,34.9,507.16,24.19,0.13,1.81,8.49,100,242,1
2026-08-02 06:05:23,26.8,90.1,255700.0,34.9,75.47,223.18,0.27,4.81,10.62,100,248,0
2026-08-02 06:05:29,43.4,94.2,149372.0,34.9,34.38,13.4,0.7,1.97,3.4,100,243,0
2026-08-02 06:05:35,21.3,89.7,267249.33,34.9,78.44,321.63,0.08,0.18,5.01,100,243,0
2026-08-02 06:05:41,12.2,89.4,275709.33,34.9,321.8,88.22,0.04,0.15,3.46,100,243,0
2026-08-02 06:05:47,42.2,83.9,417324.0,34.9,14.04,8.34,0.02,0.0,4.23,99,243,0
2026-08-02 06:05:53,3.5,83.8,420626.67,34.9,16.7,16.78,0.0,0.0,6.6,99,243,0
2026-08-02 06:05:59,2.1,83.8,421361.33,34.9,9.16,1.55,0.02,0.01,4.0,99,242,0
2026-08-02 06:06:05,6.0,84.3,408222.67,34.9,4.32,1.28,0.01,0.0,4.25,99,241,0
2026-08-02 06:06:11,11.2,84.9,392612.0,34.9,47.7,5.07,0.0,0.0,3.61,99,241,0
2026-08-02 06:06:17,10.5,86.0,362150.67,34.9,203.69,3.14,0.02,0.04,9.02,99,241,0
2026-08-02 06:06:23,51.3,87.9,314234.67,34.9,103.69,6.14,0.02,0.0,3.48,99,256,0
2026-08-02 06:06:29,10.7,85.8,367324.0,34.9,597.34,9.73,0.06,0.05,3.51,99,257,0
2026-08-02 06:06:35,7.4,84.1,413070.67,34.9,642.88,24.11,0.01,0.01,3.2,99,256,0
2026-08-02 06:06:41,19.5,84.7,396644.0,34.9,420.31,15.57,0.01,0.01,4.05,98,258,0
2026-08-02 06:06:47,13.0,83.4,429304.0,34.9,8.92,10.13,0.0,0.01,7.87,98,258,0
2026-08-02 06:06:53,13.3,83.6,425648.0,34.9,37.26,5.79,0.0,0.0,5.13,98,259,0
2026-08-02 06:06:59,1.3,83.4,430728.0,34.9,3.65,1.79,0.0,0.0,162.02,98,257,0
2026-08-02 06:07:05,9.1,83.7,421998.67,34.9,2.63,0.7,0.01,0.01,4.18,98,257,0
2026-08-02 06:07:11,14.3,79.1,541032.0,34.9,8.66,12.55,0.0,0.0,4.11,98,256,0
2026-08-02 06:07:17,15.6,79.7,527313.33,34.9,22.53,8.48,0.01,0.02,3.49,98,257,0
2026-08-02 06:07:23,10.1,79.4,533594.67,34.9,6.94,2.14,0.01,0.0,4.14,98,247,0
2026-08-02 06:07:29,14.0,78.7,553397.33,34.9,9.76,8.06,0.0,0.0,21.65,98,242,0
2026-08-02 06:07:35,20.6,79.4,533340.0,34.9,37.68,2.66,0.0,0.0,5.94,98,243,0
2026-08-02 06:07:41,12.0,79.3,536682.67,34.9,15.33,5.93,0.01,0.02,3.92,97,241,0
2026-08-02 06:07:47,12.1,79.5,532825.33,34.9,9.02,15.92,0.01,0.0,4.05,97,241,0
2026-08-02 06:07:53,10.5,79.5,531905.33,34.9,6.93,9.52,0.0,0.0,20.29,97,246,0
2026-08-02 06:07:59,18.9,79.7,525908.0,34.9,14.35,9.08,0.0,0.0,3.72,97,242,0
2026-08-02 06:08:05,11.1,79.6,529954.67,34.9,6.65,2.56,0.01,0.0,4.02,97,238,0
2026-08-02 06:08:11,9.9,79.4,534082.67,34.9,7.79,9.45,0.01,0.1,3.76,97,237,0
2026-08-02 06:08:17,9.8,79.2,540673.33,34.9,5.76,16.3,0.0,0.0,4.6,97,237,0
2026-08-02 06:08:23,10.7,79.3,537620.0,34.9,3.54,7.2,0.0,0.0,4.03,97,237,0
2026-08-02 06:08:29,10.2,79.4,534141.33,34.9,3.69,2.33,0.02,0.0,3.61,96,237,0
2026-08-02 06:08:36,14.3,79.6,530284.0,34.9,7.27,2.42,0.0,0.0,3.35,96,237,0
2026-08-02 06:08:42,10.8,79.6,528616.0,34.9,5.7,6.44,0.0,0.0,3.48,96,236,0
2026-08-02 06:08:48,14.5,79.6,528633.33,34.9,7.25,16.57,0.0,0.0,3.92,96,236,0
2026-08-02 06:08:54,26.4,80.4,509356.0,34.9,70.56,6.86,0.0,0.0,4.3,96,241,0
2026-08-02 06:09:00,25.8,84.5,401466.67,34.9,137.71,14.4,0.17,1.46,9.46,96,245,0
2026-08-02 06:09:06,67.0,86.1,361582.67,34.9,196.18,6.88,0.05,0.08,4.73,95,245,0
2026-08-02 06:09:12,17.4,85.6,373582.67,34.9,13.17,9.21,0.01,0.01,3.51,95,245,0
2026-08-02 06:09:18,38.6,87.3,329450.67,34.9,97.29,38.45,0.04,0.08,3.6,95,251,0
2026-08-02 06:09:24,9.8,86.6,348718.67,34.9,25.21,4.5,0.03,0.05,4.09,95,248,0
2026-08-02 06:09:30,5.7,86.4,351617.33,34.9,2.12,2.99,0.02,0.02,3.75,95,247,0
2026-08-02 06:09:36,2.0,84.8,394845.33,34.9,3.87,9.86,0.03,0.01,3.43,95,245,0
2026-08-02 06:09:42,12.9,84.0,413718.67,34.9,1.25,14.48,0.01,0.0,6.76,95,245,0
2026-08-02 06:09:48,21.7,85.4,378040.0,34.9,62.1,4.61,0.01,0.0,3.27,95,246,0
2026-08-02 06:09:54,16.3,85.4,377437.33,34.9,16.43,3.12,0.0,0.0,15.47,95,246,0
2026-08-02 06:10:00,17.4,85.5,374846.67,34.9,5.54,7.75,0.04,0.01,3.74,94,245,0
2026-08-02 06:10:06,12.6,85.4,378505.33,34.9,1.38,4.65,0.01,0.01,3.71,94,244,0
2026-08-02 06:10:12,13.0,85.4,377689.33,34.9,2.39,8.98,0.0,0.0,6.86,94,244,0
2026-08-02 06:10:18,13.7,85.3,379974.67,34.9,2.07,13.72,0.0,0.0,3.41,94,243,0
2026-08-02 06:10:24,16.0,85.3,381874.67,34.9,1.58,3.36,0.01,0.01,4.25,94,248,0
2026-08-02 06:10:30,15.7,85.4,378626.67,34.9,11.48,6.36,0.02,0.0,3.38,94,242,0
2026-08-02 06:10:36,12.4,84.9,392232.0,34.9,2.47,6.13,0.0,0.0,3.8,94,242,0
2026-08-02 06:10:42,10.3,85.0,389232.0,34.9,26.42,8.5,0.0,0.0,4.78,93,245,0
2026-08-02 06:10:48,2.5,85.0,389006.67,34.9,4.29,13.07,0.0,0.0,3.67,93,244,0
2026-08-02 06:10:54,2.3,85.0,390277.33,34.9,0.07,1.34,0.0,0.0,3.99,93,244,0
2026-08-02 06:11:00,2.6,85.2,384169.33,34.9,0.61,0.39,0.0,0.0,4.05,93,244,0
2026-08-02 06:11:06,6.9,85.3,382410.67,34.9,1.04,0.64,0.0,0.0,4.07,93,244,0
2026-08-02 06:11:12,3.3,85.0,389484.0,34.9,2.25,0.98,0.01,0.01,37.06,93,243,0
2026-08-02 06:11:18,5.5,85.1,387380.0,34.9,27.98,1.02,0.0,0.0,4.33,93,243,0
2026-08-02 06:11:24,2.2,85.0,387946.67,34.9,0.73,1.25,0.0,0.0,4.67,93,243,0
2026-08-02 06:11:30,6.7,85.2,384148.0,34.9,13.16,1.19,0.13,0.67,3.95,93,247,0
2026-08-02 06:11:36,3.8,85.1,385340.0,34.9,17.4,2.32,0.02,0.17,3.15,93,250,0
2026-08-02 06:11:42,15.9,85.4,379201.33,34.9,5.19,1.64,0.01,0.26,6.72,93,258,0
2026-08-02 06:11:48,25.5,86.5,350272.0,34.9,243.77,313.09,0.01,0.01,3.34,93,252,0
2026-08-02 06:11:54,16.9,76.6,607949.33,35.0,72.5,399.73,0.0,0.0,23.38,92,245,0
2026-08-02 06:12:00,2.3,76.2,616342.67,34.9,6.72,1.16,0.0,0.01,4.11,92,245,0
2026-08-02 06:12:06,1.1,77.1,594845.33,34.9,1.8,2.97,0.0,0.0,4.49,92,248,0
2026-08-02 06:12:12,9.0,79.8,524980.0,34.9,11.83,6.04,0.05,0.35,4.23,92,251,0
2026-08-02 06:12:18,3.3,79.4,535173.33,34.9,0.75,1.78,0.0,0.01,5.35,92,250,0
2026-08-02 06:12:24,12.9,79.8,524218.67,34.9,16.35,0.93,0.0,0.0,3.22,92,250,0
2026-08-02 06:12:30,9.3,80.0,517901.33,34.9,28.29,0.4,0.0,0.01,4.95,92,250,0
2026-08-02 06:16:27,100.0,82.3,459501.33,34.9,109.62,2.96,0.05,0.09,4.8,92,263,1
2026-08-02 06:16:33,16.9,82.6,451233.33,34.9,356.5,15.57,0.08,0.16,4.0,92,252,0
2026-08-02 06:16:39,18.6,81.9,469688.0,34.9,2.86,1.65,0.01,0.02,4.79,92,252,0
2026-08-02 06:16:45,21.5,83.0,440204.0,34.9,36.82,1.48,0.01,0.01,4.3,92,250,0
2026-08-02 06:16:51,6.4,83.7,421494.67,34.9,3.38,0.91,0.02,0.01,4.14,91,250,0
2026-08-02 06:16:57,4.9,83.5,428177.33,34.9,0.54,1.34,0.03,0.01,4.3,91,248,0
2026-08-02 06:17:03,14.1,85.0,389478.67,34.9,66.71,1.79,0.06,0.05,3.63,91,250,0
2026-08-02 06:17:09,51.2,87.4,327306.67,34.9,106.9,2.25,0.04,0.05,3.41,91,256,0
2026-08-02 06:17:15,4.3,87.1,334920.0,34.9,38.54,33.23,0.03,0.07,4.48,91,257,0
2026-08-02 06:17:21,4.9,86.6,346498.67,34.9,0.44,1.2,0.01,0.0,105.99,91,256,0
2026-08-02 06:17:28,2.4,86.6,348762.67,34.9,0.87,1.6,0.02,0.01,3.92,91,255,0
2026-08-02 06:17:34,5.9,86.8,343322.67,34.9,3.2,2.19,0.01,0.0,4.55,91,254,0
2026-08-02 06:17:40,5.1,86.2,356881.33,34.9,16.44,10.94,0.01,0.02,4.24,91,254,0
2026-08-02 06:17:46,12.5,85.9,364372.0,34.9,1.32,0.45,0.01,0.0,3.91,90,254,0
2026-08-02 06:17:52,29.4,86.7,345342.67,34.9,17.82,0.72,0.01,0.01,4.06,90,255,0
2026-08-02 06:17:58,2.2,86.1,359432.0,34.9,6.78,2.33,0.01,0.01,3.91,90,255,0
2026-08-02 06:18:04,5.1,86.0,363164.0,34.9,0.47,0.89,0.01,0.0,3.73,90,255,0
2026-08-02 06:18:10,4.9,85.5,376800.0,34.9,1.32,9.87,0.0,0.0,5.06,90,255,0
2026-08-02 06:18:16,4.5,85.4,379136.0,34.9,0.55,0.41,0.01,0.0,4.29,90,255,0
2026-08-02 06:18:22,3.9,85.4,379710.67,34.9,2.03,0.67,0.0,0.0,54.42,90,255,0
2026-08-02 06:18:28,14.4,85.3,381985.33,34.9,1.29,1.1,0.01,0.0,54.28,90,261,0
2026-08-02 06:18:34,7.0,86.6,347798.67,34.9,6.86,4.77,0.05,0.32,6.5,90,255,0
2026-08-02 06:18:40,3.4,87.1,334120.0,34.9,42.28,2.02,0.0,0.0,3.61,90,253,0
2026-08-02 06:18:46,1.0,85.8,368272.0,34.9,0.21,11.11,0.01,0.0,4.22,90,253,0
2026-08-02 06:18:52,4.7,85.9,365330.67,34.9,4.28,0.44,0.01,0.0,3.5,90,253,0
2026-08-02 06:18:58,5.6,85.8,367180.0,34.9,0.66,0.61,0.01,0.0,5.37,90,253,0
2026-08-02 06:19:04,1.0,85.8,368321.33,34.9,0.46,0.7,0.0,0.0,4.41,89,253,0
2026-08-02 06:19:10,42.4,86.4,352754.67,34.9,45.25,8.89,0.02,0.06,4.01,89,267,0
2026-08-02 06:19:16,22.1,84.8,394092.0,34.9,16.23,6.99,0.01,0.01,48.41,89,257,0
2026-08-02 06:19:22,0.3,85.1,385842.67,34.9,0.2,1.16,0.0,0.0,3.47,89,257,0
2026-08-02 06:19:28,0.9,84.8,393338.67,34.9,0.82,0.77,0.01,0.0,3.87,89,256,0
2026-08-02 06:19:34,1.7,84.9,392650.67,34.9,0.52,0.79,0.01,0.0,4.36,89,256,0
2026-08-02 06:19:40,1.6,84.7,396110.67,34.9,1.29,0.7,0.01,0.0,3.96,89,254,0
2026-08-02 06:19:46,0.1,84.7,396293.33,34.9,0.51,0.62,0.01,0.0,3.94,89,254,0
2026-08-02 06:19:52,6.6,84.7,396904.0,34.9,0.05,0.39,0.0,0.0,3.83,89,254,0
2026-08-02 06:19:58,4.1,84.5,401497.33,34.9,0.8,0.39,0.01,0.0,4.73,89,253,0
2026-08-02 06:20:04,2.1,84.7,396713.33,34.9,3.53,0.4,0.01,0.0,3.7,89,253,0
2026-08-02 06:20:10,0.8,84.7,397669.33,34.9,0.46,0.36,0.01,0.0,3.81,89,253,0
2026-08-02 06:20:16,6.1,84.7,397937.33,34.9,311.03,2.13,0.02,0.02,4.4,89,254,0
2026-08-02 06:20:22,0.3,84.7,395916.0,34.9,0.25,0.3,0.0,0.0,4.67,89,254,0
2026-08-02 06:20:28,0.3,84.6,398673.33,34.9,0.25,0.52,0.02,0.01,7.18,89,254,0
2026-08-02 06:20:34,4.9,84.6,398200.0,34.9,1.59,0.61,0.02,0.01,4.32,89,253,0
2026-08-02 06:20:40,5.8,84.6,398869.33,34.9,0.35,0.4,0.01,0.01,4.18,89,253,0
2026-08-02 06:20:46,2.6,84.0,415696.0,34.9,0.36,2.02,0.0,0.0,4.36,89,252,0
2026-08-02 06:20:53,1.8,84.0,415198.67,34.9,0.05,0.31,0.01,0.0,3.75,88,252,0
2026-08-02 06:20:59,0.9,83.8,418958.67,34.9,0.53,0.36,0.01,0.0,4.49,88,252,0
2026-08-02 06:21:05,6.4,84.1,412660.0,34.9,1.53,0.73,0.0,0.01,4.63,88,252,0
2026-08-02 06:21:11,4.3,84.2,409886.67,34.9,0.41,0.94,0.01,0.0,4.07,88,258,0
2026-08-02 06:21:17,5.2,84.1,413378.67,34.9,0.12,0.39,0.01,0.0,4.0,88,252,0
2026-08-02 06:21:23,1.5,84.0,414448.0,34.9,1.29,3.8,0.01,0.0,3.36,88,252,0
2026-08-02 06:21:29,6.0,84.0,415213.33,34.9,58.35,0.65,0.01,0.08,3.75,88,254,0
2026-08-02 06:21:35,18.1,85.2,384056.0,34.9,84.32,13.07,0.01,0.06,3.99,88,251,0
2026-08-02 06:21:41,12.1,81.6,478080.0,34.9,272.44,2.97,0.01,0.01,4.38,88,252,0
2026-08-02 06:21:47,1.9,81.3,485976.0,34.9,2.38,0.76,0.0,0.0,3.85,88,251,0
2026-08-02 06:21:53,5.2,81.4,481177.33,34.9,0.03,0.44,0.01,0.0,104.46,88,251,0
2026-08-02 06:21:59,3.5,81.5,480776.0,34.9,0.55,0.82,0.0,0.0,4.3,88,251,0
2026-08-02 06:22:05,0.8,81.4,483317.33,34.9,0.43,1.03,0.01,0.0,4.07,88,251,0
2026-08-02 06:22:11,1.2,81.3,484313.33,34.9,0.38,0.4,0.01,0.0,4.66,88,251,0
2026-08-02 06:22:17,0.5,81.3,484625.33,34.9,0.71,0.37,0.0,0.0,3.85,88,251,0
2026-08-02 06:22:23,1.4,81.2,487878.67,34.9,0.02,0.46,0.01,0.0,4.82,87,251,0
2026-08-02 06:22:29,3.1,80.8,497350.67,34.9,0.54,0.73,0.0,0.0,4.8,87,251,0
2026-08-02 06:22:35,5.2,80.8,497422.67,34.9,0.34,0.25,0.01,0.0,3.75,87,251,0
2026-08-02 06:22:41,1.2,80.7,500036.0,34.9,0.22,0.98,0.01,0.0,4.44,87,251,0
2026-08-02 06:22:47,0.0,80.7,500594.67,34.9,0.06,0.24,0.0,0.0,4.59,87,251,0
2026-08-02 06:22:53,0.1,80.8,498426.67,34.9,0.11,0.28,0.01,0.0,3.78,87,251,0
2026-08-02 06:22:59,4.8,81.0,493825.33,34.9,3.46,0.84,0.0,0.01,3.75,87,253,0
2026-08-02 06:23:05,0.5,80.8,496913.33,34.9,0.95,0.85,0.01,0.0,3.95,87,251,0
2026-08-02 06:23:11,4.3,80.8,497968.0,34.9,0.13,0.5,0.0,0.0,4.46,87,257,0
2026-08-02 06:23:17,4.9,80.8,498986.67,34.9,0.12,0.45,0.01,0.0,4.5,87,251,0
2026-08-02 06:23:23,0.1,80.9,495944.0,34.9,0.09,0.25,0.01,0.0,5.3,87,251,0
2026-08-02 06:23:29,0.9,80.9,494558.67,34.9,0.11,0.82,0.02,0.0,3.52,87,251,0
2026-08-02 06:23:35,0.3,80.7,499518.67,34.9,0.27,0.26,0.01,0.0,3.65,87,251,0
2026-08-02 06:23:41,0.5,80.8,497592.0,34.9,0.31,0.45,0.01,0.0,4.26,87,251,0
2026-08-02 06:23:47,0.7,80.6,503990.67,34.9,0.11,0.62,0.01,0.0,4.18,87,251,0
2026-08-02 06:23:53,5.0,80.7,499432.0,34.9,0.37,1.09,0.01,0.0,3.86,87,251,0
2026-08-02 06:23:59,5.1,80.7,500684.0,34.9,0.12,0.66,0.0,0.0,3.98,87,251,0
2026-08-02 06:24:05,1.0,80.7,499720.0,34.9,0.25,0.65,0.01,0.0,4.04,87,251,0
2026-08-02 06:24:11,0.0,80.9,496281.33,34.9,0.41,0.32,0.0,0.0,14.04,87,251,0
2026-08-02 06:24:17,0.1,80.7,500160.0,34.9,0.02,0.5,0.01,0.0,4.08,87,251,0
2026-08-02 06:24:23,0.3,80.7,501093.33,34.9,0.0,0.22,0.0,0.01,4.39,87,251,0
2026-08-02 06:24:29,0.1,80.9,494485.33,34.9,3.43,0.61,0.01,0.0,4.47,86,251,0
2026-08-02 06:24:35,7.3,81.0,493941.33,34.9,0.16,0.54,0.01,0.0,4.27,86,251,0
2026-08-02 06:24:41,1.8,80.9,494564.0,34.9,0.56,0.32,0.0,0.0,4.17,86,251,0
2026-08-02 06:24:47,0.1,80.9,494446.67,34.9,0.02,0.43,0.01,0.0,4.15,86,251,0
2026-08-02 06:24:53,0.0,80.9,494385.33,34.9,0.07,0.43,0.0,0.0,6.84,86,251,0
2026-08-02 06:24:59,2.9,80.9,495282.67,34.9,0.07,0.37,0.01,0.0,3.92,86,251,0
2026-08-02 06:25:05,0.3,80.9,494730.67,34.9,0.21,0.58,0.0,0.0,3.9,86,251,0
2026-08-02 06:25:12,0.3,80.9,495546.67,34.9,0.14,0.5,0.01,0.0,10.79,86,250,0
2026-08-02 06:25:18,5.5,80.9,495024.0,34.9,0.11,0.16,0.01,0.0,4.11,86,250,0
2026-08-02 06:25:24,1.9,80.8,498260.0,34.9,0.09,0.4,0.0,0.0,4.71,86,250,0
2026-08-02 06:25:30,11.6,80.8,496897.33,34.9,7.67,14.86,0.02,0.0,3.65,86,251,0
2026-08-02 06:25:36,0.3,80.7,499628.0,34.9,0.51,1.0,0.0,0.0,4.09,86,250,0
2026-08-02 06:25:42,0.3,81.2,486420.0,34.9,18.89,2.98,0.02,0.03,4.62,86,253,0
2026-08-02 06:25:48,3.1,81.0,492738.67,34.9,0.38,0.27,0.01,0.01,12.61,86,253,0
2026-08-02 06:25:54,4.8,81.7,474100.0,34.9,0.06,0.52,0.0,0.0,4.42,86,259,0
2026-08-02 06:26:00,5.3,79.5,531117.33,34.9,0.34,0.93,0.01,0.0,18.17,86,253,0
2026-08-02 06:26:06,1.6,79.8,523808.0,34.9,0.03,0.32,0.01,0.01,4.06,85,253,0
2026-08-02 06:26:12,2.9,79.8,523444.0,34.9,0.16,0.86,0.01,0.0,17.49,85,253,0
2026-08-02 06:26:18,0.9,79.7,527198.67,34.9,0.27,0.93,0.01,0.01,4.18,85,253,0
2026-08-02 06:26:24,0.8,79.4,534204.0,34.9,0.03,0.29,0.01,0.0,3.5,85,252,0
2026-08-02 06:26:30,18.7,80.1,516834.67,34.9,11.45,1.79,0.03,0.08,3.74,85,253,0
2026-08-02 06:26:36,22.0,80.9,495074.67,34.9,50.69,3.47,0.0,0.0,119.86,85,253,0
2026-08-02 06:26:42,14.6,78.0,570656.0,34.9,1.54,11.62,0.01,0.0,3.19,85,253,0
2026-08-02 06:26:48,1.8,77.9,572824.0,34.9,5.39,2.74,0.01,0.02,5.29,85,253,0
2026-08-02 06:26:54,0.1,77.9,571933.33,34.9,0.09,0.57,0.01,0.01,4.28,85,253,0
2026-08-02 06:27:00,1.8,77.9,573053.33,34.9,0.37,0.51,0.01,0.0,3.44,85,253,0
2026-08-02 06:27:06,0.1,78.0,570820.0,34.9,7.16,1.14,0.0,0.0,62.98,85,253,0
2026-08-02 06:27:12,0.4,78.1,568342.67,34.9,0.53,0.24,0.01,0.0,4.39,84,258,0
2026-08-02 06:27:18,7.4,78.1,568792.0,34.9,3.91,0.55,0.0,0.0,4.19,84,255,0
2026-08-02 06:27:24,1.3,78.2,566124.0,34.9,2.39,0.86,0.01,0.0,3.9,84,257,0
2026-08-02 06:27:30,5.4,77.6,581192.0,34.9,0.09,1.25,0.01,0.0,76.63,84,257,0
2026-08-02 06:27:36,2.9,77.0,596490.67,34.9,0.22,0.84,0.0,0.0,6.24,84,251,0
2026-08-02 06:27:42,0.3,77.1,595137.33,34.9,0.0,0.33,0.01,0.0,3.3,84,251,0
2026-08-02 06:27:48,0.7,77.1,594280.0,34.9,0.05,0.46,0.0,0.0,36.17,84,251,0
2026-08-02 06:27:54,5.1,77.4,586860.0,34.9,0.0,0.35,0.01,0.0,3.46,84,251,0
2026-08-02 06:28:00,2.1,77.2,591662.67,34.9,0.0,0.32,0.0,0.0,6.47,84,251,0
2026-08-02 06:28:06,0.1,77.1,592938.67,34.9,0.25,0.8,0.01,0.0,3.67,84,251,0
2026-08-02 06:28:12,0.3,77.3,589956.0,34.9,0.11,0.33,0.01,0.01,16.94,84,251,0
2026-08-02 06:28:18,0.3,77.2,592065.33,34.9,0.12,0.24,0.0,0.0,5.24,84,251,0
2026-08-02 06:28:25,1.2,77.2,591681.33,34.9,0.09,0.99,0.01,0.0,4.22,84,251,0
2026-08-02 06:28:31,0.4,77.1,594673.33,34.9,0.22,0.93,0.0,0.0,4.56,84,251,0
2026-08-02 06:28:37,4.8,77.1,593841.33,34.9,0.06,0.3,0.01,0.0,3.38,84,251,0
2026-08-02 06:28:43,2.5,77.6,580306.67,34.9,0.06,1.38,0.01,0.0,14.49,84,251,0
2026-08-02 06:28:49,0.1,77.0,597444.0,34.9,0.05,0.39,0.0,0.0,59.92,84,251,0
2026-08-02 06:28:55,1.9,77.1,593521.33,34.9,0.24,0.32,0.01,0.0,4.51,84,251,0
2026-08-02 06:29:01,0.6,76.9,599041.33,34.9,0.06,0.42,0.0,0.0,10.81,83,251,0
2026-08-02 06:29:07,0.3,77.0,595668.0,34.9,0.0,0.44,0.01,0.0,4.38,83,251,0
2026-08-02 06:29:13,3.8,77.2,591281.33,34.9,0.09,0.49,0.0,0.01,74.61,83,255,0
2026-08-02 06:29:19,6.6,77.2,591130.67,34.9,0.0,0.25,0.01,0.0,4.09,83,251,0
2026-08-02 06:29:25,6.1,77.1,593934.67,34.9,0.0,0.28,0.01,0.0,4.53,83,251,0
2026-08-02 06:29:31,0.8,76.7,603848.0,34.9,0.01,0.62,0.02,0.0,4.35,83,251,0
2026-08-02 06:29:37,0.8,76.7,604790.67,34.9,0.11,0.29,0.01,0.0,4.21,83,251,0
2026-08-02 06:29:43,0.4,76.7,603589.33,34.9,0.12,0.38,0.0,0.0,5.14,83,251,0
2026-08-02 06:29:49,0.8,77.0,595774.67,34.9,3.98,0.8,0.01,0.01,3.49,83,253,0
2026-08-02 06:29:55,5.3,77.0,596397.33,34.9,0.05,0.36,0.01,0.0,4.73,83,253,0
2026-08-02 06:30:01,4.3,77.0,596296.0,34.9,0.24,0.77,0.0,0.0,4.13,83,253,0
2026-08-02 06:30:07,0.1,77.0,596518.67,34.9,0.05,0.41,0.01,0.0,4.08,83,253,0
2026-08-02 06:30:13,0.1,77.0,596666.67,34.9,0.22,0.26,0.0,0.0,6.88,83,253,0
2026-08-02 06:30:19,3.5,76.9,598349.33,34.9,0.16,0.65,0.01,0.0,4.56,83,252,0
2026-08-02 06:30:25,0.5,76.8,601748.0,34.9,0.16,1.48,0.02,0.0,3.91,83,251,0
2026-08-02 06:30:31,1.2,76.8,601029.33,34.9,0.08,0.62,0.01,0.01,4.1,83,251,0
2026-08-02 06:30:37,27.3,77.9,572889.33,34.9,0.01,0.66,0.01,0.0,3.89,83,256,0
2026-08-02 06:30:43,1.2,77.5,583014.67,34.9,0.44,2.09,0.01,0.01,7.56,83,253,0
2026-08-02 06:30:49,0.1,77.4,585112.0,34.9,0.03,0.34,0.01,0.0,3.76,83,253,0
2026-08-02 06:30:55,1.9,77.5,583546.67,34.9,0.14,0.6,0.0,0.0,3.72,83,253,0
2026-08-02 06:31:01,0.5,77.5,582616.0,34.9,0.06,0.3,0.01,0.0,4.16,82,253,0
2026-08-02 06:31:07,0.4,77.6,581636.0,34.9,1.89,0.64,0.01,0.02,3.49,82,254,0
2026-08-02 06:31:13,4.1,77.7,577542.67,34.9,0.0,0.36,0.01,0.0,43.05,82,260,0
2026-08-02 06:31:19,7.3,77.5,584793.33,34.9,1.07,0.45,0.01,0.0,4.47,82,254,0
2026-08-02 06:31:25,1.2,77.6,581172.0,34.9,0.27,0.87,0.0,0.0,4.3,82,254,0
2026-08-02 06:31:31,3.1,77.2,592184.0,34.9,0.01,14.27,0.01,0.07,4.25,82,254,0
2026-08-02 06:31:37,1.0,77.1,594529.33,34.9,0.29,0.35,0.0,0.0,3.98,82,253,0
2026-08-02 06:31:43,1.7,77.0,595844.0,34.9,0.0,0.45,0.01,0.01,4.4,82,252,0
2026-08-02 06:31:49,0.1,77.0,597301.33,34.9,0.25,0.36,0.01,0.0,4.12,82,251,0
2026-08-02 06:31:55,9.3,77.0,595456.0,34.9,0.16,0.29,0.0,0.0,4.71,82,251,0
2026-08-02 06:32:01,1.1,76.5,608637.33,34.9,0.02,6.35,0.01,0.0,4.79,82,251,0
2026-08-02 06:32:07,4.1,76.5,608936.0,34.9,0.3,0.45,0.0,0.0,3.87,82,251,0
2026-08-02 06:32:13,1.8,76.5,608950.67,34.9,0.11,0.49,0.01,0.0,3.57,82,251,0
2026-08-02 06:32:19,0.7,76.4,610926.67,34.9,0.0,0.75,0.01,0.0,3.62,82,251,0
2026-08-02 06:32:26,1.0,76.6,607521.33,34.9,0.0,0.34,0.02,0.0,5.58,82,251,0
2026-08-02 06:32:32,0.5,76.7,603293.33,34.9,0.52,0.89,0.01,0.0,4.07,81,251,0
2026-08-02 06:32:38,5.2,76.9,600306.67,34.9,0.0,0.38,0.0,0.0,4.59,81,251,0
2026-08-02 06:32:44,0.0,76.7,605209.33,34.9,0.0,0.29,0.01,0.0,7.63,81,251,0
2026-08-02 06:32:50,0.7,76.6,606476.0,34.9,0.0,0.33,0.0,0.0,4.36,81,251,0
2026-08-02 06:32:56,0.3,76.8,601405.33,34.9,0.06,0.36,0.01,0.0,51.44,81,251,0
2026-08-02 06:33:02,1.0,76.6,605902.67,34.9,0.02,0.38,0.01,0.0,3.59,81,251,0
2026-08-02 06:33:08,0.7,76.6,606184.0,34.9,0.16,0.68,0.0,0.01,8.37,81,251,0
2026-08-02 06:33:14,4.5,76.8,601385.33,34.9,0.13,0.26,0.01,0.0,3.56,81,257,0
2026-08-02 06:33:20,6.3,76.6,606136.0,34.9,0.0,0.23,0.0,0.0,3.47,81,251,0
2026-08-02 06:33:26,3.8,76.9,599965.33,34.9,1.45,0.48,0.01,0.01,6.06,81,251,0
2026-08-02 06:33:32,0.8,76.9,598496.0,34.9,0.77,0.39,0.01,0.03,4.08,81,251,0
2026-08-02 06:33:38,0.0,76.7,604558.67,34.9,0.39,0.46,0.01,0.0,6.12,81,251,0
2026-08-02 06:33:44,0.4,76.8,601393.33,34.9,0.0,0.4,0.01,0.0,3.41,81,251,0
2026-08-02 06:33:50,0.4,76.8,602210.67,34.9,0.03,0.18,0.0,0.0,16.42,81,251,0
2026-08-02 06:33:56,5.7,76.8,601380.0,34.9,0.02,0.42,0.01,0.0,3.9,81,252,0
2026-08-02 06:34:02,2.1,76.8,601029.33,34.9,0.05,0.57,0.0,0.0,4.31,81,251,0
2026-08-02 06:34:08,0.8,76.9,599796.0,34.9,0.13,0.8,0.01,0.0,3.66,81,251,0
2026-08-02 06:34:14,0.5,76.9,599790.67,34.9,0.04,0.41,0.01,0.01,6.78,81,251,0
2026-08-02 06:34:20,2.3,76.8,602010.67,34.9,0.14,0.3,0.0,0.0,4.44,81,251,0
2026-08-02 06:34:26,10.8,76.8,602080.0,34.9,0.02,0.34,0.01,0.0,73.82,81,251,0
2026-08-02 06:34:32,10.7,80.1,516306.67,34.9,302.05,4.7,0.05,0.32,3.91,80,255,0
2026-08-02 06:34:38,11.2,80.1,516293.33,34.9,571.69,2.41,0.01,0.0,3.82,80,255,0
2026-08-02 06:34:44,2.3,79.9,520768.0,34.9,7.58,1.23,0.01,0.0,4.24,80,255,0
2026-08-02 06:34:50,1.3,80.0,519701.33,34.9,2.02,3.54,0.0,0.0,3.67,80,255,0
2026-08-02 06:34:56,1.2,80.0,517960.0,34.9,2.16,0.28,0.01,0.0,3.46,80,255,0
2026-08-02 06:35:02,0.9,80.0,519061.33,34.9,1.45,1.59,0.0,0.0,8.65,80,254,0
2026-08-02 06:35:08,0.0,78.6,556184.0,34.9,9.51,5.76,0.01,0.01,4.66,80,254,0
2026-08-02 06:35:14,5.6,78.3,563961.33,34.9,0.0,0.22,0.0,0.0,3.8,80,260,0
2026-08-02 06:35:20,6.2,78.2,565444.0,34.9,0.23,0.98,0.01,0.01,4.27,80,254,0
2026-08-02 06:35:26,1.9,78.1,566710.67,34.9,0.41,0.43,0.02,0.0,4.34,80,254,0
2026-08-02 06:35:32,0.7,77.8,576176.0,34.9,0.96,1.02,0.0,0.0,3.83,80,254,0
2026-08-02 06:35:38,0.3,77.8,575100.0,34.9,0.85,0.46,0.01,0.0,3.84,80,254,0
2026-08-02 06:35:44,0.0,77.7,577913.33,34.9,0.02,0.22,0.0,0.0,3.46,80,253,0
2026-08-02 06:35:50,1.0,77.6,579696.0,34.9,0.22,0.52,0.01,0.0,3.64,80,253,0
2026-08-02 06:35:56,8.2,77.7,578036.0,34.9,0.11,0.65,0.01,0.0,5.09,80,253,0
2026-08-02 06:36:02,1.7,77.7,577093.33,34.9,1.1,0.65,0.0,0.0,6.33,80,253,0
2026-08-02 06:36:08,0.3,77.8,576754.67,34.9,0.7,0.88,0.01,0.01,4.19,80,252,0
2026-08-02 06:36:14,1.4,77.7,578205.33,34.9,0.77,0.32,0.01,0.01,3.56,80,251,0
2026-08-02 06:36:20,2.3,77.5,582212.0,34.9,1.14,0.34,0.01,0.0,3.67,80,252,0
2026-08-02 06:36:27,1.5,77.7,578746.67,34.9,0.42,0.7,0.0,0.0,3.62,80,252,0
2026-08-02 06:36:33,1.3,77.6,580890.67,34.9,6.64,3.24,0.02,0.1,4.32,79,255,0
2026-08-02 06:36:39,4.8,77.7,579545.33,34.9,0.2,0.36,0.01,0.0,6.01,79,251,0
2026-08-02 06:36:45,0.4,77.4,586056.0,34.9,0.53,2.04,0.0,0.0,3.91,79,250,0
2026-08-02 06:36:51,4.4,77.5,583678.67,34.9,0.0,0.18,0.01,0.01,3.32,79,250,0
2026-08-02 06:36:57,0.5,77.2,590545.33,34.9,0.02,0.53,0.0,0.0,4.35,79,250,0
2026-08-02 06:37:03,0.6,77.3,587474.67,34.9,0.56,0.67,0.02,0.01,4.18,79,250,0
2026-08-02 06:37:09,0.9,77.5,584209.33,34.9,0.0,0.3,0.0,0.0,8.9,79,250,0
2026-08-02 06:37:15,3.7,77.6,580852.0,34.9,0.19,0.75,0.01,0.0,5.27,79,255,0
2026-08-02 06:37:21,5.4,77.4,586454.67,34.9,0.93,0.29,0.01,0.0,3.85,79,250,0
2026-08-02 06:37:27,0.4,77.5,583796.0,34.9,1.61,0.36,0.02,0.01,3.2,79,250,0
2026-08-02 06:37:33,0.0,77.5,582968.0,34.9,0.09,0.89,0.03,0.0,4.47,79,250,0
2026-08-02 06:37:39,0.5,77.5,583109.33,34.9,0.0,0.17,0.0,0.0,6.39,79,250,0
2026-08-02 06:37:45,0.1,77.4,586605.33,34.9,0.0,0.29,0.01,0.0,4.13,79,250,0
2026-08-02 06:37:51,3.3,77.3,589088.0,34.9,0.14,0.32,0.01,0.0,4.52,79,249,0
2026-08-02 06:37:57,5.5,77.4,585617.33,34.9,0.58,0.32,0.0,0.0,4.63,79,249,0
2026-08-02 06:38:03,0.4,77.5,583784.0,34.9,0.32,0.83,0.01,0.01,3.79,79,249,0
2026-08-02 06:38:09,0.5,77.5,583668.0,34.9,0.31,0.4,0.0,0.0,11.97,79,249,0
2026-08-02 06:38:15,0.1,77.4,585784.0,34.9,0.06,0.49,0.01,0.0,4.25,79,249,0
2026-08-02 06:38:21,1.3,77.3,588046.67,34.9,0.02,0.37,0.0,0.0,3.79,79,249,0
2026-08-02 06:38:27,2.2,77.4,585992.0,34.9,0.0,0.4,0.02,0.0,3.57,78,249,0
2026-08-02 06:38:33,2.2,77.8,575533.33,34.9,12.3,5.96,0.01,0.03,4.73,78,258,0
2026-08-02 06:38:39,5.2,78.6,554952.0,34.9,0.22,0.29,0.0,0.0,5.66,78,252,0
2026-08-02 06:38:45,2.2,77.1,594037.33,34.9,0.95,0.56,0.01,0.0,3.87,78,252,0
2026-08-02 06:38:51,1.0,77.2,590700.0,34.9,0.18,0.89,0.0,0.0,4.25,78,252,0
2026-08-02 06:38:57,0.3,77.4,586472.0,34.9,0.0,0.46,0.01,0.0,3.86,78,252,0
2026-08-02 06:39:03,0.9,77.5,582360.0,34.9,0.13,0.47,0.01,0.0,3.76,78,253,0
2026-08-02 06:39:09,4.3,77.5,584358.67,34.9,10.86,0.55,0.0,0.0,4.04,78,253,0
2026-08-02 06:39:15,5.7,77.3,589136.0,34.9,0.24,1.55,0.01,0.0,3.99,78,252,0
2026-08-02 06:39:21,5.4,77.3,589054.67,34.9,0.23,0.53,0.0,0.0,5.22,78,252,0
2026-08-02 06:39:27,1.0,77.4,586209.33,34.9,0.39,1.02,0.01,0.01,4.15,78,252,0
2026-08-02 06:39:33,0.4,77.4,586570.67,34.9,0.31,0.49,0.01,0.0,4.52,78,250,0
2026-08-02 06:39:39,0.3,77.3,588754.67,34.9,8.42,0.69,0.01,0.01,7.35,78,249,0
2026-08-02 06:39:45,1.2,77.3,589032.0,34.9,0.08,0.27,0.01,0.0,3.83,78,249,0
2026-08-02 06:39:51,0.9,77.3,587502.67,34.9,0.06,0.67,0.0,0.0,3.87,78,249,0
2026-08-02 06:39:57,6.9,77.3,587776.0,34.9,0.18,0.3,0.01,0.0,46.13,78,249,0
2026-08-02 06:40:03,1.8,77.4,586718.67,34.9,6.73,0.54,0.0,0.0,4.28,78,250,0
2026-08-02 06:40:09,0.1,77.3,587950.67,34.9,1.11,0.73,0.01,0.0,4.24,78,250,0
2026-08-02 06:40:15,0.5,77.4,586864.0,34.9,0.14,0.5,0.01,0.0,4.1,78,250,0
2026-08-02 06:40:21,0.4,77.4,586800.0,34.9,0.14,0.24,0.0,0.0,3.86,78,250,0
2026-08-02 06:40:27,5.2,77.5,582440.0,34.9,19.76,1.2,0.04,0.27,4.1,77,253,0
2026-08-02 06:40:33,3.6,77.5,582904.0,34.9,0.26,0.93,0.03,0.66,4.25,77,259,0
2026-08-02 06:40:39,4.7,77.6,581505.33,34.9,0.21,0.28,0.02,0.35,4.37,77,252,0
2026-08-02 06:40:45,0.9,77.6,582134.67,34.9,0.11,0.7,0.02,0.45,3.55,77,252,0
2026-08-02 06:40:51,0.9,77.7,578036.0,34.9,24.88,25.05,0.01,0.05,11.04,77,250,0
2026-08-02 06:40:58,0.8,77.5,582392.0,34.9,0.2,0.9,0.01,0.0,5.61,77,250,0
2026-08-02 06:41:04,0.3,76.9,598402.67,34.9,0.51,1.25,0.0,0.0,3.58,77,250,0
2026-08-02 06:41:10,1.4,77.2,592178.67,34.9,0.0,0.38,0.01,0.01,4.58,77,250,0
2026-08-02 06:41:16,5.3,77.3,588146.67,34.9,0.03,0.31,0.0,0.0,3.42,77,250,0
2026-08-02 06:41:22,2.1,77.5,584496.0,34.9,0.14,1.14,0.01,0.0,4.15,77,250,0
2026-08-02 06:41:28,3.0,77.5,584722.67,34.9,0.17,0.77,0.03,0.07,69.25,77,250,0
2026-08-02 06:41:34,1.0,77.2,590988.0,34.9,13.68,15.78,0.0,0.0,4.13,77,250,0
2026-08-02 06:41:40,0.5,77.3,588668.0,34.9,0.0,0.5,0.01,0.01,3.62,77,250,0
2026-08-02 06:41:46,1.5,76.5,609902.67,34.9,0.0,7.1,0.0,0.0,5.23,77,250,0
2026-08-02 06:41:52,3.0,76.2,617472.0,34.9,0.0,0.52,0.01,0.0,4.21,77,254,0
2026-08-02 06:41:58,7.4,76.3,614337.33,34.9,0.03,0.51,0.0,0.0,3.54,76,250,0
2026-08-02 06:42:04,1.4,76.2,617457.33,34.9,0.72,0.54,0.01,0.0,4.25,76,250,0
2026-08-02 06:42:10,0.3,76.4,611762.67,34.9,0.96,0.45,0.01,0.0,18.93,76,250,0
2026-08-02 06:42:16,0.1,76.4,611297.33,34.9,0.19,0.32,0.0,0.0,4.36,76,250,0
2026-08-02 06:42:22,0.5,76.4,612534.67,34.9,0.92,0.43,0.01,0.0,3.21,76,250,0
2026-08-02 06:42:28,0.1,76.3,614525.33,34.9,0.42,0.6,0.0,0.0,3.74,76,250,0
2026-08-02 06:42:34,4.9,76.4,611633.33,34.9,0.22,1.58,0.01,0.0,3.58,76,252,0
2026-08-02 06:42:40,4.9,76.4,612130.67,34.9,0.0,0.62,0.01,0.0,5.2,76,249,0
2026-08-02 06:42:46,0.0,76.5,610486.67,34.9,0.0,0.27,0.0,0.0,4.66,76,249,0
2026-08-02 06:42:52,3.9,76.7,605269.33,34.9,0.53,0.3,0.01,0.01,3.96,76,252,0
2026-08-02 06:42:58,0.5,76.5,610102.67,34.9,0.19,0.71,0.01,0.01,4.19,76,250,0
2026-08-02 06:43:04,0.1,76.5,609368.0,34.9,0.65,0.61,0.01,0.0,6.63,76,250,0
2026-08-02 06:43:10,0.1,76.6,607138.67,34.9,0.0,0.34,0.0,0.0,3.85,76,250,0
2026-08-02 06:43:16,5.0,76.6,607242.67,34.9,0.03,0.54,0.01,0.0,3.79,76,250,0
2026-08-02 06:43:22,0.3,76.5,610036.0,34.9,0.12,0.36,0.01,0.0,4.05,76,249,0
2026-08-02 06:43:28,1.4,76.4,610993.33,34.9,0.03,0.43,0.0,0.0,4.14,76,249,0
2026-08-02 06:43:34,0.7,76.5,608361.33,34.9,0.22,0.83,0.01,0.0,4.52,76,248,0
2026-08-02 06:43:40,0.8,76.4,611404.0,34.9,0.18,0.61,0.0,0.0,4.49,76,248,0
2026-08-02 06:43:46,0.0,76.4,612644.0,34.9,0.0,0.51,0.01,0.0,4.13,76,248,0
2026-08-02 06:43:52,0.0,76.4,612712.0,34.9,0.06,0.25,0.0,0.0,4.06,76,248,0
2026-08-02 06:43:58,5.1,76.5,608677.33,34.9,0.06,0.22,0.01,0.01,3.49,76,248,0
2026-08-02 06:44:04,0.3,76.6,608041.33,34.9,0.0,0.6,0.01,0.0,3.86,76,248,0
2026-08-02 06:44:10,0.3,76.5,609073.33,34.9,0.2,0.31,0.0,0.0,4.0,76,248,0
2026-08-02 06:44:16,0.4,76.4,612334.67,34.9,0.22,0.38,0.01,0.0,4.12,76,248,0
2026-08-02 06:44:22,1.2,76.4,611137.33,34.9,0.0,0.41,0.0,0.0,4.34,75,248,0
2026-08-02 06:44:28,0.8,76.5,608242.67,34.9,1.03,0.68,0.02,0.0,3.74,75,248,0
2026-08-02 06:44:34,3.5,76.6,606108.0,34.9,0.23,0.6,0.01,0.0,3.86,75,254,0
2026-08-02 06:44:40,8.7,76.7,605513.33,34.9,0.14,0.67,0.0,0.0,3.75,75,248,0
2026-08-02 06:44:46,0.8,76.5,608570.67,34.9,0.08,0.7,0.01,0.0,4.26,75,248,0
2026-08-02 06:44:52,0.9,76.6,608080.0,34.9,0.09,0.63,0.0,0.0,3.64,75,248,0
2026-08-02 06:44:58,0.4,76.6,607961.33,34.9,0.62,0.57,0.01,0.0,3.55,75,248,0
2026-08-02 06:45:05,1.4,76.6,606068.0,34.9,0.0,0.41,0.01,0.0,4.04,75,248,0
2026-08-02 06:45:11,0.0,76.5,609208.0,34.9,0.0,0.46,0.0,0.0,3.39,75,248,0
2026-08-02 06:45:17,5.5,76.6,606526.67,34.9,0.5,0.24,0.01,0.0,4.47,75,248,0
2026-08-02 06:45:23,2.7,76.6,606124.0,34.9,0.03,0.3,0.0,0.0,4.37,75,248,0
2026-08-02 06:45:29,0.3,76.6,607562.67,34.9,0.05,0.55,0.02,0.01,3.79,75,248,0
2026-08-02 06:45:35,1.2,76.5,609205.33,34.9,0.0,0.28,0.0,0.0,4.0,75,248,0
2026-08-02 06:45:41,0.0,76.4,613196.0,34.9,0.06,0.51,0.01,0.0,3.72,75,248,0
2026-08-02 06:45:47,0.5,76.4,612025.33,34.9,0.0,0.24,0.01,0.0,6.5,75,248,0
2026-08-02 06:45:53,0.0,76.7,605314.67,34.9,0.02,0.25,0.0,0.0,4.26,75,249,0
2026-08-02 06:45:59,7.4,76.6,605700.0,34.9,0.06,0.44,0.01,0.0,4.44,75,249,0
2026-08-02 06:46:05,4.8,76.6,608028.0,34.9,9.65,1.12,0.0,0.0,5.44,75,249,0
2026-08-02 06:46:11,0.8,76.5,608920.0,34.9,0.13,0.36,0.01,0.01,3.65,75,249,0
2026-08-02 06:46:17,0.5,76.4,610862.67,34.9,0.02,0.54,0.0,0.0,65.04,75,249,0
2026-08-02 06:46:23,0.4,76.5,608344.0,34.9,0.12,0.24,0.01,0.0,4.59,75,249,0
2026-08-02 06:46:29,9.9,75.4,638880.0,35.0,50.89,39.98,0.01,0.08,4.23,74,252,0
2026-08-02 06:46:35,19.7,75.9,626288.0,34.9,77.92,16.56,0.01,0.02,10.98,74,253,0
2026-08-02 06:46:41,11.6,76.0,621913.33,34.9,8.7,18.31,0.03,0.41,3.11,74,254,0
2026-08-02 06:46:47,10.8,76.0,622553.33,34.9,4.12,8.96,0.02,0.56,3.48,74,254,0
2026-08-02 06:46:53,10.6,76.0,621562.67,34.9,7.82,13.71,0.03,0.56,3.76,74,254,0
2026-08-02 06:46:59,8.2,76.0,621697.33,34.9,2.12,12.79,0.02,0.53,3.24,74,254,0
2026-08-02 06:47:05,11.2,75.9,624240.0,34.9,2.36,10.54,0.03,0.53,3.77,74,254,0
2026-08-02 06:47:11,14.1,76.0,621245.33,34.9,4.05,8.2,0.03,0.65,3.92,74,254,0
2026-08-02 06:47:17,10.5,76.1,620877.33,34.9,2.8,2.2,0.03,0.59,4.43,74,254,0
2026-08-02 06:47:23,10.9,76.0,622926.67,35.0,15.18,36.03,0.04,0.9,4.64,74,254,0
2026-08-02 06:47:29,7.0,75.9,623702.67,35.0,3.45,2.79,0.04,0.53,4.91,74,254,0
2026-08-02 06:47:35,14.1,75.9,624460.0,34.9,9.31,27.95,0.03,0.53,3.27,74,254,0
2026-08-02 06:47:41,11.7,75.9,624444.0,34.9,3.82,4.8,0.03,0.58,4.72,73,254,0
2026-08-02 06:47:47,14.7,76.1,620464.0,35.0,3.75,7.08,0.03,0.66,3.7,73,254,0
2026-08-02 06:47:53,14.1,76.1,619601.33,35.0,13.0,25.62,0.02,0.48,3.77,73,255,0
2026-08-02 06:47:59,7.7,76.1,620712.0,35.0,2.71,1.69,0.02,0.5,4.47,73,255,0
2026-08-02 06:48:05,12.4,76.0,621221.33,35.0,2.5,8.86,0.03,0.55,3.83,73,255,0
2026-08-02 06:48:11,13.0,76.2,616286.67,35.0,10.65,22.14,0.02,0.52,3.75,73,255,0
2026-08-02 06:48:17,10.9,76.1,619129.33,35.0,2.73,9.84,0.03,0.53,3.32,73,255,0
2026-08-02 06:48:23,13.4,76.3,615036.0,35.0,2.97,4.92,0.02,0.5,3.27,73,261,0
2026-08-02 06:48:29,8.8,76.2,618110.67,35.0,10.45,23.67,0.02,0.48,4.86,73,255,0
2026-08-02 06:48:35,12.2,76.3,615016.0,35.0,3.56,4.52,0.03,0.59,3.91,73,255,0
2026-08-02 06:48:41,11.0,77.2,591212.0,35.0,2.81,3.99,0.02,0.48,3.27,73,255,0
2026-08-02 06:48:47,10.9,75.8,628173.33,35.0,3.5,7.32,0.02,0.29,4.21,73,255,0
2026-08-02 06:48:53,8.8,76.0,622685.33,35.0,13.16,37.74,0.03,0.47,4.33,72,255,0
2026-08-02 06:48:59,6.2,76.1,620202.67,35.0,3.03,3.08,0.03,0.41,4.55,72,259,0
2026-08-02 06:49:05,14.5,76.2,616941.33,35.0,2.55,2.7,0.03,0.46,6.43,72,255,0
2026-08-02 06:49:11,12.5,76.0,621158.67,35.0,10.3,21.64,0.03,0.63,5.71,72,255,0
2026-08-02 06:49:17,11.4,76.1,618756.0,35.0,4.12,7.22,0.03,0.51,6.97,72,255,0
2026-08-02 06:49:24,11.8,76.1,618654.67,35.0,2.95,4.29,0.02,0.49,4.77,72,255,0
2026-08-02 06:49:30,7.6,76.3,614569.33,35.0,9.52,22.03,0.03,0.64,3.76,72,255,0
2026-08-02 06:49:36,10.2,76.2,616369.33,35.0,3.99,15.2,0.03,0.54,3.76,72,254,0
2026-08-02 06:49:42,13.2,76.3,615910.67,35.0,2.46,4.34,0.02,0.51,3.1,72,254,0
2026-08-02 06:49:48,12.5,76.4,613038.67,35.0,7.24,18.89,0.03,0.66,3.47,72,255,0
2026-08-02 06:49:54,11.3,76.3,614190.67,35.0,1.29,8.25,0.03,0.6,3.48,72,254,0
2026-08-02 06:50:00,3.3,76.5,610629.33,35.0,1.0,9.51,0.02,0.51,3.92,72,254,0
2026-08-02 06:50:06,12.6,76.4,611438.67,35.0,1.03,14.36,0.02,0.53,3.61,71,254,0
2026-08-02 06:50:12,11.3,76.4,612942.67,35.0,1.28,7.66,0.03,0.58,3.34,71,254,0
2026-08-02 06:50:18,13.4,76.5,608584.0,35.0,2.01,5.83,0.05,0.87,5.03,71,254,0
2026-08-02 06:50:24,12.7,76.4,610830.67,35.0,1.36,8.32,0.02,0.52,4.79,71,254,0
2026-08-02 06:50:30,1.2,76.6,606385.33,35.0,1.28,7.6,0.05,0.61,4.05,71,254,0
2026-08-02 06:50:36,11.0,76.5,609978.67,35.0,1.1,14.7,0.02,0.54,4.02,71,254,0
2026-08-02 06:50:42,10.5,76.5,610652.0,35.0,1.36,6.66,0.03,0.5,4.99,71,254,0
2026-08-02 06:50:48,10.7,76.5,610557.33,35.0,2.22,6.71,0.03,0.54,3.28,71,254,0
2026-08-02 06:50:54,14.3,76.5,608626.67,35.0,1.64,10.12,0.04,0.79,3.88,71,254,0
2026-08-02 06:51:00,1.4,76.6,606748.0,35.0,1.22,4.01,0.03,0.56,4.72,70,255,0
2026-08-02 06:51:06,11.2,76.6,607756.0,35.0,2.01,18.07,0.04,0.64,4.25,70,254,0
2026-08-02 06:51:12,13.7,76.4,612102.67,35.0,1.25,3.77,0.03,0.4,3.2,70,254,0
2026-08-02 06:51:18,11.3,76.5,608869.33,35.0,1.28,8.93,0.03,0.47,3.64,70,254,0
2026-08-02 06:51:24,13.9,76.6,607592.0,35.0,1.35,5.19,0.03,0.59,3.93,70,254,0
2026-08-02 06:51:30,5.0,76.5,608237.33,35.0,3.6,20.06,0.04,0.74,5.92,70,254,0
2026-08-02 06:51:36,13.5,76.5,609834.67,35.0,1.16,5.01,0.03,0.62,4.07,70,254,0
2026-08-02 06:51:42,11.3,76.5,609482.67,35.0,1.18,4.34,0.03,0.51,3.97,70,254,0
2026-08-02 06:51:48,10.6,76.7,605128.0,35.0,3.3,11.41,0.02,0.38,16.19,70,254,0
2026-08-02 06:51:54,1.3,77.0,595996.0,35.0,7.03,14.05,0.03,0.46,4.68,70,254,0
2026-08-02 06:52:00,0.7,76.9,599765.33,35.0,0.66,1.82,0.02,0.48,6.16,69,254,0
2026-08-02 06:52:06,5.3,76.6,607184.0,35.0,0.62,0.96,0.02,0.55,3.29,69,254,0
2026-08-02 06:52:12,1.8,76.6,605748.0,35.0,1.16,3.56,0.02,0.48,4.08,69,254,0
2026-08-02 06:52:18,0.9,76.8,602528.0,35.0,0.23,2.75,0.03,0.66,4.03,69,254,0
2026-08-02 06:52:24,1.2,76.8,601241.33,35.0,0.09,0.14,0.03,0.64,3.42,69,254,0
2026-08-02 06:52:30,1.9,76.8,602808.0,35.0,0.28,0.95,0.02,0.56,3.89,69,254,0
2026-08-02 06:52:36,0.5,76.7,603428.0,35.0,2.53,6.75,0.02,0.44,3.68,69,253,0
2026-08-02 06:52:42,1.0,76.7,604948.0,35.0,0.03,0.28,0.02,0.4,3.79,69,257,0
2026-08-02 06:52:48,6.2,76.8,602124.0,35.0,0.22,0.82,0.02,0.46,3.77,69,253,0
2026-08-02 06:52:54,1.7,76.7,603542.67,35.0,0.42,2.71,0.03,0.62,3.96,69,253,0
2026-08-02 06:53:00,0.3,76.6,605670.67,35.0,1.56,5.61,0.03,0.59,4.11,69,253,0
2026-08-02 06:53:06,0.8,76.5,608770.67,35.0,0.64,1.68,0.02,0.45,3.96,69,253,0
2026-08-02 06:53:12,1.9,76.6,606854.67,35.0,0.14,0.21,0.03,0.65,3.8,69,253,0
2026-08-02 06:53:18,17.6,77.3,588670.67,35.0,10.17,0.63,0.02,0.59,4.79,69,253,0
2026-08-02 06:53:24,6.3,79.6,529777.33,35.0,39.53,8.27,0.05,0.91,3.55,69,253,0
2026-08-02 06:53:30,24.3,81.8,473201.33,35.0,2.47,1.09,0.04,0.52,4.64,69,253,0
2026-08-02 06:53:36,1.4,81.5,479796.0,35.0,0.69,2.12,0.02,0.51,3.67,68,253,0
2026-08-02 06:53:42,3.1,81.5,478536.0,35.0,0.22,2.95,0.03,0.57,4.06,68,253,0
2026-08-02 06:53:48,0.7,81.7,474665.33,35.0,0.14,2.42,0.03,0.73,4.17,68,253,0
2026-08-02 06:53:54,1.2,81.7,473824.0,35.0,0.2,1.51,0.02,0.5,4.8,68,253,0
2026-08-02 06:54:00,1.0,81.7,473857.33,35.0,1.22,3.67,0.03,0.64,5.35,68,253,0
2026-08-02 06:54:06,7.1,82.3,459010.67,35.0,312.3,0.79,0.03,0.45,4.04,68,254,0
2026-08-02 06:54:12,4.2,82.2,460568.0,35.0,0.75,3.58,0.02,0.43,3.46,68,254,0
2026-08-02 06:54:18,2.6,82.2,462057.33,35.0,0.03,0.24,0.03,0.6,4.49,68,254,0
2026-08-02 06:54:24,2.0,82.2,460389.33,35.0,0.29,2.56,0.03,0.59,3.65,68,254,0
2026-08-02 06:54:30,1.0,82.1,464217.33,35.0,1.05,4.7,0.02,0.52,3.8,68,254,0
2026-08-02 06:54:36,0.8,81.4,481204.0,35.0,0.17,0.77,0.02,0.44,3.46,68,253,0
2026-08-02 06:54:43,0.7,81.6,477237.33,35.0,0.2,0.85,0.02,0.39,3.76,68,253,0
2026-08-02 06:54:49,7.3,81.7,474962.67,35.0,0.06,0.32,0.02,0.43,3.93,68,253,0
2026-08-02 06:54:55,3.8,81.5,479188.0,35.0,0.12,0.36,0.02,0.4,3.8,68,253,0
2026-08-02 06:55:01,1.8,81.6,476510.67,35.0,2.27,6.75,0.04,0.72,3.68,68,253,0
2026-08-02 06:55:07,1.8,81.5,478925.33,35.0,0.12,0.56,0.02,0.45,3.81,68,253,0
2026-08-02 06:55:13,0.5,80.0,517908.0,35.0,0.11,0.38,0.02,0.38,3.65,68,253,0
2026-08-02 06:55:19,1.7,80.2,513554.67,35.0,0.05,0.39,0.03,0.55,6.07,68,253,0
2026-08-02 06:55:25,5.9,80.2,512345.33,35.0,0.14,4.35,0.03,0.58,4.55,68,253,0
2026-08-02 06:55:31,9.2,80.0,517452.0,35.0,0.5,1.82,0.04,0.53,5.36,67,253,0
2026-08-02 06:55:37,3.1,80.2,513708.0,35.0,0.11,0.28,0.02,0.54,3.26,67,253,0
2026-08-02 06:55:43,2.6,80.1,515710.67,35.0,0.17,0.43,0.02,0.49,8.8,67,253,0
2026-08-02 06:55:49,0.7,80.2,514129.33,35.0,4.09,8.7,0.04,0.67,4.34,67,253,0
2026-08-02 06:55:55,4.7,80.2,514110.67,35.0,0.16,0.35,0.02,0.47,3.89,67,253,0
2026-08-02 06:56:01,8.4,80.5,505034.67,35.0,0.34,0.75,0.02,0.42,4.91,67,253,0
2026-08-02 06:56:07,8.3,79.3,535544.0,35.0,0.47,1.09,0.02,0.51,4.81,67,253,0
2026-08-02 06:56:13,2.5,79.5,532866.67,35.0,4.19,8.36,0.02,0.38,3.68,67,253,0
2026-08-02 06:56:19,1.6,79.5,531730.67,35.0,0.09,0.39,0.02,0.55,3.6,67,253,0
2026-08-02 06:56:25,0.6,79.6,528278.67,35.0,0.23,0.61,0.03,0.53,4.23,67,253,0
2026-08-02 06:56:31,1.3,79.7,525762.67,35.0,2.28,2.96,0.05,0.57,4.52,67,253,0
2026-08-02 06:56:37,10.2,80.4,508344.0,35.0,108.66,116.2,0.01,0.09,18.67,67,255,0
2026-08-02 06:56:43,7.0,83.5,426818.67,35.1,254.46,109.82,0.01,0.0,4.63,67,259,0
2026-08-02 06:56:49,12.5,87.3,329842.67,35.3,462.39,657.96,0.0,0.0,44.72,67,255,0
2026-08-02 06:56:55,9.2,88.0,310812.0,35.3,71.14,419.45,0.01,0.0,3.6,67,255,0
2026-08-02 06:57:01,8.1,88.5,297660.0,35.3,36.06,1.43,0.01,0.0,4.3,67,255,0
2026-08-02 06:57:07,8.7,70.1,776362.67,35.2,35.37,1367.15,0.0,0.0,4.48,67,255,0
2026-08-02 06:57:13,23.7,69.8,783425.33,35.3,53.0,204.37,0.01,0.01,3.38,67,256,0
2026-08-02 06:57:19,14.6,70.6,763485.33,35.1,62.3,5.94,0.04,0.05,16.56,66,257,0
2026-08-02 06:57:25,8.0,70.8,756158.67,35.1,8.06,5.16,0.08,1.36,3.32,66,257,0
2026-08-02 06:57:31,11.1,70.5,763953.33,35.1,8.19,1.6,0.02,0.41,4.17,66,254,0
2026-08-02 06:57:37,9.1,70.9,755649.33,35.1,22.49,3.61,0.02,0.49,4.1,66,254,0
2026-08-02 06:57:43,0.7,70.3,770752.0,35.1,1.6,31.34,0.03,0.39,4.09,66,254,0
2026-08-02 06:57:49,0.9,70.2,772805.33,35.1,0.95,1.3,0.01,0.19,3.32,66,254,0
2026-08-02 06:57:55,8.6,70.8,756453.33,35.1,43.52,38.18,0.02,0.11,3.98,66,255,0
2026-08-02 06:58:01,10.9,72.0,727065.33,35.1,32.79,34.9,0.0,0.0,6.93,66,261,0
2026-08-02 06:58:07,12.2,73.2,693794.67,35.2,10.43,4.04,0.01,0.0,6.98,66,255,0
2026-08-02 06:58:13,2.6,70.4,767546.67,34.3,116.33,108.32,0.01,0.01,5.03,66,257,0
2026-08-02 06:58:20,0.4,70.3,770405.33,34.3,0.64,1.22,0.0,0.0,4.8,66,257,0
2026-08-02 06:58:26,5.7,71.6,736881.33,34.3,156.8,1.14,0.01,0.0,3.7,66,257,0
2026-08-02 06:58:32,7.3,73.2,696070.67,34.3,222.21,5.67,0.0,0.0,3.94,65,257,0
2026-08-02 06:58:38,25.1,75.5,636144.0,34.3,245.55,0.87,0.01,0.0,32.99,65,257,0
2026-08-02 06:58:44,12.5,75.3,640641.33,34.3,161.22,0.89,0.01,0.0,3.73,65,257,0
2026-08-02 06:58:50,7.5,75.1,646797.33,34.3,249.71,1.04,0.0,0.0,3.45,65,257,0
2026-08-02 06:58:56,7.0,76.2,618052.0,34.3,217.75,2.46,0.01,0.01,3.89,65,257,0
2026-08-02 06:59:02,6.1,79.0,545817.33,34.3,373.84,0.64,0.0,0.0,4.07,65,257,0
2026-08-02 06:59:08,5.7,78.7,551866.67,34.3,158.52,0.94,0.01,0.0,3.76,65,257,0
2026-08-02 06:59:14,5.1,78.6,556004.0,34.3,156.41,5.6,0.0,0.0,7.68,65,257,0
2026-08-02 06:59:20,12.1,78.6,555618.67,34.3,156.29,0.44,0.01,0.0,4.24,65,257,0
2026-08-02 06:59:26,7.9,78.2,565152.0,34.3,137.52,0.76,0.02,0.01,4.05,65,257,0
2026-08-02 06:59:32,6.5,78.7,553654.67,34.3,194.28,1.93,0.0,0.0,32.33,65,257,0
2026-08-02 06:59:38,0.0,75.4,637189.33,34.3,88.52,4.15,0.01,0.0,4.12,65,255,0
2026-08-02 06:59:44,0.4,75.2,643765.33,34.3,1.36,1.08,0.01,0.01,3.86,65,254,0
2026-08-02 06:59:50,1.9,75.3,641148.0,34.3,0.14,0.52,0.01,0.0,41.44,65,254,0
2026-08-02 06:59:56,0.0,75.3,640588.0,34.3,0.25,0.56,0.01,0.0,3.89,65,254,0
2026-08-02 07:00:02,5.2,75.5,634088.0,34.3,0.67,1.09,0.0,0.0,132.44,65,255,0
2026-08-02 07:00:08,3.0,75.5,636624.0,34.3,0.28,0.68,0.01,0.0,4.73,64,253,0
2026-08-02 07:00:14,0.1,75.3,639842.67,34.3,0.08,0.36,0.0,0.0,4.15,64,253,0
2026-08-02 07:00:20,0.1,75.3,641678.67,34.3,0.36,1.44,0.01,0.01,4.2,64,253,0
2026-08-02 07:00:26,0.0,75.2,642526.67,34.3,0.12,0.39,0.02,0.0,4.15,64,253,0
2026-08-02 07:00:32,0.8,75.3,640490.67,34.3,0.17,0.65,0.0,0.0,3.81,64,253,0
2026-08-02 07:00:38,5.7,75.4,638605.33,34.3,0.31,0.86,0.01,0.0,3.57,64,253,0
2026-08-02 07:00:44,5.3,75.2,642776.0,34.3,0.28,0.47,0.0,0.0,3.77,64,253,0
2026-08-02 07:00:50,1.2,75.1,646060.0,34.3,0.16,0.56,0.01,0.0,4.02,64,253,0
2026-08-02 07:00:56,0.8,75.0,647209.33,34.3,0.13,0.44,0.0,0.0,4.82,64,253,0
2026-08-02 07:01:02,0.5,75.2,642850.67,34.3,0.2,0.62,0.01,0.0,4.61,64,253,0
2026-08-02 07:01:08,2.2,75.3,640157.33,34.3,0.17,0.7,0.01,0.01,4.03,64,253,0
2026-08-02 07:01:14,1.0,75.2,643202.67,34.3,0.13,0.63,0.0,0.0,4.05,64,253,0
2026-08-02 07:01:20,4.4,75.6,633712.0,34.3,24.61,0.63,0.01,0.0,6.64,64,253,0
2026-08-02 07:01:26,0.0,75.6,632621.33,34.3,0.67,1.45,0.0,0.0,6.01,64,252,0
2026-08-02 07:01:32,0.0,75.6,632385.33,34.3,1.23,2.57,0.01,0.08,4.67,64,252,0
2026-08-02 07:01:38,3.1,75.7,630372.0,34.3,6.73,7.84,0.0,0.01,13.98,64,252,0
2026-08-02 07:01:44,0.6,75.6,631622.67,34.3,0.74,0.62,0.01,0.0,4.31,64,252,0
2026-08-02 07:01:50,0.3,75.6,633568.0,34.3,0.2,0.45,0.01,0.0,4.34,64,252,0
2026-08-02 07:01:56,1.5,75.4,637360.0,34.3,0.11,0.55,0.0,0.0,4.43,64,258,0
2026-08-02 07:02:03,7.9,75.4,638640.0,34.3,8.88,14.56,0.01,0.0,6.43,64,252,0
2026-08-02 07:02:09,0.4,75.4,638858.67,34.3,0.09,0.54,0.0,0.0,4.47,64,252,0
2026-08-02 07:02:15,1.3,75.1,644854.67,34.3,0.25,1.21,0.01,0.0,9.01,64,252,0
2026-08-02 07:02:21,0.1,75.1,644633.33,34.3,5.64,1.41,0.02,0.02,3.82,63,253,0
2026-08-02 07:02:27,0.5,75.1,645904.0,34.3,0.12,0.4,0.02,0.0,3.99,63,253,0
2026-08-02 07:02:33,2.2,74.9,650554.67,34.3,0.57,1.58,0.01,0.0,4.42,63,253,0
2026-08-02 07:02:39,5.1,75.0,648866.67,34.3,15.29,0.67,0.0,0.0,4.75,63,253,0
2026-08-02 07:02:45,4.3,74.8,653114.67,34.3,1.08,0.97,0.01,0.0,4.59,63,253,0
2026-08-02 07:02:51,0.6,74.7,654945.33,34.3,0.05,0.33,0.01,0.01,3.21,63,253,0
2026-08-02 07:02:57,0.5,74.6,657442.67,34.3,0.08,0.37,0.0,0.0,4.22,63,253,0
2026-08-02 07:03:03,0.0,74.6,659434.67,34.3,0.45,1.05,0.01,0.0,4.43,63,252,0
2026-08-02 07:03:09,0.8,74.4,663450.67,34.3,3.46,4.02,0.01,0.02,3.62,63,252,0
2026-08-02 07:03:15,0.1,74.3,665588.0,34.3,0.36,0.46,0.01,0.01,6.45,63,252,0
2026-08-02 07:03:21,5.0,74.2,667969.33,34.3,1.58,0.84,0.0,0.0,4.05,63,251,0
2026-08-02 07:03:27,6.4,74.0,672986.67,34.3,0.88,1.0,0.03,0.04,3.78,63,251,0
2026-08-02 07:03:33,0.5,74.2,670376.0,34.3,0.49,1.12,0.01,0.01,4.31,63,251,0
2026-08-02 07:03:39,0.4,74.1,672518.67,34.3,2.83,0.76,0.01,0.01,4.44,63,251,0
2026-08-02 07:03:45,0.9,74.1,672038.67,34.3,8.51,0.48,0.05,0.02,6.7,63,251,0
2026-08-02 07:03:51,6.5,74.1,672780.0,34.3,21.42,6.93,4.05,0.07,3.83,63,251,0
2026-08-02 07:03:57,2.4,74.2,668962.67,34.3,11.98,9.7,0.01,0.0,3.74,63,256,0
2026-08-02 07:04:03,5.2,73.8,679072.0,34.3,1.17,3.19,0.0,0.0,3.35,63,251,0
2026-08-02 07:04:09,1.8,73.4,689492.0,34.3,0.57,0.73,0.01,0.01,10.17,63,251,0
2026-08-02 07:04:15,1.9,73.6,685856.0,34.3,15.06,0.94,0.01,0.01,6.49,62,251,0
2026-08-02 07:04:21,5.7,73.8,678524.0,34.3,1.94,0.87,4.12,0.09,4.28,62,250,0
2026-08-02 07:04:27,5.2,73.3,691409.33,34.3,0.94,2.21,0.01,0.02,4.24,62,250,0
2026-08-02 07:04:33,5.2,73.2,694782.67,34.3,0.23,1.12,0.0,0.0,3.64,62,250,0
2026-08-02 07:04:39,24.5,74.5,662466.67,34.3,33.5,10.5,0.01,0.0,4.31,62,257,0
2026-08-02 07:04:45,4.2,75.5,636340.0,34.3,130.29,45.51,0.05,0.11,65.86,62,258,0
2026-08-02 07:04:51,26.1,75.5,636512.0,34.3,9.98,1.46,0.0,0.0,3.69,62,258,0
2026-08-02 07:04:57,0.3,75.2,641948.0,34.3,2.97,1.67,0.01,0.0,4.58,62,257,0
2026-08-02 07:05:03,6.7,75.9,625882.67,34.3,21.35,1.7,0.01,0.0,39.74,62,256,0
2026-08-02 07:05:09,0.3,75.6,631961.33,34.3,7.41,2.46,0.01,0.01,4.4,62,255,0
2026-08-02 07:05:15,0.0,75.2,642094.67,34.3,1.69,2.21,0.01,0.01,10.9,62,254,0
2026-08-02 07:05:21,14.1,75.3,640637.33,34.3,2.93,0.5,0.01,0.0,3.9,62,254,0
2026-08-02 07:05:27,5.4,75.3,639902.67,34.3,0.8,1.02,0.02,0.01,4.68,62,254,0
2026-08-02 07:05:33,5.8,75.2,642000.0,34.3,0.2,0.52,0.0,0.0,4.07,62,254,0
2026-08-02 07:05:39,7.2,75.3,640400.0,34.3,0.65,0.32,0.01,0.0,3.82,62,254,0
2026-08-02 07:05:45,1.0,75.1,645796.0,34.3,11.0,20.33,0.03,0.01,3.98,62,254,0
2026-08-02 07:05:51,3.4,75.0,649080.0,34.3,0.27,0.62,0.01,0.0,4.49,62,254,0
2026-08-02 07:05:57,0.4,75.0,648833.33,34.3,0.2,0.45,0.01,0.0,4.29,62,258,0
2026-08-02 07:06:03,7.7,75.1,646201.33,34.3,6.59,12.91,0.01,0.0,3.82,61,254,0
2026-08-02 07:06:10,0.3,74.9,650132.0,34.3,0.46,1.0,0.01,0.01,3.87,61,254,0
2026-08-02 07:06:16,2.6,74.9,651134.67,34.3,0.79,1.09,0.0,0.0,4.05,61,254,0
2026-08-02 07:06:22,0.4,74.7,655309.33,34.3,0.5,0.41,0.01,0.0,4.2,61,254,0
2026-08-02 07:06:28,2.1,74.9,650934.67,34.3,0.52,1.55,0.0,0.0,3.81,61,254,0
2026-08-02 07:06:34,3.2,75.0,648953.33,34.3,3.69,0.78,0.02,0.1,4.21,61,254,0
2026-08-02 07:06:40,38.9,76.9,598914.67,34.3,30.03,6.65,0.02,0.1,4.88,61,262,0
2026-08-02 07:06:46,14.9,79.8,523373.33,34.3,28.84,5.26,0.04,0.21,23.61,61,256,0
2026-08-02 07:06:52,0.8,79.7,527421.33,34.3,1.54,3.34,0.01,0.0,4.17,61,256,0
2026-08-02 07:06:58,0.9,78.8,548770.67,34.3,0.94,1.62,0.0,0.0,4.61,61,256,0
2026-08-02 07:07:04,1.6,78.2,565414.67,34.3,2.89,1.74,0.01,0.0,3.97,61,256,0
2026-08-02 07:07:10,1.2,78.1,567690.67,34.3,0.49,1.1,0.01,0.0,4.47,61,256,0
2026-08-02 07:07:16,1.2,77.8,575174.67,34.3,0.66,1.54,0.0,0.0,5.99,61,254,0
2026-08-02 07:07:22,10.8,76.4,611868.0,34.3,0.47,1.71,0.01,0.0,4.07,61,254,0
2026-08-02 07:07:28,1.6,76.2,617132.0,34.3,0.47,0.77,0.01,0.01,6.74,61,254,0
2026-08-02 07:07:34,1.8,76.2,617332.0,34.3,0.2,0.49,0.01,0.0,3.58,61,254,0
2026-08-02 07:07:40,3.3,76.2,617057.33,34.3,0.53,0.92,0.0,0.0,4.37,61,254,0
2026-08-02 07:07:46,5.6,76.8,600737.33,34.3,52.31,1.76,0.01,0.0,3.7,61,253,0
2026-08-02 07:07:52,3.1,76.4,611976.0,34.3,0.39,1.83,0.01,0.01,4.23,60,253,0
2026-08-02 07:07:58,4.1,76.7,605493.33,34.3,0.25,0.54,0.0,0.0,4.41,60,259,0
2026-08-02 07:08:04,4.1,77.1,595169.33,34.3,6.51,1.39,0.01,0.1,4.57,60,253,0
2026-08-02 07:08:10,0.1,77.0,596860.0,34.3,0.11,0.27,0.0,0.0,3.88,60,253,0
2026-08-02 07:08:16,0.1,76.8,600977.33,34.3,2.73,1.54,0.01,0.0,79.27,60,252,0
2026-08-02 07:08:22,0.4,76.8,602865.33,34.3,0.05,0.32,0.01,0.0,4.04,60,252,0
2026-08-02 07:08:28,1.3,76.8,601360.0,34.3,0.25,0.86,0.02,0.0,4.1,60,252,0
2026-08-02 07:08:34,0.4,76.3,613573.33,34.3,0.36,2.0,0.01,0.0,4.42,60,252,0
2026-08-02 07:08:40,11.9,76.5,609980.0,34.3,2.03,4.12,0.0,0.0,24.9,60,252,0
2026-08-02 07:08:46,1.0,75.3,640096.0,34.3,0.48,2.72,0.01,0.0,4.33,60,252,0
2026-08-02 07:08:52,2.6,75.4,639245.33,34.3,0.25,0.42,0.0,0.0,4.43,60,252,0
2026-08-02 07:08:58,0.3,75.2,642085.33,34.3,0.06,0.39,0.01,0.01,4.2,60,252,0
2026-08-02 07:09:04,0.4,75.5,636662.67,34.3,0.19,0.47,0.01,0.0,4.2,60,252,0
2026-08-02 07:09:10,0.9,75.6,633870.67,34.3,0.48,0.6,0.0,0.0,5.71,60,252,0
2026-08-02 07:09:16,2.4,75.1,644808.0,34.3,0.17,2.56,0.01,0.0,3.59,60,258,0
2026-08-02 07:09:22,5.2,75.1,644514.67,34.3,0.09,0.69,0.0,0.0,4.1,60,252,0
2026-08-02 07:09:28,3.5,74.9,649744.0,34.3,2.11,5.92,0.01,0.0,4.05,59,252,0
2026-08-02 07:09:34,0.0,75.2,642473.33,34.3,0.11,0.48,0.0,0.0,4.19,59,252,0
2026-08-02 07:09:40,1.7,75.3,640609.33,34.3,0.39,0.41,0.01,0.0,8.38,59,252,0
2026-08-02 07:09:46,0.0,75.2,642985.33,34.3,0.33,1.15,0.02,0.02,5.98,59,253,0
2026-08-02 07:09:52,2.6,75.2,644097.33,34.3,0.25,0.45,0.0,0.0,37.87,59,253,0
2026-08-02 07:09:58,5.4,75.3,639372.0,34.3,0.54,1.18,0.01,0.0,3.96,59,252,0
2026-08-02 07:10:04,0.5,75.4,637772.0,34.3,0.09,0.46,0.0,0.0,4.57,59,252,0
2026-08-02 07:10:10,0.4,75.3,640488.0,34.3,0.17,0.93,0.01,0.0,5.15,59,252,0
2026-08-02 07:10:17,2.3,75.1,646260.0,34.3,0.25,0.99,0.01,0.0,4.09,59,252,0
2026-08-02 07:10:23,0.5,75.1,645641.33,34.3,0.12,0.28,0.0,0.01,4.66,59,252,0
2026-08-02 07:10:29,0.4,75.1,645724.0,34.3,0.11,0.55,0.02,0.0,3.81,59,251,0
2026-08-02 07:10:35,2.3,75.2,643236.0,34.3,0.14,0.36,0.0,0.0,4.09,59,257,0
2026-08-02 07:10:41,8.6,75.2,644284.0,34.3,0.28,0.32,0.01,0.0,4.31,59,251,0
2026-08-02 07:10:47,8.4,75.7,630916.0,34.3,28.67,1.23,0.0,0.0,3.84,59,254,0
2026-08-02 07:10:53,2.3,76.1,619586.67,34.3,24.81,17.02,0.02,0.04,3.96,59,256,0
2026-08-02 07:10:59,1.8,76.2,618498.67,34.3,0.9,1.94,0.01,0.0,4.92,59,255,0
2026-08-02 07:11:05,16.2,76.7,603746.67,34.3,0.56,1.33,0.01,0.01,48.19,59,255,0
2026-08-02 07:11:11,0.5,75.1,645670.67,34.3,0.19,0.64,0.01,0.0,4.06,59,255,0
2026-08-02 07:11:17,5.2,75.1,644508.0,34.3,0.03,0.2,0.0,0.0,56.55,59,255,0
2026-08-02 07:11:23,0.4,75.1,646101.33,34.3,0.97,2.88,0.01,0.0,5.84,59,254,0
2026-08-02 07:11:29,0.9,75.2,642322.67,34.3,0.25,0.52,0.03,0.1,4.26,59,253,0
2026-08-02 07:11:35,1.3,75.2,642680.0,34.3,0.27,0.76,0.0,0.0,4.85,58,253,0
2026-08-02 07:11:41,5.1,74.9,650828.0,34.3,1.52,3.4,0.01,0.0,3.53,58,254,0
2026-08-02 07:11:47,0.4,72.6,709953.33,34.3,0.77,7.32,0.01,0.01,4.24,58,254,0
2026-08-02 07:11:53,1.6,72.7,708576.0,34.3,1.2,1.17,0.01,0.0,4.03,58,256,0
2026-08-02 07:11:59,5.3,72.5,713570.67,34.3,0.25,0.98,0.0,0.0,4.34,58,252,0
2026-08-02 07:12:05,1.1,72.3,718718.67,34.3,0.33,0.44,0.02,0.01,5.42,58,251,0
2026-08-02 07:12:11,0.5,72.2,721216.0,34.3,0.19,1.09,0.01,0.0,3.97,58,251,0
2026-08-02 07:12:17,0.0,72.2,720408.0,34.3,0.16,0.38,0.0,0.0,3.42,58,251,0
2026-08-02 07:12:23,0.1,72.3,719417.33,34.3,3.66,0.46,0.01,0.0,4.87,58,251,0
2026-08-02 07:12:29,1.0,72.0,724934.67,34.3,0.16,0.83,0.01,0.0,4.26,58,251,0
2026-08-02 07:12:35,4.8,72.3,719301.33,34.3,0.12,0.37,0.03,0.0,8.19,58,251,0
2026-08-02 07:12:41,2.5,72.1,722482.67,34.3,0.2,0.35,0.0,0.0,4.13,58,250,0
2026-08-02 07:12:47,2.6,72.1,723398.67,34.3,0.09,0.54,0.01,0.0,3.52,58,250,0
2026-08-02 07:12:53,1.7,72.1,722897.33,34.3,0.03,0.3,0.01,0.0,5.18,58,250,0
2026-08-02 07:12:59,0.6,72.2,722136.0,34.3,0.24,0.9,0.0,0.01,4.41,58,250,0
2026-08-02 07:13:05,0.3,72.2,721048.0,34.3,0.28,0.82,0.01,0.0,9.6,58,250,0
2026-08-02 07:13:11,0.4,72.2,720778.67,34.3,0.32,0.32,0.0,0.0,8.04,58,251,0
2026-08-02 07:13:17,4.6,72.2,721826.67,34.3,0.09,0.62,0.01,0.0,4.68,58,250,0
2026-08-02 07:13:23,0.5,72.3,717185.33,34.3,0.17,0.62,0.01,0.0,3.67,58,250,0
2026-08-02 07:13:29,1.0,72.5,713393.33,34.3,0.11,0.5,0.0,0.0,3.55,57,250,0
2026-08-02 07:13:35,0.1,72.4,716646.67,34.3,0.12,0.75,0.01,0.0,4.18,57,250,0
2026-08-02 07:13:41,0.4,72.3,717796.0,34.3,0.13,0.3,0.0,0.0,4.7,57,250,0
2026-08-02 07:13:47,0.1,72.4,715421.33,34.3,1.55,3.88,0.01,0.0,4.13,57,250,0
2026-08-02 07:13:53,5.4,72.4,716352.0,34.3,0.11,0.55,0.01,0.0,3.76,57,250,0
2026-08-02 07:13:59,5.0,72.4,716986.67,34.3,0.14,0.47,0.0,0.01,3.67,57,250,0
2026-08-02 07:14:05,0.7,72.2,720397.33,34.3,0.11,0.79,0.01,0.0,5.55,57,250,0
2026-08-02 07:14:11,0.5,72.2,721681.33,34.3,0.06,0.32,0.0,0.0,3.36,57,250,0
2026-08-02 07:14:17,0.0,72.2,720084.0,34.3,0.17,0.44,0.01,0.0,3.77,57,250,0
2026-08-02 07:14:23,0.5,72.2,720418.67,34.3,0.11,0.5,0.0,0.0,4.55,57,250,0
2026-08-02 07:14:29,0.9,72.2,719810.67,34.3,0.22,1.12,0.02,0.0,3.94,57,250,0
2026-08-02 07:14:36,5.6,72.4,715774.67,34.3,0.09,0.26,0.01,0.0,6.56,57,250,0
2026-08-02 07:14:42,1.4,72.1,722473.33,34.3,0.6,0.82,0.0,0.0,4.35,57,250,0
2026-08-02 07:14:48,2.2,72.3,717664.0,34.3,0.19,0.66,0.01,0.0,4.43,57,250,0
2026-08-02 07:14:54,16.1,72.4,716844.0,34.3,6.98,9.27,0.0,0.0,5.6,57,250,0
2026-08-02 07:15:00,0.1,72.4,716370.67,34.3,10.82,24.27,0.01,0.0,4.09,57,249,0
2026-08-02 07:15:06,1.4,72.3,718854.67,34.3,0.06,0.5,0.01,0.01,4.26,57,249,0
2026-08-02 07:15:12,3.2,72.4,715661.33,34.3,0.75,2.85,0.0,0.0,4.36,57,255,0
2026-08-02 07:15:18,4.9,72.2,721118.67,34.3,0.02,0.32,0.01,0.0,4.61,57,249,0
2026-08-02 07:15:24,4.1,72.3,719201.33,34.3,0.12,0.44,0.0,0.0,3.76,57,251,0
2026-08-02 07:15:30,1.6,72.5,713638.67,34.3,0.24,1.06,0.02,0.01,4.22,57,251,0
2026-08-02 07:15:36,0.4,72.4,714898.67,34.3,0.16,0.49,0.0,0.0,3.23,57,251,0
2026-08-02 07:15:42,0.3,72.4,716992.0,34.3,0.19,0.47,0.01,0.0,4.0,57,251,0
2026-08-02 07:15:48,0.3,72.5,711970.67,34.3,0.16,0.68,0.01,0.0,23.27,57,251,0
2026-08-02 07:15:54,4.8,72.7,706904.0,34.3,1.46,0.41,0.0,0.0,67.08,57,251,0
2026-08-02 07:16:00,0.0,72.4,716217.33,34.3,0.89,2.69,0.01,0.0,3.66,57,250,0
2026-08-02 07:16:06,1.7,72.4,715984.0,34.3,1.3,0.57,0.01,0.02,4.3,57,249,0
2026-08-02 07:16:12,0.4,72.3,718780.0,34.3,0.14,0.54,0.01,0.01,4.73,56,249,0
2026-08-02 07:16:18,0.5,72.4,715148.0,34.3,0.22,0.8,0.01,0.0,3.95,56,250,0
2026-08-02 07:16:24,1.8,72.4,716302.67,34.3,0.02,0.28,0.0,0.0,3.88,56,249,0
2026-08-02 07:16:30,3.0,72.4,715721.33,34.3,0.11,0.58,0.01,0.08,4.53,56,255,0
2026-08-02 07:16:36,5.3,72.1,723438.67,34.3,1.89,0.88,0.01,0.01,3.85,56,249,0
2026-08-02 07:16:42,1.4,75.3,640885.33,34.3,29.43,0.71,0.01,0.0,4.18,56,249,0
2026-08-02 07:16:48,0.5,74.3,666780.0,34.3,3.86,4.36,0.0,0.0,3.3,56,249,0
2026-08-02 07:16:54,0.3,74.4,664468.0,34.3,2.04,0.85,0.01,0.0,6.65,56,249,0
2026-08-02 07:17:00,0.1,74.3,666042.67,34.3,2.21,0.51,0.01,0.0,4.7,56,249,0
2026-08-02 07:17:06,0.6,74.4,663748.0,34.3,1.06,0.93,0.0,0.0,4.59,56,249,0
2026-08-02 07:17:12,5.4,75.0,648706.67,34.3,8.97,0.35,0.01,0.01,5.82,56,249,0
2026-08-02 07:17:18,2.0,74.9,650114.67,34.3,0.88,0.32,0.0,0.0,5.02,56,249,0
2026-08-02 07:17:24,0.3,74.8,653880.0,34.3,0.49,0.7,0.01,0.0,4.18,56,249,0
2026-08-02 07:17:30,0.0,74.9,650056.0,34.3,0.72,0.31,0.02,0.0,12.36,56,249,0
2026-08-02 07:17:36,0.1,74.9,651982.67,34.3,0.79,0.73,0.0,0.0,4.25,56,249,0
2026-08-02 07:17:42,0.3,74.9,651117.33,34.3,1.34,0.74,0.01,0.0,42.55,56,249,0
2026-08-02 07:17:48,1.6,74.9,651861.33,34.3,0.92,0.16,0.0,0.0,4.0,56,249,0
2026-08-02 07:17:54,5.7,74.9,650482.67,34.3,0.46,0.43,0.01,0.0,4.47,56,249,0
2026-08-02 07:18:00,0.3,74.9,649694.67,34.3,0.6,0.41,0.0,0.0,4.6,56,249,0
2026-08-02 07:18:06,1.0,75.3,640566.67,34.3,7.11,0.86,0.01,0.0,4.25,56,249,0
2026-08-02 07:18:12,0.3,75.3,640816.0,34.3,0.53,0.7,0.01,0.0,3.94,56,249,0
2026-08-02 07:18:18,0.8,75.1,645945.33,34.3,0.47,0.74,0.0,0.0,3.73,56,249,0
2026-08-02 07:18:25,1.2,75.2,642365.33,34.3,0.6,0.62,0.01,0.01,4.28,55,249,0
2026-08-02 07:18:31,3.9,75.4,638762.67,34.3,0.48,0.69,0.0,0.0,3.49,55,255,0
2026-08-02 07:18:37,4.8,75.3,641394.67,34.3,0.47,0.55,0.01,0.0,4.59,55,249,0
2026-08-02 07:18:43,1.8,75.2,642734.67,34.3,0.82,0.61,0.0,0.0,4.24,55,249,0
2026-08-02 07:18:49,0.0,73.7,680780.0,34.3,0.42,4.51,0.01,0.0,4.12,55,249,0
2026-08-02 07:18:55,0.0,73.9,677113.33,34.3,0.33,0.32,0.01,0.0,3.46,55,249,0
2026-08-02 07:19:01,0.4,73.9,675836.0,34.3,0.35,0.52,0.0,0.0,4.14,55,249,0
2026-08-02 07:19:07,0.4,74.0,674830.67,34.3,0.21,0.49,0.01,0.0,4.81,55,249,0
2026-08-02 07:19:13,6.5,75.0,649476.0,34.3,12.84,14.94,0.02,0.02,3.78,55,253,0
2026-08-02 07:19:19,6.0,75.0,648332.0,34.3,0.98,2.34,0.01,0.0,4.0,55,253,0
2026-08-02 07:19:25,4.2,74.8,652274.67,34.3,1.08,0.68,0.01,0.02,4.52,55,252,0
2026-08-02 07:19:31,0.1,74.7,655782.67,34.3,0.46,0.53,0.01,0.0,3.88,55,252,0
2026-08-02 07:19:37,0.0,74.9,651649.33,34.3,0.22,0.48,0.01,0.01,4.2,55,252,0
2026-08-02 07:19:43,1.2,74.9,650634.67,34.3,1.51,3.25,0.0,0.0,4.22,55,251,0
2026-08-02 07:19:49,3.5,74.4,664874.67,34.3,0.23,0.75,0.01,0.0,5.19,55,251,0
2026-08-02 07:19:55,6.6,74.3,666010.67,34.3,0.21,0.33,0.0,0.0,3.62,55,250,0
2026-08-02 07:20:01,1.7,74.3,666548.0,34.3,0.4,0.65,0.01,0.0,7.3,55,250,0
2026-08-02 07:20:07,0.3,74.5,662172.0,34.3,0.45,0.65,0.01,0.0,4.24,55,250,0
2026-08-02 07:20:13,4.3,74.3,665778.67,34.3,1.58,1.07,0.01,0.02,4.26,55,250,0
2026-08-02 07:20:19,0.9,75.2,642642.67,34.3,289.61,1.05,0.02,0.02,4.26,55,251,0
2026-08-02 07:20:25,0.8,75.2,643648.0,34.3,0.06,0.26,0.02,0.0,4.31,55,251,0
2026-08-02 07:20:31,1.5,75.2,642814.67,34.3,0.34,0.96,0.01,0.0,6.86,54,257,0
2026-08-02 07:20:37,5.5,75.3,641304.0,34.3,0.06,0.31,0.0,0.0,3.63,54,251,0
2026-08-02 07:20:43,0.1,75.1,645717.33,34.3,0.39,0.5,0.01,0.0,4.74,54,251,0
2026-08-02 07:20:49,0.3,74.5,661398.67,34.3,0.25,1.12,0.01,0.0,4.17,54,250,0
2026-08-02 07:20:55,0.3,74.5,661770.67,34.3,0.17,0.61,0.0,0.0,4.85,54,250,0
2026-08-02 07:21:01,1.0,74.6,658153.33,34.3,0.43,0.37,0.01,0.01,3.83,54,250,0
2026-08-02 07:21:07,1.1,74.6,658990.67,34.3,0.29,0.66,0.01,0.01,4.69,54,250,0
2026-08-02 07:21:13,6.1,74.7,656446.67,34.3,0.35,0.89,0.01,0.0,68.0,54,250,0
2026-08-02 07:21:19,2.7,74.7,654830.67,34.3,0.16,0.46,0.01,0.0,4.72,54,250,0
2026-08-02 07:21:25,3.0,74.5,662320.0,34.3,0.25,0.93,0.0,0.0,4.77,54,250,0
2026-08-02 07:21:31,0.4,74.7,656946.67,34.3,0.18,0.34,0.01,0.07,4.24,54,250,0
2026-08-02 07:21:37,3.0,74.7,657249.33,34.3,0.97,0.59,0.0,0.0,7.11,54,250,0
2026-08-02 07:21:43,0.4,74.6,659849.33,34.3,0.86,0.47,0.01,0.0,4.04,54,250,0
2026-08-02 07:21:49,0.6,74.6,658538.67,34.3,1.14,2.53,0.0,0.0,4.62,54,250,0
2026-08-02 07:21:55,5.8,74.7,655301.33,34.3,0.21,0.36,0.01,0.0,3.42,54,250,0
2026-08-02 07:22:01,0.4,74.6,657576.0,34.3,0.42,0.97,0.01,0.0,22.37,54,250,0
2026-08-02 07:22:07,0.9,74.7,657106.67,34.3,0.26,0.59,0.0,0.0,3.92,54,250,0
2026-08-02 07:22:13,1.7,74.7,656378.67,34.3,0.25,0.79,0.01,0.0,5.69,54,250,0
2026-08-02 07:22:19,0.0,74.7,656418.67,34.3,0.05,0.26,0.0,0.0,4.45,54,250,0
2026-08-02 07:22:25,0.7,74.7,657126.67,34.3,0.25,0.66,0.01,0.01,4.12,54,250,0
2026-08-02 07:22:32,0.3,74.7,654878.67,34.3,0.17,0.42,0.01,0.0,13.58,53,254,0
2026-08-02 07:22:38,6.6,74.5,661184.0,34.3,0.11,0.77,0.0,0.0,4.51,53,250,0
2026-08-02 07:22:44,1.6,74.7,657152.0,34.3,0.23,0.68,0.01,0.0,4.61,53,250,0
2026-08-02 07:22:50,0.0,74.4,662656.0,34.3,0.62,0.31,0.0,0.0,3.77,53,250,0
2026-08-02 07:22:56,0.1,74.7,656410.67,34.3,0.14,0.55,0.01,0.0,4.64,53,250,0
2026-08-02 07:23:02,1.0,74.7,656300.0,34.3,0.27,0.81,0.0,0.0,3.87,53,250,0
2026-08-02 07:23:08,0.4,74.7,657306.67,34.3,0.49,1.11,0.01,0.0,3.75,53,250,0
2026-08-02 07:23:14,6.7,74.8,653896.0,34.3,0.62,1.64,0.0,0.0,3.5,53,251,0
2026-08-02 07:23:20,5.5,74.7,656364.0,34.3,0.58,1.66,0.01,0.0,3.65,53,250,0
2026-08-02 07:23:26,0.6,74.8,654750.67,34.3,0.52,1.47,0.02,0.0,7.56,53,250,0
2026-08-02 07:23:32,0.4,74.9,650789.33,34.3,0.34,0.81,0.0,0.01,4.36,53,250,0
2026-08-02 07:23:38,1.0,74.6,657529.33,34.3,0.04,0.27,0.01,0.0,4.87,53,250,0
2026-08-02 07:23:44,1.2,74.6,658774.67,34.3,0.34,0.35,0.0,0.0,4.64,53,250,0
2026-08-02 07:23:50,1.3,74.4,662692.0,34.3,0.22,1.06,0.01,0.0,3.86,53,250,0
2026-08-02 07:23:56,6.7,74.7,656469.33,34.3,0.0,0.28,0.01,0.0,4.41,53,250,0
2026-08-02 07:24:02,2.0,74.8,654745.33,34.3,0.34,1.02,0.0,0.0,3.58,53,250,0
2026-08-02 07:24:08,0.8,74.8,653813.33,34.3,0.11,0.65,0.01,0.0,4.58,53,250,0
2026-08-02 07:24:14,0.0,74.6,659034.67,34.3,0.14,0.33,0.0,0.0,4.18,53,250,0
2026-08-02 07:24:20,0.0,74.6,658666.67,34.3,0.12,0.61,0.01,0.0,3.99,53,250,0
2026-08-02 07:24:26,1.7,74.6,658342.67,34.3,0.03,0.28,0.0,0.0,3.76,53,250,0
2026-08-02 07:24:32,0.4,74.7,655154.67,34.3,1.59,4.31,0.01,0.0,4.29,53,250,0
2026-08-02 07:24:38,6.0,74.7,656181.33,34.3,0.15,0.66,0.01,0.0,3.69,53,250,0
2026-08-02 07:24:44,0.3,74.6,657788.0,34.3,0.29,0.68,0.0,0.0,4.32,53,250,0
2026-08-02 07:24:50,0.3,74.7,655381.33,34.3,0.08,0.46,0.01,0.01,4.09,53,250,0
2026-08-02 07:24:56,0.8,74.8,653425.33,34.3,0.14,0.46,0.0,0.0,3.69,53,250,0
2026-08-02 07:25:02,0.5,74.8,653321.33,34.3,0.05,0.27,0.01,0.0,4.61,53,250,0
2026-08-02 07:25:08,0.0,74.6,659642.67,34.3,0.41,1.55,0.01,0.0,3.81,52,250,0
2026-08-02 07:25:14,4.4,74.9,652000.0,34.3,0.24,0.51,0.0,0.0,3.67,52,255,0
2026-08-02 07:25:20,5.3,74.8,654265.33,34.3,0.16,0.5,0.01,0.0,3.56,52,249,0
2026-08-02 07:25:26,2.3,74.6,658829.33,34.3,0.18,0.53,0.02,0.0,4.33,52,249,0
2026-08-02 07:25:32,0.1,74.9,650237.33,34.3,5.84,1.03,0.01,0.0,44.05,52,249,0
2026-08-02 07:25:38,0.5,75.0,647613.33,34.3,0.14,0.48,0.01,0.0,73.58,52,249,0
2026-08-02 07:25:44,0.4,75.1,646009.33,34.3,0.57,1.58,0.0,0.0,3.49,52,249,0
2026-08-02 07:25:50,0.8,74.9,651641.33,34.3,0.12,0.41,0.01,0.0,4.46,52,249,0
2026-08-02 07:25:56,5.2,74.9,651542.67,34.3,0.08,0.73,0.0,0.0,4.1,52,249,0
2026-08-02 07:26:02,1.6,75.0,647329.33,34.3,0.16,0.41,0.01,0.0,6.76,52,249,0
2026-08-02 07:26:08,7.2,74.4,664960.0,34.3,0.08,0.64,0.01,0.01,4.11,52,249,0
2026-08-02 07:26:14,0.4,74.7,656344.0,34.3,0.11,0.64,0.01,0.0,3.4,52,249,0
2026-08-02 07:26:20,0.1,74.7,656450.67,34.3,0.03,0.31,0.01,0.01,4.4,52,249,0
2026-08-02 07:26:26,0.6,74.9,651477.33,34.3,0.33,0.81,0.02,0.0,3.43,52,249,0
2026-08-02 07:26:33,0.1,74.8,652608.0,34.3,0.36,0.67,0.02,0.09,5.0,52,249,0
2026-08-02 07:26:39,5.1,74.9,650400.0,34.3,0.11,0.47,0.0,0.0,96.05,52,249,0
2026-08-02 07:26:45,0.4,74.9,650568.0,34.3,0.93,0.75,0.01,0.0,3.36,52,249,0
2026-08-02 07:26:51,0.5,74.9,651334.67,34.3,0.05,0.28,0.0,0.0,4.77,52,249,0
2026-08-02 07:26:57,0.0,74.8,653165.33,34.3,0.08,0.38,0.01,0.0,3.45,52,249,0
2026-08-02 07:27:03,0.5,74.9,652180.0,34.3,0.07,0.6,0.01,0.0,4.96,52,249,0
2026-08-02 07:27:09,1.4,74.9,650174.67,34.3,0.2,0.63,0.0,0.0,4.23,51,249,0
2026-08-02 07:27:15,3.1,74.8,652778.67,34.3,0.08,0.16,0.01,0.0,3.59,51,255,0
2026-08-02 07:27:21,6.0,75.1,646414.67,34.3,5.92,1.05,0.0,0.0,4.95,51,253,0
2026-08-02 07:27:27,0.3,75.0,648154.67,34.3,0.08,0.62,0.01,0.01,62.57,51,253,0
2026-08-02 07:27:33,1.2,75.0,647728.0,34.3,0.53,0.95,0.01,0.0,4.84,51,249,0
2026-08-02 07:27:39,0.8,74.8,652490.67,34.3,0.37,1.2,0.0,0.0,4.93,51,249,0
2026-08-02 07:27:45,0.3,74.9,650849.33,34.3,0.08,0.58,0.01,0.0,4.27,51,249,0
2026-08-02 07:27:51,17.1,75.2,643104.0,34.3,15.75,1.19,0.01,0.14,4.75,51,250,0
2026-08-02 07:27:57,6.2,78.0,570852.0,34.3,3.21,3.53,0.04,0.21,4.07,51,257,0
2026-08-02 07:28:03,6.1,76.9,598381.33,34.3,0.48,0.89,0.0,0.0,4.38,51,251,0
2026-08-02 07:28:09,3.9,76.8,602117.33,34.3,0.39,1.87,0.01,0.0,4.11,51,251,0
2026-08-02 07:28:15,0.1,76.9,600148.0,34.3,0.23,0.49,0.01,0.0,34.8,51,251,0
2026-08-02 07:28:21,0.4,76.9,598601.33,34.3,0.25,0.52,0.0,0.0,3.5,51,251,0
2026-08-02 07:28:27,1.0,76.9,599137.33,34.3,0.28,1.03,0.01,0.0,5.21,51,251,0
2026-08-02 07:28:33,3.2,75.4,639020.0,34.3,0.38,10.67,0.0,0.0,5.04,51,251,0
2026-08-02 07:28:39,6.0,76.0,623461.33,34.3,0.38,0.66,0.01,0.0,3.92,51,251,0
2026-08-02 07:28:45,4.9,75.0,648924.0,34.3,0.2,0.41,0.01,0.0,3.83,51,251,0
2026-08-02 07:28:51,3.8,74.9,651201.33,34.3,0.39,0.5,0.0,0.01,33.38,51,250,0
2026-08-02 07:28:57,0.5,74.9,651204.0,34.3,1.26,3.12,0.01,0.0,96.79,51,250,0
2026-08-02 07:29:03,0.1,75.0,648692.0,34.3,0.12,0.33,0.0,0.0,4.46,51,250,0
2026-08-02 07:29:09,0.3,75.0,648989.33,34.3,0.25,0.77,0.01,0.0,4.23,50,250,0
2026-08-02 07:29:15,1.0,75.0,649313.33,34.3,0.25,0.83,0.0,0.0,4.71,50,250,0
2026-08-02 07:29:21,6.0,74.9,650166.67,34.3,0.25,0.99,0.01,0.0,5.74,50,249,0
2026-08-02 07:29:27,3.6,74.9,649961.33,34.3,0.2,0.48,0.02,0.0,3.67,50,249,0
2026-08-02 07:29:33,0.3,75.0,647501.33,34.3,0.21,0.7,0.0,0.0,3.79,50,249,0
2026-08-02 07:29:40,2.1,75.0,649493.33,34.3,0.81,3.56,0.01,0.0,57.38,50,249,0
2026-08-02 07:29:46,2.7,75.0,647133.33,34.3,0.29,0.77,0.0,0.0,3.69,50,249,0
2026-08-02 07:29:52,3.6,75.1,646262.67,34.3,3.19,0.46,0.01,0.01,4.8,50,249,0
2026-08-02 07:29:58,7.3,75.2,643340.0,34.3,0.68,0.82,0.0,0.0,4.51,50,254,0
2026-08-02 07:30:04,4.6,75.1,645004.0,34.3,0.52,0.71,0.01,0.0,4.04,50,248,0
2026-08-02 07:30:10,0.0,75.0,647904.0,34.3,0.27,0.73,0.01,0.0,3.84,50,248,0
2026-08-02 07:30:16,0.7,75.2,644113.33,34.3,0.2,0.38,0.0,0.0,4.01,50,248,0
2026-08-02 07:30:22,0.1,75.2,644296.0,34.3,0.16,0.64,0.01,0.0,5.24,50,248,0
2026-08-02 07:30:28,3.7,75.3,641836.0,34.3,0.06,0.45,0.02,0.0,3.93,50,248,0
2026-08-02 07:30:34,0.0,75.0,647612.0,34.3,0.35,0.5,0.01,0.0,3.35,50,248,0
2026-08-02 07:30:40,5.7,75.2,642008.0,34.3,0.12,0.73,0.01,0.0,3.68,50,248,0
2026-08-02 07:30:46,5.1,75.3,640521.33,34.3,0.3,0.14,0.0,0.0,4.8,50,248,0
2026-08-02 07:30:52,3.5,75.2,643853.33,34.3,0.55,0.55,0.01,0.0,6.17,50,248,0
2026-08-02 07:30:58,1.3,75.1,645792.0,34.3,0.12,0.48,0.0,0.0,4.24,50,248,0
2026-08-02 07:31:04,1.7,75.0,647460.0,34.3,0.12,0.35,0.01,0.01,3.94,50,248,0
2026-08-02 07:31:10,0.8,75.3,640288.0,34.3,5.01,1.22,0.01,0.0,4.22,50,248,0
2026-08-02 07:31:16,0.3,75.3,639341.33,34.3,0.09,0.23,0.0,0.01,4.08,49,248,0
2026-08-02 07:31:22,5.8,75.3,641166.67,34.3,0.11,0.35,0.01,0.0,4.54,49,248,0
2026-08-02 07:31:28,2.4,75.3,641570.67,34.3,0.22,0.69,0.0,0.0,4.94,49,248,0
2026-08-02 07:31:34,0.8,75.3,639750.67,34.3,0.05,0.59,0.01,0.07,6.48,49,248,0
2026-08-02 07:31:40,11.3,76.0,622318.67,34.3,135.44,204.95,0.0,0.0,4.6,49,248,0
2026-08-02 07:31:46,7.4,77.7,578630.67,34.4,385.11,189.57,0.01,0.0,4.38,49,248,0
2026-08-02 07:31:52,10.5,77.9,574406.67,34.4,80.49,36.59,0.01,0.0,101.47,49,248,0
2026-08-02 07:31:58,23.8,79.1,540928.0,34.4,97.22,11.7,0.01,0.02,3.46,49,251,0
2026-08-02 07:32:04,22.4,76.8,602822.67,34.3,272.5,68.61,0.01,0.0,6.08,49,253,0
2026-08-02 07:32:10,9.8,77.7,578664.0,34.3,17.96,77.87,0.0,0.0,3.77,49,253,0
2026-08-02 07:32:16,18.9,78.4,561249.33,34.3,47.14,25.3,0.01,0.0,3.55,49,253,0
2026-08-02 07:32:22,9.7,79.0,544908.0,34.3,13.4,51.32,0.0,0.0,4.09,49,253,0
2026-08-02 07:32:28,0.7,78.7,551930.67,34.3,4.25,21.54,0.02,0.0,13.88,48,251,0
2026-08-02 07:32:34,6.3,77.9,574072.0,34.3,1.78,17.91,0.01,0.01,4.55,48,252,0
2026-08-02 07:32:40,10.8,77.5,583352.0,34.3,0.03,15.1,0.0,0.0,4.44,48,250,0
2026-08-02 07:32:46,0.3,77.4,585934.67,34.3,0.28,8.54,0.01,0.0,5.07,48,250,0
2026-08-02 07:32:52,3.1,76.7,603849.33,34.3,0.41,11.53,0.0,0.0,5.92,48,250,0
2026-08-02 07:32:58,0.8,76.3,615713.33,34.3,1.75,24.1,0.01,0.0,4.03,48,250,0
2026-08-02 07:33:04,4.4,76.3,615656.0,34.3,0.24,0.99,0.01,0.0,4.53,48,248,0
2026-08-02 07:33:10,0.3,76.3,613910.67,34.3,0.09,0.69,0.0,0.0,91.88,48,248,0
2026-08-02 07:33:17,4.9,76.4,612298.67,34.3,0.11,0.41,0.01,0.0,4.31,48,248,0
2026-08-02 07:33:23,5.2,76.1,618629.33,34.3,0.61,1.87,0.01,0.01,20.0,48,248,0
2026-08-02 07:33:29,0.5,76.0,621128.0,34.3,0.19,0.77,0.01,0.02,4.78,48,248,0
2026-08-02 07:33:35,0.5,76.2,618430.67,34.3,0.64,0.56,0.01,0.01,4.58,48,248,0
2026-08-02 07:33:41,0.5,76.1,619225.33,34.3,0.09,0.55,0.01,0.0,21.7,48,248,0
2026-08-02 07:33:47,1.8,76.3,615389.33,34.3,0.05,0.29,0.01,0.0,3.88,48,248,0
2026-08-02 07:33:53,16.7,75.5,635936.0,34.3,0.52,1.61,0.0,0.0,3.52,48,254,0
2026-08-02 07:33:59,5.3,75.3,640000.0,34.3,0.12,0.49,0.01,0.0,4.15,48,248,0
2026-08-02 07:34:05,1.6,75.3,639712.0,34.3,0.2,0.65,0.0,0.0,46.63,48,248,0
2026-08-02 07:34:11,0.4,75.4,637716.0,34.3,0.21,0.5,0.01,0.0,3.54,47,248,0
2026-08-02 07:34:17,0.9,75.5,636561.33,34.3,0.12,0.56,0.01,0.0,62.01,47,248,0
2026-08-02 07:34:23,0.4,75.5,636206.67,34.3,0.05,0.27,0.0,0.0,4.44,47,248,0
2026-08-02 07:34:29,34.2,76.3,614304.0,34.3,72.85,4.29,0.01,0.01,3.87,47,252,0
2026-08-02 07:34:35,14.5,76.0,622982.67,34.3,930.42,2.82,0.0,0.0,3.63,47,253,0
2026-08-02 07:34:41,1.5,75.8,628633.33,34.3,130.57,2.25,0.01,0.0,36.4,47,253,0
2026-08-02 07:34:47,0.4,77.5,582908.0,34.3,1.49,2.11,0.0,0.0,4.66,47,253,0
2026-08-02 07:34:53,0.4,77.6,581185.33,34.3,0.27,0.64,0.01,0.0,3.98,47,253,0
2026-08-02 07:34:59,0.9,77.3,588970.67,34.3,1.88,5.37,0.01,0.0,4.45,47,252,0
2026-08-02 07:35:05,0.9,77.3,588712.0,34.3,0.39,0.82,0.0,0.01,25.28,47,252,0
2026-08-02 07:35:11,3.7,77.4,584882.67,34.3,0.02,0.27,0.01,0.01,4.3,47,258,0
2026-08-02 07:35:17,4.3,77.5,583920.0,34.3,0.14,0.36,0.0,0.0,5.59,47,252,0
2026-08-02 07:35:23,0.4,77.3,587557.33,34.3,2.31,5.59,0.01,0.0,4.32,47,252,0
2026-08-02 07:35:29,0.0,77.3,589382.67,34.3,0.25,0.64,0.02,0.0,4.17,47,252,0
2026-08-02 07:35:35,2.3,77.3,588873.33,34.3,0.09,0.49,0.0,0.0,4.09,47,252,0
2026-08-02 07:35:41,0.0,77.1,593888.0,34.3,0.11,0.55,0.01,0.0,3.91,47,251,0
2026-08-02 07:35:47,1.3,77.1,593812.0,34.3,0.44,1.03,0.0,0.0,80.49,47,251,0
2026-08-02 07:35:53,6.0,77.2,591362.67,34.3,0.22,0.7,0.01,0.0,39.54,47,251,0
2026-08-02 07:35:59,6.4,77.0,595294.67,34.3,0.44,0.87,0.0,0.0,3.86,47,251,0
2026-08-02 07:36:05,0.9,77.0,595476.0,34.3,0.56,0.76,0.01,0.01,4.58,47,251,0
2026-08-02 07:36:11,0.4,77.2,590698.67,34.3,0.39,0.98,0.01,0.0,4.0,46,250,0
2026-08-02 07:36:17,1.4,77.2,591056.0,34.3,0.26,0.95,0.01,0.01,5.41,46,250,0
2026-08-02 07:36:23,0.9,76.4,611652.0,34.3,0.25,0.45,0.01,0.0,4.26,46,250,0
2026-08-02 07:36:29,1.8,76.0,623257.33,34.3,0.71,0.87,0.01,0.01,4.68,46,256,0
2026-08-02 07:36:35,5.1,76.0,623252.0,34.3,0.24,0.44,0.02,0.08,4.61,46,250,0
2026-08-02 07:36:42,2.6,76.0,623077.33,34.3,0.09,0.68,0.01,0.0,4.29,46,250,0
2026-08-02 07:36:48,3.8,75.9,624868.0,34.3,0.23,0.8,0.0,0.0,4.13,46,250,0
2026-08-02 07:36:54,3.3,75.3,641826.67,34.3,0.19,0.66,0.01,0.0,7.04,46,250,0
2026-08-02 07:37:00,0.7,75.5,634474.67,34.3,0.12,0.64,0.0,0.0,3.96,46,250,0
2026-08-02 07:37:06,0.5,75.4,636900.0,34.3,0.21,0.77,0.01,0.0,4.21,46,250,0
2026-08-02 07:37:12,4.3,75.4,638350.67,34.3,0.17,0.66,0.0,0.0,3.86,46,256,0
2026-08-02 07:37:18,6.0,75.3,640324.0,34.3,0.66,1.18,0.01,0.0,3.89,46,250,0
2026-08-02 07:37:24,0.8,75.3,639541.33,34.3,0.13,0.3,0.01,0.01,4.2,46,250,0
2026-08-02 07:37:30,0.8,75.4,637477.33,34.3,0.23,0.66,0.01,0.01,4.18,46,250,0
2026-08-02 07:37:36,0.0,75.6,633733.33,34.3,0.12,0.52,0.01,0.0,9.51,46,250,0
2026-08-02 07:37:42,0.5,75.5,634318.67,34.3,0.09,0.39,0.0,0.0,4.02,46,250,0
2026-08-02 07:37:48,4.2,75.5,635940.0,34.3,0.25,1.11,0.01,0.0,5.64,46,250,0
2026-08-02 07:37:54,7.4,75.4,636802.67,34.3,0.08,0.41,0.01,0.0,8.78,46,249,0
2026-08-02 07:38:00,1.7,75.3,640577.33,34.3,0.04,0.31,0.0,0.0,5.14,46,249,0
2026-08-02 07:38:06,0.9,75.4,638160.0,34.3,0.19,0.88,0.01,0.0,3.89,46,249,0
2026-08-02 07:38:12,0.1,75.2,643358.67,34.3,0.21,0.52,0.0,0.0,4.4,45,249,0
2026-08-02 07:38:18,0.9,75.2,642917.33,34.3,0.28,1.21,0.01,0.0,4.32,45,249,0
2026-08-02 07:38:24,0.1,75.2,643434.67,34.3,0.11,0.71,0.0,0.0,7.5,45,249,0
2026-08-02 07:38:30,0.1,75.2,641926.67,34.3,0.15,0.5,0.02,0.01,4.1,45,249,0
2026-08-02 07:38:36,6.2,75.2,642976.0,34.3,0.11,0.66,0.01,0.0,4.21,45,249,0
2026-08-02 07:38:42,0.4,75.6,631484.0,34.3,0.48,1.07,0.0,0.0,3.88,45,249,0
2026-08-02 07:38:48,0.3,74.7,655256.0,34.3,0.19,3.48,0.01,0.0,3.93,45,249,0
2026-08-02 07:38:54,0.1,74.8,653389.33,34.3,0.09,0.54,0.0,0.0,5.93,45,249,0
2026-08-02 07:39:00,1.0,74.9,651288.0,34.3,0.13,0.57,0.01,0.0,3.74,45,249,0
2026-08-02 07:39:06,0.3,74.7,655008.0,34.3,4.67,0.82,0.01,0.0,5.38,45,249,0
2026-08-02 07:39:12,4.9,75.1,646080.0,34.3,2.15,1.18,0.0,0.0,4.04,45,254,0
2026-08-02 07:39:18,5.2,74.6,659246.67,34.3,0.05,0.43,0.01,0.0,3.62,45,249,0
2026-08-02 07:39:24,0.9,74.7,656441.33,34.3,0.48,0.5,0.0,0.0,4.91,45,249,0
2026-08-02 07:39:30,0.3,74.7,657257.33,34.3,0.47,1.68,0.01,0.0,3.4,45,249,0
2026-08-02 07:39:36,0.3,74.6,657813.33,34.3,0.06,0.38,0.0,0.0,4.55,45,249,0
2026-08-02 07:39:42,0.3,74.7,656794.67,34.3,0.27,0.85,0.01,0.01,4.42,45,249,0
2026-08-02 07:39:48,0.0,74.7,657322.67,34.3,0.03,0.21,0.01,0.0,4.13,45,249,0
2026-08-02 07:39:54,5.5,74.7,656046.67,34.3,0.12,0.49,0.0,0.0,7.01,45,249,0
2026-08-02 07:40:00,0.3,74.7,656172.0,34.3,0.39,3.35,0.01,0.0,4.74,45,249,0
2026-08-02 07:40:06,0.5,74.7,655120.0,34.3,0.27,0.66,0.0,0.0,3.47,45,249,0
2026-08-02 07:40:12,1.3,74.8,654744.0,34.3,0.23,0.2,0.01,0.0,4.62,45,249,0
2026-08-02 07:40:18,0.5,74.6,658981.33,34.3,0.19,0.78,0.01,0.0,4.24,44,249,0
2026-08-02 07:40:24,0.5,74.5,661798.67,34.3,0.06,0.59,0.0,0.0,4.95,44,249,0
2026-08-02 07:40:30,3.2,74.7,656782.67,34.3,0.22,0.8,0.02,0.0,4.22,44,255,0
2026-08-02 07:40:36,5.3,74.7,655064.0,34.3,0.09,0.42,0.0,0.0,4.46,44,249,0
2026-08-02 07:40:42,0.4,74.7,656542.67,34.3,0.16,0.5,0.01,0.0,4.28,44,248,0
2026-08-02 07:40:48,0.3,74.7,656648.0,34.3,0.3,1.3,0.0,0.0,3.83,44,248,0
2026-08-02 07:40:54,0.0,74.6,659044.0,34.3,0.0,0.23,0.01,0.01,7.66,44,248,0
2026-08-02 07:41:00,1.3,74.7,657057.33,34.3,0.95,0.51,0.01,0.0,3.89,44,248,0
2026-08-02 07:41:06,0.0,74.7,657146.67,34.3,0.14,0.75,0.0,0.01,3.82,44,248,0
2026-08-02 07:41:12,4.4,73.7,682014.67,34.3,0.12,0.75,0.01,0.0,4.15,44,248,0
2026-08-02 07:41:18,1.2,74.0,674182.67,34.3,0.21,0.39,0.0,0.0,3.38,44,248,0
2026-08-02 07:41:25,0.4,74.1,672548.0,34.3,0.12,0.6,0.01,0.0,8.09,44,248,0
2026-08-02 07:41:31,0.1,74.1,671146.67,34.3,0.46,0.75,0.03,0.09,3.65,44,248,0
2026-08-02 07:41:37,1.7,74.2,670181.33,34.3,0.12,0.96,0.0,0.0,4.61,44,248,0
2026-08-02 07:41:43,3.2,74.2,668710.67,34.3,0.28,0.64,0.01,0.0,6.39,44,249,0
2026-08-02 07:41:49,0.9,74.1,672434.67,34.3,0.08,0.39,0.0,0.0,5.41,44,249,0
2026-08-02 07:41:55,5.1,74.3,665441.33,34.3,0.14,0.67,0.01,0.01,3.92,44,249,0
2026-08-02 07:42:01,4.7,74.5,660576.0,34.3,0.83,0.77,0.01,0.01,3.45,44,252,0
2026-08-02 07:42:07,0.7,74.5,661693.33,34.3,0.25,1.03,0.01,0.0,5.24,44,250,0
2026-08-02 07:42:13,0.3,74.6,659338.67,34.3,0.4,0.77,0.01,0.0,3.35,44,250,0
2026-08-02 07:42:19,0.9,74.7,655773.33,34.3,0.45,0.72,0.01,0.0,4.22,43,251,0
2026-08-02 07:42:25,0.0,74.3,666260.0,34.3,0.43,1.22,0.01,0.0,47.33,43,250,0
2026-08-02 07:42:31,5.3,74.3,665524.0,34.3,0.05,0.54,0.01,0.01,4.45,43,249,0
2026-08-02 07:42:37,4.3,74.5,661632.0,34.3,0.12,0.3,0.01,0.0,57.16,43,249,0
2026-08-02 07:42:43,2.5,74.5,661058.67,34.3,0.39,0.52,0.04,0.01,4.84,43,248,0
2026-08-02 07:42:49,0.3,74.4,664750.67,34.3,0.22,0.3,0.0,0.0,59.8,43,249,0
2026-08-02 07:42:55,1.0,74.5,661028.0,34.3,0.02,0.7,0.01,0.0,4.24,43,248,0
2026-08-02 07:43:01,0.7,74.6,659380.0,34.3,0.02,0.46,0.0,0.01,4.99,43,248,0
2026-08-02 07:43:07,0.0,74.6,659190.67,34.3,0.19,0.78,0.01,0.0,32.87,43,248,0
2026-08-02 07:43:13,5.6,74.6,657960.0,34.3,0.12,0.36,0.0,0.0,5.05,43,248,0
2026-08-02 07:43:19,0.7,74.3,666556.0,34.3,0.19,1.18,0.01,0.0,4.2,43,248,0
2026-08-02 07:43:25,1.3,74.4,663377.33,34.3,0.09,0.44,0.01,0.0,4.02,43,248,0
2026-08-02 07:43:31,0.3,74.4,664124.0,34.3,0.38,1.11,0.0,0.0,4.21,43,248,0
2026-08-02 07:43:37,0.1,74.4,662618.67,34.3,0.04,0.4,0.01,0.0,3.97,43,248,0
2026-08-02 07:43:43,0.4,74.5,661400.0,34.3,0.2,0.81,0.0,0.0,3.49,43,248,0
2026-08-02 07:43:49,5.4,74.5,660648.0,34.3,0.04,0.51,0.01,0.0,9.6,43,248,0
2026-08-02 07:43:55,8.1,74.6,658337.33,34.3,0.03,0.25,0.01,0.0,4.31,43,248,0
2026-08-02 07:44:01,0.9,74.4,663296.0,34.3,0.08,0.3,0.0,0.0,5.42,43,248,0
2026-08-02 07:44:07,0.7,74.2,668065.33,34.3,0.33,1.2,0.01,0.0,4.33,43,248,0
2026-08-02 07:44:13,0.5,74.3,666440.0,34.3,0.17,0.16,0.0,0.01,6.33,43,248,0
2026-08-02 07:44:19,3.0,74.4,662618.67,34.3,0.03,0.49,0.01,0.0,4.09,43,248,0
2026-08-02 07:44:25,0.9,74.3,667454.67,34.3,0.27,0.36,0.02,0.0,4.0,43,248,0
2026-08-02 07:44:31,5.1,74.4,664266.67,34.3,0.46,0.7,0.01,0.0,3.74,42,248,0
2026-08-02 07:44:37,0.5,74.4,663617.33,34.3,0.02,0.6,0.01,0.0,9.57,42,248,0
2026-08-02 07:44:43,0.0,74.4,664164.0,34.3,0.2,0.66,0.0,0.0,3.97,42,248,0
2026-08-02 07:44:49,0.1,74.6,659437.33,34.3,0.03,0.39,0.01,0.0,7.78,42,248,0
2026-08-02 07:44:55,0.7,74.7,657290.67,34.3,0.05,0.46,0.0,0.0,3.87,42,248,0
2026-08-02 07:45:01,0.1,74.6,658874.67,34.3,1.17,4.22,0.01,0.0,5.66,42,248,0
2026-08-02 07:45:07,7.2,74.5,660717.33,34.3,0.16,0.47,0.01,0.0,6.27,42,254,0
2026-08-02 07:45:14,5.6,74.4,662654.67,34.3,0.11,0.69,0.0,0.0,3.67,42,248,0
2026-08-02 07:45:20,0.3,74.4,665033.33,34.3,0.05,0.39,0.01,0.01,4.13,42,248,0
2026-08-02 07:45:26,0.5,74.5,661189.33,34.3,0.36,1.05,0.02,0.0,4.5,42,248,0
2026-08-02 07:45:32,0.8,74.6,659669.33,34.3,0.02,0.39,0.01,0.0,15.37,42,248,0
2026-08-02 07:45:38,0.3,74.4,662654.67,34.3,0.0,0.24,0.0,0.0,4.17,42,248,0
2026-08-02 07:45:44,0.0,74.5,662396.0,34.3,0.03,0.45,0.01,0.0,3.61,42,248,0
2026-08-02 07:45:50,6.1,74.5,662422.67,34.3,10.39,0.54,0.01,0.0,3.85,42,248,0
2026-08-02 07:45:56,2.1,74.5,662501.33,34.3,0.03,0.7,0.0,0.0,39.98,42,248,0
2026-08-02 07:46:02,1.7,74.5,662200.0,34.3,0.61,1.68,0.01,0.0,19.99,42,248,0
2026-08-02 07:46:08,0.0,74.3,665378.67,34.3,0.03,0.5,0.0,0.01,3.79,42,248,0
2026-08-02 07:46:14,0.0,74.5,661678.67,34.3,2.01,0.48,0.01,0.04,3.81,42,248,0
2026-08-02 07:46:20,0.9,74.5,661362.67,34.3,0.17,0.51,0.01,0.03,5.22,42,248,0
2026-08-02 07:46:26,3.6,74.5,661353.33,34.3,0.05,0.5,0.0,0.01,4.03,42,254,0
2026-08-02 07:46:32,6.3,74.4,662848.0,34.3,1.21,0.98,0.02,0.09,4.89,41,248,0
2026-08-02 07:46:38,0.9,74.4,664296.0,34.3,0.07,0.41,0.0,0.0,9.29,41,248,0
2026-08-02 07:46:44,3.7,74.5,661977.33,34.3,0.37,0.48,0.01,0.0,3.32,41,249,0
2026-08-02 07:46:50,1.3,74.5,662108.0,34.3,0.19,0.83,0.01,0.01,4.69,41,249,0
2026-08-02 07:46:56,0.5,74.6,659489.33,34.3,0.11,0.75,0.01,0.0,4.1,41,249,0
2026-08-02 07:47:02,0.8,74.3,666510.67,34.3,0.06,0.48,0.01,0.0,3.79,41,249,0
2026-08-02 07:47:08,5.1,74.5,660136.0,34.3,0.16,0.91,0.0,0.0,4.08,41,248,0
2026-08-02 07:47:14,0.1,74.5,662465.33,34.3,0.17,0.29,0.01,0.0,32.46,41,248,0
2026-08-02 07:47:20,0.1,74.6,658441.33,34.3,0.28,0.53,0.0,0.0,3.87,41,248,0
2026-08-02 07:47:26,0.4,74.4,664256.0,34.3,0.23,1.01,0.02,0.0,4.47,41,248,0
2026-08-02 07:47:32,1.8,74.5,661569.33,34.3,3.08,0.31,0.01,0.02,4.06,41,249,0
2026-08-02 07:47:38,0.3,74.5,661288.0,34.3,0.25,0.78,0.01,0.0,4.3,41,249,0
2026-08-02 07:47:44,0.0,74.5,662117.33,34.3,0.0,0.23,0.01,0.0,3.8,41,249,0
2026-08-02 07:47:50,5.1,74.6,658540.0,34.3,0.1,0.43,0.0,0.0,4.09,41,250,0
2026-08-02 07:47:56,0.6,74.5,661218.67,34.3,0.14,1.01,0.01,0.0,3.54,41,250,0
2026-08-02 07:48:02,0.3,74.4,664753.33,34.3,0.21,0.23,0.0,0.0,9.19,41,250,0
2026-08-02 07:48:08,0.6,74.5,662316.0,34.3,0.08,0.78,0.01,0.0,3.51,41,250,0
2026-08-02 07:48:14,0.3,74.5,660853.33,34.3,0.31,0.61,0.01,0.0,3.86,41,250,0
2026-08-02 07:48:20,0.1,74.5,660108.0,34.3,0.2,0.68,0.0,0.0,4.16,41,250,0
2026-08-02 07:48:26,5.0,74.6,659192.0,34.3,0.05,0.96,0.01,0.0,4.16,41,250,0
2026-08-02 07:48:32,2.8,74.5,662238.67,34.3,0.5,0.61,0.0,0.0,3.33,40,249,0
2026-08-02 07:48:38,1.9,75.1,646141.33,34.3,0.02,0.32,0.01,0.0,3.81,40,249,0
2026-08-02 07:48:44,2.1,74.3,666365.33,34.3,0.48,1.86,0.0,0.01,100.89,40,249,0
2026-08-02 07:48:50,0.9,74.5,661365.33,34.3,0.02,0.32,0.01,0.0,4.39,40,249,0
2026-08-02 07:48:56,1.4,74.6,657786.67,34.3,0.05,0.38,0.01,0.0,23.41,40,249,0
2026-08-02 07:49:03,0.0,74.6,658261.33,34.3,0.16,1.08,0.0,0.0,3.5,40,249,0
2026-08-02 07:49:09,4.9,74.5,660776.0,34.3,0.03,0.44,0.01,0.0,4.87,40,249,0
2026-08-02 07:49:15,2.7,74.5,661104.0,34.3,0.03,0.49,0.0,0.0,4.52,40,249,0
2026-08-02 07:49:21,0.8,74.6,659716.0,34.3,0.09,0.94,0.01,0.0,4.83,40,249,0
2026-08-02 07:49:27,0.1,74.6,659998.67,34.3,0.06,0.23,0.01,0.0,4.52,40,249,0
2026-08-02 07:49:33,1.9,74.5,661469.33,34.3,0.29,0.55,0.0,0.0,4.69,40,249,0
2026-08-02 07:49:39,0.4,74.3,667554.67,34.3,0.03,0.29,0.01,0.0,11.82,40,249,0
2026-08-02 07:49:45,4.4,74.5,661809.33,34.3,0.0,0.23,0.0,0.0,3.46,40,255,0
2026-08-02 07:49:51,5.3,74.5,660158.67,34.3,0.02,0.43,0.01,0.01,4.12,40,249,0
2026-08-02 07:49:57,1.3,74.5,660389.33,34.3,0.13,0.68,0.0,0.0,4.5,40,249,0
2026-08-02 07:50:03,0.0,74.4,663757.33,34.3,0.02,0.45,0.01,0.0,4.38,40,249,0
2026-08-02 07:50:09,0.1,74.4,664757.33,34.3,0.02,0.48,0.01,0.0,4.37,40,249,0
2026-08-02 07:50:15,0.1,74.5,662086.67,34.3,0.0,0.16,0.0,0.0,67.1,40,249,0
2026-08-02 07:50:21,0.1,74.5,660908.0,34.3,0.22,3.63,0.01,0.0,4.19,40,249,0
2026-08-02 07:50:27,4.7,74.4,663294.67,34.3,0.58,0.3,0.02,0.0,5.61,40,249,0
2026-08-02 07:50:33,1.4,74.5,661577.33,34.3,0.12,0.74,0.01,0.0,3.93,39,249,0
2026-08-02 07:50:39,0.4,74.5,661425.33,34.3,0.06,0.3,0.01,0.0,29.54,39,249,0
2026-08-02 07:50:45,0.1,74.6,659148.0,34.3,0.03,0.32,0.0,0.0,4.46,39,249,0
2026-08-02 07:50:51,2.6,74.5,662322.67,34.3,0.0,0.61,0.01,0.01,4.46,39,249,0
2026-08-02 07:50:57,0.0,74.3,665758.67,34.3,0.07,0.49,0.0,0.0,4.2,39,249,0
2026-08-02 07:51:03,3.4,74.5,662362.67,34.3,0.08,0.32,0.01,0.0,4.09,39,255,0
2026-08-02 07:51:09,4.9,74.5,661017.33,34.3,0.16,0.7,0.01,0.01,4.33,39,249,0
2026-08-02 07:51:15,0.4,74.4,663309.33,34.3,0.16,0.58,0.01,0.0,4.83,39,249,0
2026-08-02 07:51:21,0.0,74.6,659312.0,34.3,0.0,0.59,0.01,0.0,4.23,39,249,0
2026-08-02 07:51:27,0.8,74.5,660902.67,34.3,0.03,0.5,0.0,0.0,6.99,39,249,0
2026-08-02 07:51:33,0.0,74.5,661446.67,34.3,0.02,0.3,0.01,0.08,4.44,39,249,0
2026-08-02 07:51:39,0.9,74.6,659964.0,34.3,0.12,0.99,0.0,0.0,4.14,39,249,0
2026-08-02 07:51:45,5.8,74.6,657422.67,34.3,0.11,0.49,0.01,0.0,4.56,39,249,0
2026-08-02 07:51:51,0.1,74.4,663622.67,34.3,0.09,0.31,0.01,0.0,6.62,39,249,0
2026-08-02 07:51:57,0.3,74.4,664132.0,34.3,0.05,0.55,0.0,0.0,4.92,39,249,0
2026-08-02 07:52:03,0.3,74.4,664374.67,34.3,0.5,1.37,0.01,0.0,20.81,39,249,0
2026-08-02 07:52:09,0.5,74.4,662641.33,34.3,0.03,0.46,0.0,0.0,3.6,39,249,0
2026-08-02 07:52:15,0.3,74.5,662076.0,34.3,0.03,0.54,0.01,0.0,3.96,39,249,0
2026-08-02 07:52:21,4.8,74.6,657686.67,34.3,0.0,0.27,0.01,0.01,4.26,39,255,0
2026-08-02 07:52:27,4.9,74.5,661736.0,34.3,0.19,0.87,0.01,0.0,7.56,39,249,0
2026-08-02 07:52:33,0.3,74.5,661488.0,34.3,0.71,0.71,0.01,0.01,15.02,39,249,0
2026-08-02 07:52:39,0.3,74.5,660760.0,34.3,0.14,0.39,0.0,0.0,4.76,39,249,0
2026-08-02 07:52:45,0.9,74.3,666396.0,34.3,0.05,0.46,0.01,0.0,4.2,38,249,0
2026-08-02 07:52:51,2.1,74.7,657024.0,34.3,2.87,0.88,0.01,0.01,4.33,38,249,0
2026-08-02 07:52:57,0.0,74.7,656602.67,34.3,0.2,0.38,0.01,0.0,4.89,38,249,0
2026-08-02 07:53:03,7.0,74.7,655697.33,34.3,0.27,0.83,0.01,0.0,4.18,38,249,0
2026-08-02 07:53:09,0.1,74.6,658724.0,34.3,0.41,1.1,0.0,0.0,4.26,38,249,0
2026-08-02 07:53:16,3.3,74.6,659518.67,34.3,0.05,0.57,0.01,0.0,3.95,38,249,0
2026-08-02 07:53:22,0.7,74.7,655950.67,34.3,0.14,0.7,0.0,0.0,42.93,38,249,0
2026-08-02 07:53:28,5.4,74.6,659621.33,34.3,0.06,0.4,0.02,0.01,4.66,38,249,0
2026-08-02 07:53:34,0.8,74.5,660412.0,34.3,0.05,0.71,0.01,0.0,52.04,38,249,0
2026-08-02 07:53:40,5.4,74.7,655385.33,34.3,0.09,0.3,0.0,0.0,3.71,38,250,0
2026-08-02 07:53:46,4.7,74.8,654590.67,34.3,0.03,0.69,0.01,0.0,52.49,38,249,0
2026-08-02 07:53:52,0.1,74.9,651941.33,34.3,0.02,0.36,0.0,0.0,4.02,38,249,0
2026-08-02 07:53:58,0.9,74.7,656821.33,34.3,0.14,1.05,0.01,0.0,3.62,38,249,0
2026-08-02 07:54:04,0.1,74.7,655946.67,34.3,0.02,0.49,0.01,0.0,3.98,38,249,0
2026-08-02 07:54:10,0.3,74.7,655106.67,34.3,0.03,0.58,0.01,0.0,6.73,38,249,0
2026-08-02 07:54:16,0.0,74.8,653185.33,34.3,0.05,0.34,0.0,0.0,4.04,38,249,0
2026-08-02 07:54:22,7.1,74.8,654449.33,34.3,0.02,0.84,0.01,0.0,4.86,38,249,0
2026-08-02 07:54:28,1.1,74.7,656156.0,34.3,0.85,0.37,0.0,0.0,4.64,38,249,0
2026-08-02 07:54:34,0.9,74.7,655845.33,34.3,0.2,0.31,0.01,0.01,3.86,38,249,0
2026-08-02 07:54:40,0.8,74.8,654328.0,34.3,0.02,0.44,0.0,0.0,12.73,38,249,0
2026-08-02 07:54:46,0.0,74.8,654402.67,34.3,0.48,0.67,0.01,0.02,3.72,37,249,0
2026-08-02 07:54:52,0.5,74.8,653906.67,34.3,0.07,0.56,0.0,0.0,3.42,37,249,0
2026-08-02 07:54:58,3.0,74.8,653245.33,34.3,0.14,0.51,0.01,0.0,3.84,37,255,0
2026-08-02 07:55:04,5.6,74.9,651589.33,34.3,0.29,3.27,0.01,0.0,5.21,37,249,0
2026-08-02 07:55:10,3.5,74.7,656305.33,34.3,0.25,0.71,0.0,0.0,4.0,37,249,0
2026-08-02 07:55:16,2.3,74.7,656453.33,34.3,0.11,0.51,0.01,0.0,4.81,37,249,0
2026-08-02 07:55:22,0.1,74.7,656848.0,34.3,0.03,0.59,0.0,0.0,4.08,37,249,0
2026-08-02 07:55:28,2.2,74.7,655134.67,34.3,0.35,0.86,0.02,0.0,4.67,37,249,0
2026-08-02 07:55:34,0.8,74.7,655425.33,34.3,0.14,0.22,0.01,0.01,12.3,37,249,0
2026-08-02 07:55:40,6.3,74.7,655977.33,34.3,0.15,1.51,0.0,0.0,3.97,37,249,0
2026-08-02 07:55:46,0.7,74.7,657080.0,34.3,0.11,0.46,0.01,0.0,4.08,37,249,0
2026-08-02 07:55:52,3.9,74.6,657573.33,34.3,0.09,0.25,0.0,0.0,4.41,37,249,0
2026-08-02 07:55:58,3.1,74.5,661317.33,34.3,12.73,1.12,0.01,0.0,3.9,37,249,0
2026-08-02 07:56:04,6.0,74.8,654152.0,34.3,0.02,0.34,0.01,0.01,3.55,37,249,0
2026-08-02 07:56:10,0.3,74.6,657980.0,34.3,0.02,0.54,0.01,0.0,8.05,37,249,0
2026-08-02 07:56:16,0.3,74.0,673797.33,34.3,0.14,0.73,0.0,0.0,4.26,37,249,0
2026-08-02 07:56:22,4.6,74.2,668290.67,34.3,0.02,0.56,0.01,0.0,4.09,37,249,0
2026-08-02 07:56:28,1.0,74.4,663677.33,34.3,0.2,0.55,0.02,0.0,4.04,37,249,0
2026-08-02 07:56:34,0.8,74.7,657192.0,34.3,0.19,0.75,0.01,0.09,4.01,37,250,0
2026-08-02 07:56:40,0.0,74.6,659362.67,34.3,0.12,0.83,0.01,0.0,64.84,37,249,0
2026-08-02 07:56:46,2.1,74.5,661870.67,34.3,0.27,0.58,0.0,0.0,4.62,37,249,0
2026-08-02 07:56:52,0.0,74.5,662517.33,34.3,0.0,0.21,0.01,0.0,10.6,37,249,0
2026-08-02 07:56:59,5.4,74.5,660941.33,34.3,0.11,0.7,0.0,0.01,28.13,37,249,0
2026-08-02 07:57:05,4.6,74.6,658674.67,34.3,0.0,0.4,0.01,0.0,5.35,37,249,0
2026-08-02 07:57:11,1.3,74.6,659740.0,34.3,0.0,0.48,0.01,0.0,4.57,36,249,0
2026-08-02 07:57:17,0.7,74.4,664028.0,34.3,0.06,0.43,0.0,0.0,3.53,36,249,0
2026-08-02 07:57:23,0.7,74.5,661404.0,34.3,0.12,0.93,0.01,0.0,4.55,36,249,0
2026-08-02 07:57:29,1.4,74.6,658936.0,34.3,0.45,0.75,0.0,0.0,4.25,36,249,0
2026-08-02 07:57:35,0.1,74.7,656380.0,34.3,0.67,0.78,0.01,0.0,9.59,36,249,0
2026-08-02 07:57:41,5.4,74.7,655936.0,34.3,0.07,0.31,0.0,0.0,7.05,36,249,0
2026-08-02 07:57:47,0.0,74.6,657998.67,34.3,0.03,0.71,0.01,0.0,5.2,36,249,0
2026-08-02 07:57:53,0.1,74.6,659317.33,34.3,0.06,0.46,0.01,0.0,4.03,36,248,0
2026-08-02 07:57:59,2.4,74.6,658566.67,34.3,0.02,0.3,0.0,0.0,4.57,36,248,0
2026-08-02 07:58:05,0.6,74.8,654530.67,34.3,0.2,0.77,0.01,0.0,4.31,36,248,0
2026-08-02 07:58:11,0.4,74.6,659456.0,34.3,0.16,1.06,0.0,0.0,3.81,36,248,0
2026-08-02 07:58:17,3.1,74.6,658062.67,34.3,0.0,0.27,0.01,0.0,4.68,36,254,0
2026-08-02 07:58:23,4.6,74.7,656717.33,34.3,0.03,0.35,0.01,0.01,3.75,36,248,0
2026-08-02 07:58:29,2.4,74.5,660580.0,34.3,0.39,2.07,0.0,0.0,4.1,36,248,0
2026-08-02 07:58:35,0.3,74.8,654344.0,34.3,0.14,0.33,0.01,0.0,68.71,36,248,0
2026-08-02 07:58:41,0.0,75.3,641454.67,34.3,0.07,0.68,0.0,0.0,3.81,36,248,0
2026-08-02 07:58:47,0.1,74.4,664458.67,34.3,0.0,3.02,0.01,0.0,3.48,36,248,0
2026-08-02 07:58:53,0.1,74.3,665346.67,34.3,0.0,0.25,0.0,0.0,3.59,36,248,0
2026-08-02 07:58:59,5.5,74.4,663577.33,34.3,0.11,0.67,0.01,0.0,4.38,36,248,0
2026-08-02 07:59:05,0.4,74.3,665696.0,34.3,0.03,0.36,0.01,0.0,4.39,36,248,0
2026-08-02 07:59:11,1.3,74.3,666462.67,34.3,0.06,0.97,0.0,0.0,4.08,36,248,0
2026-08-02 07:59:17,0.8,74.1,671942.67,34.3,0.0,0.46,0.01,0.0,4.3,35,248,0
2026-08-02 07:59:23,0.2,74.0,673777.33,34.3,0.0,0.23,0.0,0.0,3.34,35,248,0
2026-08-02 07:59:29,1.3,74.1,671792.0,34.3,0.07,0.57,0.02,0.0,3.63,35,248,0
2026-08-02 07:59:35,2.8,74.2,668834.67,34.3,0.14,0.87,0.01,0.0,3.64,35,254,0
2026-08-02 07:59:41,5.1,74.1,670454.67,34.3,0.09,0.37,0.0,0.0,3.91,35,248,0
2026-08-02 07:59:47,0.3,74.1,671218.67,34.3,0.14,0.62,0.01,0.01,4.07,35,248,0
2026-08-02 07:59:53,1.6,74.2,670321.33,34.3,0.51,3.54,0.0,0.0,4.01,35,248,0
2026-08-02 07:59:59,0.7,74.2,669057.33,34.3,0.18,0.72,0.01,0.0,4.33,35,247,0
2026-08-02 08:00:05,0.8,74.2,669224.0,34.3,0.03,0.52,0.01,0.0,6.12,35,247,0
2026-08-02 08:00:11,0.1,74.2,668864.0,34.3,0.11,0.91,0.0,0.0,3.99,35,247,0
2026-08-02 08:00:17,5.2,74.2,669910.67,34.3,0.13,0.3,0.01,0.0,4.52,35,247,0
2026-08-02 08:00:23,1.7,74.2,669829.33,34.3,0.05,0.52,0.0,0.0,3.81,35,247,0
2026-08-02 08:00:29,2.7,74.1,672606.67,34.3,0.31,0.77,0.02,0.0,5.68,35,247,0
2026-08-02 08:00:35,0.4,74.2,668526.67,34.3,0.02,0.73,0.0,0.0,5.75,35,247,0
2026-08-02 08:00:41,0.1,74.2,669301.33,34.3,0.41,0.32,0.01,0.0,3.77,35,247,0
2026-08-02 08:00:47,0.1,74.2,670076.0,34.3,0.06,0.37,0.01,0.0,4.04,35,247,0
2026-08-02 08:00:53,0.3,74.0,674292.0,34.3,0.19,1.73,0.0,0.0,21.29,35,253,0
2026-08-02 08:01:00,7.3,74.3,666514.67,34.3,0.27,0.66,0.01,0.01,4.92,35,247,0
2026-08-02 08:01:06,0.4,74.3,667381.33,34.3,0.05,0.37,0.0,0.01,46.77,35,247,0
2026-08-02 08:01:12,0.8,74.2,668970.67,34.3,0.06,0.45,0.01,0.0,4.08,35,247,0
2026-08-02 08:01:18,0.5,74.2,667882.67,34.3,0.61,0.8,0.01,0.0,3.54,35,247,0
2026-08-02 08:01:24,0.0,74.1,670800.0,34.3,0.08,0.42,0.0,0.0,4.43,34,247,0
2026-08-02 08:01:30,2.3,74.3,666508.0,34.3,1.16,0.61,0.01,0.0,4.9,34,247,0
2026-08-02 08:01:36,4.8,74.3,665768.0,34.3,0.62,0.36,0.01,0.07,4.37,34,247,0
2026-08-02 08:01:42,2.9,74.2,668600.0,34.3,3.04,2.07,0.01,0.0,3.95,34,247,0
2026-08-02 08:01:48,0.4,74.3,667066.67,34.3,0.05,0.34,0.0,0.0,4.35,34,247,0
2026-08-02 08:01:54,0.3,74.3,667762.67,34.3,0.0,0.14,0.01,0.0,38.11,34,247,0
2026-08-02 08:02:00,0.5,74.3,667013.33,34.3,6.23,2.99,0.01,0.0,3.96,34,247,0
2026-08-02 08:02:06,0.1,74.3,667304.0,34.3,0.0,0.25,0.0,0.0,5.43,34,247,0
2026-08-02 08:02:12,2.2,74.3,666529.33,34.3,0.02,0.78,0.01,0.0,4.04,34,253,0
2026-08-02 08:02:18,6.0,74.4,664312.0,34.3,0.0,0.48,0.0,0.01,11.21,34,247,0
2026-08-02 08:02:24,0.9,74.4,664456.0,34.3,0.02,0.2,0.01,0.0,4.07,34,247,0
2026-08-02 08:02:30,0.0,74.3,666482.67,34.3,0.0,0.66,0.02,0.0,4.4,34,247,0
2026-08-02 08:02:36,1.2,74.5,662554.67,34.3,3.77,0.79,0.0,0.0,3.82,34,249,0
2026-08-02 08:02:42,0.5,74.6,657745.33,34.3,0.21,0.54,0.01,0.0,4.71,34,248,0
2026-08-02 08:02:48,0.3,74.5,660788.0,34.3,0.27,1.1,0.0,0.0,8.16,34,248,0
2026-08-02 08:02:54,5.5,74.6,659652.0,34.3,0.03,0.7,0.01,0.0,4.44,34,249,0
2026-08-02 08:03:00,3.2,74.7,656926.67,34.3,0.19,0.61,0.0,0.0,3.76,34,249,0
2026-08-02 08:03:06,2.2,74.6,657653.33,34.3,0.11,0.77,0.01,0.0,4.41,34,249,0
2026-08-02 08:03:12,1.2,74.7,657310.67,34.3,0.03,0.45,0.01,0.01,6.79,34,249,0
2026-08-02 08:03:18,0.8,74.5,660070.67,34.3,0.36,1.0,0.01,0.01,4.17,34,249,0
2026-08-02 08:03:24,1.4,74.5,660026.67,34.3,0.18,0.28,0.01,0.02,4.48,34,249,0
2026-08-02 08:03:30,0.0,74.6,659142.67,34.3,0.14,0.51,0.01,0.03,50.94,33,249,0
2026-08-02 08:03:36,5.6,74.6,658840.0,34.3,0.12,0.52,0.01,0.0,3.51,33,249,0
2026-08-02 08:03:42,0.4,74.6,657730.67,34.3,0.12,0.87,0.01,0.0,4.12,33,249,0
2026-08-02 08:03:48,6.1,74.7,655753.33,34.3,2.48,3.94,0.0,0.0,5.99,33,249,0
2026-08-02 08:03:54,1.7,74.7,656686.67,34.3,0.29,1.54,0.01,0.0,5.76,33,249,0
2026-08-02 08:04:00,0.3,74.7,656244.0,34.3,0.01,0.58,0.0,0.0,4.38,33,249,0
2026-08-02 08:04:06,0.8,74.6,658042.67,34.3,0.48,1.21,0.01,0.0,4.56,33,249,0
2026-08-02 08:04:12,5.0,74.8,654000.0,34.3,0.0,0.23,0.0,0.0,4.39,33,255,0
2026-08-02 08:04:18,5.1,75.2,643198.67,34.3,0.74,0.76,0.01,0.01,4.13,33,249,0
2026-08-02 08:04:24,0.0,75.1,644790.67,34.3,0.28,0.84,0.01,0.0,5.39,33,249,0
2026-08-02 08:04:30,0.4,75.0,648357.33,34.3,0.05,0.57,0.0,0.0,3.43,33,249,0
2026-08-02 08:04:36,12.0,74.9,649828.0,34.3,15.09,0.28,0.01,0.01,3.91,33,252,0
2026-08-02 08:04:42,58.3,75.2,643849.33,34.3,422.52,8.37,0.02,0.04,3.33,33,252,0
2026-08-02 08:04:48,0.8,75.8,627022.67,34.3,9.33,4.19,0.03,0.05,6.14,33,251,0
2026-08-02 08:04:54,6.3,75.8,628477.33,34.3,0.6,1.71,0.01,0.0,5.07,33,250,0
2026-08-02 08:05:00,2.6,75.7,631360.0,34.3,0.38,0.68,0.0,0.0,4.65,33,250,0
2026-08-02 08:05:06,0.8,75.7,630996.0,34.3,1.8,1.14,0.01,0.01,4.16,33,250,0
2026-08-02 08:05:13,2.1,75.8,627026.67,34.3,0.69,1.4,0.01,0.01,4.3,33,250,0
2026-08-02 08:05:19,2.9,75.9,623733.33,34.3,0.34,0.73,0.01,0.0,4.04,32,250,0
2026-08-02 08:05:25,0.3,75.9,625569.33,34.3,0.24,3.19,0.0,0.0,4.25,32,250,0
2026-08-02 08:05:31,2.0,75.7,629484.0,34.3,0.47,0.74,0.02,0.0,3.95,32,256,0
2026-08-02 08:05:37,5.3,75.8,627920.0,34.3,0.02,0.23,0.01,0.0,5.68,32,250,0
2026-08-02 08:05:43,2.7,75.9,624986.67,34.3,0.75,1.0,0.03,0.01,75.26,32,250,0
2026-08-02 08:05:49,2.1,75.9,623849.33,34.3,9.99,1.61,0.01,0.0,3.75,32,250,0
2026-08-02 08:05:55,0.5,75.9,624992.0,34.3,0.15,1.02,0.01,0.01,4.03,32,250,0
2026-08-02 08:06:01,3.5,76.0,622097.33,34.3,0.6,0.35,0.01,0.0,4.0,32,250,0
2026-08-02 08:06:07,1.6,76.1,620586.67,34.3,0.3,2.18,0.01,0.01,4.47,32,249,0
2026-08-02 08:06:13,4.9,76.0,622694.67,34.3,0.14,0.43,0.0,0.0,3.82,32,249,0
2026-08-02 08:06:19,1.3,75.9,624965.33,34.3,0.16,0.43,0.01,0.0,4.56,32,249,0
2026-08-02 08:06:25,0.1,75.9,625617.33,34.3,0.12,0.13,0.0,0.0,3.83,32,249,0
2026-08-02 08:06:31,0.7,75.9,624944.0,34.3,0.92,0.88,0.01,0.01,6.53,32,249,0
2026-08-02 08:06:37,0.8,76.1,619430.67,34.3,2.2,2.63,0.02,0.09,4.88,32,252,0
2026-08-02 08:06:43,12.5,76.4,611276.0,34.3,16.82,0.86,0.01,0.01,3.7,32,255,0
2026-08-02 08:06:49,0.3,76.2,616097.33,34.3,3.75,1.51,0.01,0.0,4.18,32,253,0
2026-08-02 08:06:55,8.9,76.5,610652.0,34.3,0.28,1.16,0.0,0.0,3.78,32,253,0
2026-08-02 08:07:01,1.4,76.2,615940.0,34.3,0.44,0.39,0.01,0.01,4.22,32,253,0
2026-08-02 08:07:07,0.5,76.3,615200.0,34.3,0.17,1.1,0.0,0.0,8.0,32,253,0
2026-08-02 08:07:13,0.7,76.3,615649.33,34.3,0.34,0.33,0.01,0.0,4.0,31,252,0
2026-08-02 08:07:19,2.7,76.3,613872.0,34.3,0.07,0.73,0.0,0.0,4.36,31,251,0
2026-08-02 08:07:25,1.3,76.1,618901.33,34.3,0.0,0.21,0.01,0.01,4.21,31,251,0
2026-08-02 08:07:31,5.7,76.3,615190.67,34.3,0.63,0.46,0.01,0.0,4.0,31,251,0
2026-08-02 08:07:37,4.7,76.1,620905.33,34.3,0.21,1.06,0.0,0.0,6.69,31,249,0
2026-08-02 08:07:43,2.3,76.2,616949.33,34.3,0.12,0.43,0.01,0.0,7.4,31,249,0
2026-08-02 08:07:49,1.7,76.2,617862.67,34.3,0.02,0.27,0.0,0.0,4.19,31,249,0
2026-08-02 08:07:55,0.0,76.2,617473.33,34.3,0.31,3.06,0.01,0.0,4.72,31,249,0
2026-08-02 08:08:01,1.7,76.2,617018.67,34.3,0.27,0.75,0.01,0.0,3.82,31,249,0
2026-08-02 08:08:07,0.8,76.1,619314.67,34.3,1.19,1.64,0.01,0.1,3.83,31,249,0
2026-08-02 08:08:13,5.4,76.0,621712.0,34.3,0.08,0.29,0.01,0.01,4.3,31,249,0
2026-08-02 08:08:19,1.7,75.9,624481.33,34.3,0.05,0.4,0.0,0.0,3.81,31,249,0
2026-08-02 08:08:25,0.9,75.9,623980.0,34.3,0.32,1.06,0.02,0.0,3.82,31,249,0
2026-08-02 08:08:31,0.1,76.0,622724.0,34.3,0.19,0.44,0.0,0.0,4.3,31,249,0
2026-08-02 08:08:37,15.9,76.4,611264.0,34.3,0.03,0.38,0.01,0.0,5.46,31,249,0
2026-08-02 08:08:43,6.7,75.0,649416.0,34.3,0.0,5.68,0.01,0.0,4.22,31,249,0
2026-08-02 08:08:49,2.4,75.2,644101.33,34.3,0.06,0.66,0.0,0.0,4.29,31,255,0
2026-08-02 08:08:55,5.8,75.3,641305.33,34.3,0.03,0.43,0.01,0.0,3.54,31,249,0
2026-08-02 08:09:01,2.6,75.2,643122.67,34.3,0.06,0.45,0.0,0.0,6.04,31,249,0
2026-08-02 08:09:07,0.4,76.2,616720.0,34.3,19.52,2.07,0.01,0.0,69.88,30,252,0
2026-08-02 08:09:14,5.9,76.1,619333.33,34.3,12.97,1.48,0.01,0.01,4.46,30,250,0
2026-08-02 08:09:20,0.7,76.0,623176.0,34.3,0.79,0.48,0.0,0.01,4.49,30,250,0
2026-08-02 08:09:26,2.2,76.0,622669.33,34.3,0.02,0.34,0.01,0.0,3.87,30,250,0
2026-08-02 08:09:32,1.7,75.9,624534.67,34.3,0.46,1.08,0.0,0.0,4.91,30,256,0
2026-08-02 08:09:38,6.1,75.8,626434.67,34.3,0.41,1.12,0.01,0.0,62.12,30,250,0
2026-08-02 08:09:44,0.1,75.9,626258.67,34.3,0.09,0.37,0.01,0.0,4.04,30,250,0
2026-08-02 08:09:50,0.3,75.8,627901.33,34.3,0.02,0.45,0.0,0.0,3.89,30,250,0
2026-08-02 08:09:56,2.9,75.9,625033.33,34.3,0.22,0.52,0.01,0.0,3.74,30,249,0
2026-08-02 08:10:02,0.4,75.8,626990.67,34.3,0.02,0.71,0.0,0.0,3.44,30,249,0
2026-08-02 08:10:08,0.5,75.7,629525.33,34.3,0.39,1.34,0.01,0.0,4.46,30,249,0
2026-08-02 08:10:14,4.0,75.7,631164.0,34.3,0.59,1.68,0.0,0.0,3.92,30,255,0
2026-08-02 08:10:20,6.0,75.6,632222.67,34.3,0.06,0.55,0.01,0.0,4.9,30,249,0
2026-08-02 08:10:26,3.0,75.7,629120.0,34.3,0.11,0.42,0.02,0.01,6.79,30,249,0
2026-08-02 08:10:32,1.8,75.8,627520.0,34.3,0.91,0.32,0.0,0.0,3.86,30,249,0
2026-08-02 08:10:38,0.5,75.8,626762.67,34.3,0.42,3.52,0.01,0.01,3.67,30,249,0
2026-08-02 08:10:44,0.9,75.7,631085.33,34.3,0.12,0.14,0.0,0.0,3.87,30,249,0
2026-08-02 08:10:50,4.8,76.4,612614.67,34.3,0.26,0.84,0.01,0.0,4.64,30,252,0
2026-08-02 08:10:56,4.6,76.1,619212.0,34.3,0.25,0.88,0.01,0.0,3.43,30,258,0
2026-08-02 08:11:02,6.3,76.2,617393.33,34.3,0.06,0.75,0.0,0.0,4.37,30,252,0
2026-08-02 08:11:08,0.4,76.0,621218.67,34.3,0.11,0.86,0.01,0.01,4.02,30,252,0
2026-08-02 08:11:14,8.8,76.4,611838.67,34.3,0.12,0.45,0.0,0.0,4.04,30,252,0
2026-08-02 08:11:20,0.1,75.4,638156.0,34.3,0.09,0.5,0.01,0.0,3.54,29,252,0
2026-08-02 08:11:26,1.0,75.4,637845.33,34.3,0.35,1.3,0.02,0.0,9.65,29,252,0
2026-08-02 08:11:32,0.5,75.6,632950.67,34.3,0.16,0.73,0.02,0.08,7.26,29,251,0
2026-08-02 08:11:38,4.5,75.8,627926.67,34.3,0.06,0.29,0.01,0.0,4.47,29,257,0
2026-08-02 08:11:44,6.3,75.6,633072.0,34.3,0.0,0.4,0.0,0.0,4.18,29,251,0
2026-08-02 08:11:50,1.3,75.5,635492.0,34.3,0.07,0.81,0.01,0.0,3.93,29,249,0
2026-08-02 08:11:56,0.1,75.5,634438.67,34.3,0.57,0.58,0.0,0.0,4.61,29,249,0
2026-08-02 08:12:02,0.1,75.5,636572.0,34.3,0.02,0.32,0.01,0.01,4.89,29,249,0
2026-08-02 08:12:08,0.3,75.4,638353.33,34.3,0.06,0.45,0.01,0.0,4.66,29,249,0
2026-08-02 08:12:14,0.7,75.5,634681.33,34.3,0.02,0.43,0.0,0.0,4.71,29,249,0
2026-08-02 08:12:20,5.0,75.7,629748.0,34.3,0.02,0.64,0.01,0.0,4.27,29,251,0
2026-08-02 08:12:26,6.0,75.4,636818.67,34.3,0.09,0.38,0.01,0.0,3.62,29,249,0
2026-08-02 08:12:32,0.5,75.4,637310.67,34.3,4.97,1.09,0.0,0.0,4.16,29,249,0
2026-08-02 08:12:38,1.8,75.4,636956.0,34.3,0.08,0.78,0.01,0.0,4.21,29,249,0
2026-08-02 08:12:44,0.4,75.5,636234.67,34.3,0.16,0.51,0.0,0.0,8.05,29,249,0
2026-08-02 08:12:50,0.0,75.5,634894.67,34.3,0.06,0.53,0.01,0.0,4.13,29,248,0
2026-08-02 08:12:57,0.3,75.2,642122.67,34.3,0.05,0.29,0.0,0.0,3.95,29,248,0
2026-08-02 08:13:03,5.4,75.7,630969.33,34.3,0.05,0.52,0.01,0.0,6.05,29,250,0
2026-08-02 08:13:09,6.6,75.7,629666.67,34.3,0.11,1.03,0.0,0.0,4.14,28,248,0
2026-08-02 08:13:15,0.0,75.7,629933.33,34.3,0.0,0.27,0.01,0.0,5.37,28,248,0
2026-08-02 08:13:21,0.4,75.6,631842.67,34.3,0.03,0.52,0.01,0.01,3.32,28,248,0
2026-08-02 08:13:27,9.8,75.7,629809.33,34.3,3.81,1.01,0.0,0.0,4.02,28,251,0
2026-08-02 08:13:33,5.3,76.3,614077.33,34.3,3.89,4.83,0.01,0.02,3.51,28,253,0
2026-08-02 08:13:39,0.8,76.1,619862.67,34.3,0.31,0.99,0.0,0.0,60.26,28,254,0
2026-08-02 08:13:45,6.5,76.0,622345.33,34.3,0.08,0.66,0.01,0.0,4.65,28,253,0
2026-08-02 08:13:51,3.6,75.9,624532.0,34.3,0.0,0.3,0.0,0.0,4.66,28,253,0
2026-08-02 08:13:57,1.4,76.7,604877.33,34.3,38.8,1.47,0.03,0.0,3.53,28,253,0
2026-08-02 08:14:03,0.1,76.6,607330.67,34.3,0.16,0.34,0.01,0.0,3.96,28,252,0
2026-08-02 08:14:09,0.1,76.7,604560.0,34.3,0.12,0.94,0.0,0.0,3.85,28,252,0
2026-08-02 08:14:15,3.5,76.5,608797.33,34.3,5.98,0.61,0.01,0.0,3.97,28,251,0
2026-08-02 08:14:21,1.4,76.4,612693.33,34.3,0.19,0.22,0.0,0.0,4.53,28,250,0
2026-08-02 08:14:27,8.7,76.5,610054.67,34.3,0.48,1.89,0.04,0.01,3.98,28,250,0
2026-08-02 08:14:33,2.4,76.4,613197.33,34.3,0.15,0.67,0.01,0.0,3.72,28,248,0
2026-08-02 08:14:39,0.4,76.4,611556.0,34.3,0.02,0.44,0.0,0.0,4.73,28,248,0
2026-08-02 08:14:45,0.1,76.3,615426.67,34.3,0.44,1.47,0.01,0.0,45.35,28,248,0
2026-08-02 08:14:51,1.3,76.4,611682.67,34.3,0.12,0.26,0.0,0.0,4.26,28,247,0
2026-08-02 08:14:57,0.3,76.3,614917.33,34.3,0.02,0.37,0.01,0.0,5.7,28,247,0
2026-08-02 08:15:03,8.1,77.3,589829.33,34.3,31.95,1.22,0.01,0.01,4.36,28,251,0
2026-08-02 08:15:09,5.2,78.4,560274.67,34.3,151.94,1.35,0.01,0.0,3.92,28,250,0
2026-08-02 08:15:15,1.8,78.1,566844.0,34.3,0.4,1.07,0.01,0.0,3.93,28,250,0
2026-08-02 08:15:21,0.9,78.3,563364.0,34.3,0.06,1.05,0.0,0.0,3.79,28,250,0
2026-08-02 08:15:27,4.3,78.2,564829.33,34.3,0.48,0.89,0.02,0.01,4.17,28,250,0
2026-08-02 08:15:33,1.2,78.4,560305.33,34.3,2.05,4.29,0.01,0.01,4.54,27,250,0
2026-08-02 08:15:39,0.1,78.3,562430.67,34.3,0.09,0.38,0.01,0.0,4.74,27,250,0
2026-08-02 08:15:45,0.3,78.3,563289.33,34.3,0.03,0.3,0.0,0.0,3.44,27,250,0
2026-08-02 08:15:51,5.8,78.4,560754.67,34.3,0.02,0.42,0.01,0.0,38.26,27,250,0
2026-08-02 08:15:57,1.3,78.3,562016.0,34.3,0.27,0.79,0.01,0.0,4.47,27,250,0
2026-08-02 08:16:03,0.4,78.3,563526.67,34.3,0.22,0.53,0.0,0.0,4.37,27,249,0
2026-08-02 08:16:09,0.1,78.1,568178.67,34.3,0.06,0.6,0.01,0.01,4.06,27,247,0
2026-08-02 08:16:15,1.0,78.1,568260.0,34.3,0.25,0.52,0.0,0.0,4.66,27,247,0
2026-08-02 08:16:21,0.0,78.1,566741.33,34.3,0.02,0.74,0.01,0.0,8.49,27,247,0
2026-08-02 08:16:27,3.6,78.1,567174.67,34.3,0.03,0.38,0.01,0.01,3.91,27,247,0
2026-08-02 08:16:33,5.2,78.2,564790.67,34.3,0.0,0.53,0.02,0.09,4.33,27,247,0
2026-08-02 08:16:40,0.5,78.1,567184.0,34.3,0.62,1.88,0.01,0.0,5.88,27,247,0
2026-08-02 08:16:46,3.4,78.1,567349.33,34.3,0.3,0.59,0.0,0.0,4.45,27,248,0
2026-08-02 08:16:52,1.9,78.0,569481.33,34.3,0.02,0.33,0.01,0.0,4.73,27,248,0
2026-08-02 08:16:58,1.3,78.1,567200.0,34.3,0.02,0.42,0.01,0.0,5.61,27,248,0
2026-08-02 08:17:04,4.1,78.1,566930.67,34.3,0.05,0.78,0.0,0.0,4.08,27,248,0
2026-08-02 08:17:10,3.4,78.2,565532.0,34.3,0.14,0.78,0.01,0.0,3.71,27,251,0
2026-08-02 08:17:16,7.8,78.1,568857.33,34.3,0.06,0.33,0.0,0.0,4.27,27,247,0
2026-08-02 08:17:22,0.4,77.7,578686.67,34.3,0.04,0.34,0.01,0.0,4.92,27,247,0
2026-08-02 08:17:28,1.4,78.0,570612.0,34.3,5.24,1.37,0.02,0.0,4.15,27,247,0
2026-08-02 08:17:34,0.1,78.0,570144.0,34.3,0.03,0.56,0.01,0.0,4.52,27,247,0
2026-08-02 08:17:40,0.5,78.0,569554.67,34.3,1.8,0.31,0.01,0.0,3.49,27,247,0
2026-08-02 08:17:46,0.1,78.0,570669.33,34.3,0.2,0.77,0.0,0.01,3.91,26,247,0
2026-08-02 08:17:52,2.5,78.1,568786.67,34.3,0.03,0.62,0.01,0.0,4.73,26,254,0
2026-08-02 08:17:58,6.4,78.0,570938.67,34.3,0.19,0.64,0.0,0.0,4.08,26,248,0
2026-08-02 08:18:04,3.4,78.1,567970.67,34.3,0.09,0.53,0.01,0.0,4.65,26,248,0
2026-08-02 08:18:10,0.1,78.2,565429.33,34.3,0.0,0.45,0.01,0.0,34.17,26,248,0
2026-08-02 08:18:16,0.7,78.2,566614.67,34.3,0.0,0.52,0.0,0.0,4.43,26,248,0
2026-08-02 08:18:22,1.0,78.1,568504.0,34.3,0.03,0.61,0.01,0.0,5.12,26,248,0
2026-08-02 08:18:28,2.9,78.0,571049.33,34.3,0.11,0.48,0.0,0.0,3.49,26,248,0
2026-08-02 08:18:34,5.1,78.1,567689.33,34.3,0.03,0.53,0.01,0.0,4.08,26,254,0
2026-08-02 08:18:40,5.6,78.7,551962.67,34.3,0.05,0.36,0.0,0.0,3.93,26,248,0
2026-08-02 08:18:46,0.1,77.9,572444.0,34.3,0.34,9.89,0.01,0.0,3.93,26,248,0
2026-08-02 08:18:52,1.7,77.9,572852.0,34.3,0.02,0.42,0.01,0.01,4.24,26,248,0
2026-08-02 08:18:58,0.3,77.8,575870.67,34.3,0.0,0.18,0.0,0.0,4.47,26,248,0
2026-08-02 08:19:04,1.3,77.9,572422.67,34.3,0.11,0.55,0.01,0.0,3.93,26,248,0
2026-08-02 08:19:10,29.1,78.7,553402.67,34.3,29.52,9.04,0.02,0.02,4.09,26,256,0
2026-08-02 08:19:16,5.8,78.3,561878.67,34.3,1.18,4.54,0.01,0.0,4.4,26,252,0
2026-08-02 08:19:22,1.7,78.3,562912.0,34.3,0.05,0.68,0.01,0.0,39.49,26,252,0
2026-08-02 08:19:28,2.2,78.2,565694.67,34.3,0.07,0.61,0.0,0.0,3.87,26,251,0
2026-08-02 08:19:34,0.5,78.2,564696.0,34.3,0.03,0.62,0.01,0.0,4.03,25,251,0
2026-08-02 08:19:40,2.6,78.0,570697.33,34.3,0.09,0.53,0.0,0.0,5.73,25,250,0
2026-08-02 08:19:46,1.8,78.0,570537.33,34.3,0.19,0.48,0.01,0.0,4.94,25,250,0
2026-08-02 08:19:52,0.9,78.1,569050.67,34.3,0.13,0.82,0.0,0.01,4.27,25,250,0
2026-08-02 08:19:58,7.7,78.0,569512.0,34.3,0.36,1.79,0.01,0.0,4.25,25,249,0
2026-08-02 08:20:04,2.5,77.9,573460.0,34.3,0.13,0.3,0.01,0.0,4.7,25,249,0
2026-08-02 08:20:10,0.3,78.0,570329.33,34.3,0.05,0.53,0.0,0.0,4.62,25,249,0
2026-08-02 08:20:16,1.2,78.6,554402.67,34.3,307.57,0.73,0.01,0.01,6.23,25,250,0
2026-08-02 08:20:22,2.4,78.8,549745.33,34.3,0.25,0.94,0.0,0.0,3.63,25,250,0
2026-08-02 08:20:29,13.9,79.7,525756.0,34.3,5.42,0.73,0.02,0.0,4.41,25,256,0
2026-08-02 08:20:35,0.5,79.0,543396.0,34.3,1.36,1.53,0.01,0.01,3.67,25,258,0
2026-08-02 08:20:41,7.6,79.1,540720.0,34.3,0.16,0.95,0.0,0.0,4.41,25,254,0
2026-08-02 08:20:47,0.3,78.8,551042.67,34.3,0.02,0.94,0.01,0.0,3.87,25,253,0
2026-08-02 08:20:53,0.4,78.6,554657.33,34.3,0.03,0.34,0.0,0.0,35.17,25,253,0
2026-08-02 08:20:59,2.2,78.5,556965.33,34.3,0.06,0.35,0.01,0.0,4.11,25,253,0
2026-08-02 08:21:05,9.0,78.4,559140.0,34.3,0.35,0.5,0.0,0.01,3.73,25,253,0
2026-08-02 08:21:11,9.1,78.4,559278.67,34.3,0.82,4.18,0.01,0.0,4.45,25,252,0
2026-08-02 08:21:17,4.9,78.5,557140.0,34.3,0.14,0.3,0.01,0.01,4.21,25,258,0
2026-08-02 08:21:23,5.6,78.3,562185.33,34.3,0.05,0.71,0.0,0.0,4.22,25,252,0
2026-08-02 08:21:29,0.7,78.4,561405.33,34.3,0.32,0.89,0.01,0.0,3.92,25,252,0
2026-08-02 08:21:35,1.2,78.2,565577.33,34.3,0.44,2.38,0.01,0.07,4.02,25,250,0
2026-08-02 08:21:41,0.1,78.3,563238.67,34.3,0.02,0.52,0.01,0.0,6.67,25,250,0
2026-08-02 08:21:47,0.8,78.2,564477.33,34.3,0.12,0.5,0.01,0.0,46.62,25,250,0
2026-08-02 08:21:53,2.1,78.2,564713.33,34.3,0.18,1.59,0.01,0.01,4.48,25,250,0
2026-08-02 08:21:59,5.4,78.4,560880.0,34.3,0.12,0.27,0.01,0.0,3.86,24,256,0
2026-08-02 08:22:05,5.3,78.4,560726.67,34.3,0.02,0.46,0.0,0.0,4.18,24,250,0
2026-08-02 08:22:11,1.6,78.3,562884.0,34.3,0.03,0.59,0.01,0.0,3.93,24,249,0
2026-08-02 08:22:17,0.5,78.3,563277.33,34.3,0.02,0.64,0.0,0.0,3.46,24,249,0
2026-08-02 08:22:23,0.6,78.2,564549.33,34.3,0.0,0.34,0.01,0.0,21.17,24,249,0
2026-08-02 08:22:29,0.1,78.2,564521.33,34.3,0.07,0.47,0.0,0.0,4.02,24,249,0
2026-08-02 08:22:35,1.4,78.2,565980.0,34.3,0.11,0.8,0.01,0.01,4.59,24,249,0
2026-08-02 08:22:41,9.0,78.1,568290.67,34.3,0.0,0.48,0.01,0.0,3.66,24,250,0
2026-08-02 08:22:47,9.4,78.0,570082.67,34.3,0.32,0.62,0.0,0.0,3.66,24,249,0
2026-08-02 08:22:53,0.6,78.0,570469.33,34.3,0.08,0.87,0.01,0.0,3.76,24,249,0
2026-08-02 08:22:59,1.5,78.1,566862.67,34.3,0.0,0.26,0.0,0.0,5.34,24,249,0
2026-08-02 08:23:05,0.1,78.3,563497.33,34.3,0.0,0.5,0.01,0.0,5.26,24,249,0
2026-08-02 08:23:11,0.1,78.0,569368.0,34.3,0.23,0.76,0.01,0.0,4.12,24,249,0
2026-08-02 08:23:17,0.0,78.2,565441.33,34.3,0.06,0.74,0.0,0.0,3.71,24,249,0
2026-08-02 08:23:23,5.5,78.4,561393.33,34.3,0.0,0.54,0.01,0.0,3.77,24,249,0
2026-08-02 08:23:29,3.5,78.4,561432.0,34.3,0.09,0.8,0.02,0.0,4.71,24,249,0
2026-08-02 08:23:35,0.4,78.1,566752.0,34.3,0.05,0.48,0.01,0.0,4.65,24,249,0
2026-08-02 08:23:41,0.5,78.1,568074.67,34.3,0.02,0.25,0.01,0.01,,24,249,0
2026-08-02 08:23:51,0.3,78.2,564681.33,34.3,1.06,1.05,0.01,0.0,4.27,24,249,0
2026-08-02 08:23:57,18.1,81.2,488329.33,34.3,28.95,2.73,0.22,4.2,5.72,23,251,0
2026-08-02 08:24:03,15.3,83.6,426472.0,34.3,1.6,7.38,0.02,0.07,3.84,23,251,0
2026-08-02 08:24:09,0.7,84.3,407930.67,34.3,0.47,1.13,0.0,0.0,4.71,23,251,0
2026-08-02 08:24:15,3.1,80.9,496382.67,34.3,0.12,0.7,0.01,0.0,4.75,23,255,0
2026-08-02 08:24:22,6.9,80.8,498346.67,34.3,0.17,0.77,0.0,0.0,3.71,23,251,0
2026-08-02 08:24:28,0.7,80.8,497826.67,34.3,0.22,0.77,0.01,0.0,6.9,23,251,0
2026-08-02 08:24:34,4.3,80.0,519833.33,34.3,0.27,6.4,0.01,0.0,4.43,23,250,0
2026-08-02 08:24:40,2.1,79.2,538384.0,34.3,0.06,0.59,0.0,0.0,4.76,23,250,0
2026-08-02 08:24:46,4.7,79.2,538658.67,34.3,0.14,0.54,0.01,0.0,3.87,23,250,0
2026-08-02 08:24:52,0.6,79.4,534360.0,34.3,0.0,0.45,0.0,0.0,4.63,23,250,0
2026-08-02 08:24:58,2.3,79.4,533718.67,34.3,0.3,0.7,0.01,0.0,5.24,23,256,0
2026-08-02 08:25:04,6.2,79.4,535032.0,34.3,0.02,0.42,0.0,0.0,7.2,23,249,0
2026-08-02 08:25:10,6.3,79.1,543153.33,34.3,0.05,1.05,0.01,0.01,4.75,23,249,0
2026-08-02 08:25:16,0.1,79.2,538906.67,34.3,0.06,0.22,0.01,0.0,4.03,23,249,0
2026-08-02 08:25:22,0.5,79.3,535730.67,34.3,0.0,0.34,0.0,0.0,4.01,23,249,0
2026-08-02 08:25:28,11.3,79.5,531414.67,34.3,5.73,0.5,0.02,0.0,16.38,23,250,0
2026-08-02 08:25:34,1.2,79.4,535053.33,34.3,1.23,1.25,0.0,0.0,4.56,23,249,0
2026-08-02 08:25:40,4.2,79.5,532900.0,34.3,0.16,1.05,0.01,0.0,3.58,23,255,0
2026-08-02 08:25:46,6.3,79.6,530300.0,34.3,0.44,0.55,0.01,0.0,4.23,23,249,0
2026-08-02 08:25:52,0.3,79.2,540205.33,34.3,0.0,0.22,0.0,0.0,5.81,23,249,0
2026-08-02 08:25:58,0.3,79.3,536604.0,34.3,0.14,0.52,0.01,0.0,4.64,22,249,0
2026-08-02 08:26:04,4.2,79.4,534516.0,34.3,1.54,4.82,0.0,0.01,44.39,22,249,0
2026-08-02 08:26:10,1.7,79.5,532234.67,34.3,0.02,0.55,0.01,0.0,3.96,22,249,0
2026-08-02 08:26:16,0.6,79.4,532942.67,34.3,0.03,0.64,0.0,0.01,4.24,22,249,0
2026-08-02 08:26:22,5.0,79.4,533644.0,34.3,0.14,0.28,0.01,0.0,3.52,22,255,0
2026-08-02 08:26:28,9.6,79.4,535188.0,34.3,0.19,0.93,0.02,0.0,11.58,22,249,0
2026-08-02 08:26:34,0.3,79.4,533682.67,34.3,0.0,0.52,0.01,0.09,3.59,22,249,0
2026-08-02 08:26:40,0.6,79.3,535662.67,34.3,0.0,0.21,0.01,0.0,5.89,22,249,0
2026-08-02 08:26:46,6.4,79.4,533937.33,34.3,0.0,0.82,0.0,0.0,4.46,22,249,0
2026-08-02 08:26:52,0.1,79.4,534658.67,34.3,0.02,0.27,0.01,0.0,5.46,22,249,0
2026-08-02 08:26:58,1.2,79.5,532105.33,34.3,0.32,0.39,0.01,0.0,4.25,22,249,0
2026-08-02 08:27:04,4.1,79.6,529646.67,34.3,0.14,1.75,0.0,0.0,4.16,22,254,0
2026-08-02 08:27:10,5.0,79.6,528898.67,34.3,0.22,0.46,0.01,0.0,28.9,22,249,0
2026-08-02 08:27:16,2.0,79.5,530930.67,34.3,0.0,0.34,0.0,0.0,66.75,22,249,0
2026-08-02 08:27:22,0.4,79.6,527920.0,34.3,5.21,0.45,0.01,0.0,4.15,22,253,0
2026-08-02 08:27:28,1.6,79.6,529150.67,34.3,0.08,0.94,0.0,0.0,4.06,22,253,0
2026-08-02 08:27:34,0.3,79.6,530280.0,34.3,0.04,0.73,0.01,0.01,4.65,22,249,0
2026-08-02 08:27:40,0.5,79.5,531581.33,34.3,0.06,0.25,0.01,0.0,11.1,22,249,0
2026-08-02 08:27:46,6.9,79.6,528506.67,34.3,0.27,0.68,0.0,0.0,4.37,22,249,0
2026-08-02 08:27:53,1.3,79.6,528464.0,34.3,0.03,0.46,0.01,0.0,4.42,22,248,0
2026-08-02 08:27:59,2.2,79.7,526961.33,34.3,0.14,0.58,0.0,0.0,30.41,22,248,0
2026-08-02 08:28:05,2.6,79.7,526070.67,34.3,0.03,0.46,0.01,0.0,4.06,22,248,0
2026-08-02 08:28:11,2.3,80.1,516286.67,34.3,13.09,2.2,0.01,0.01,3.96,21,251,0
2026-08-02 08:28:17,5.2,80.3,510385.33,34.3,0.27,0.96,0.0,0.0,4.37,21,251,0
2026-08-02 08:28:23,0.1,78.5,556820.0,34.3,0.08,0.59,0.01,0.0,6.27,21,251,0
2026-08-02 08:28:29,7.4,78.7,552036.0,34.3,0.31,1.62,0.0,0.0,4.24,21,251,0
2026-08-02 08:28:35,0.0,79.0,545638.67,34.3,0.01,0.25,0.01,0.0,4.25,21,251,0
2026-08-02 08:28:41,0.9,79.5,532542.67,34.3,0.14,0.72,0.0,0.0,3.85,21,251,0
2026-08-02 08:28:47,0.4,78.3,563024.0,34.3,0.0,2.46,0.01,0.01,26.01,21,251,0
2026-08-02 08:28:53,1.2,78.4,561044.0,34.3,0.14,0.27,0.01,0.0,10.37,21,250,0
2026-08-02 08:28:59,3.1,78.4,560186.67,34.3,0.06,0.57,0.0,0.0,5.36,21,250,0
2026-08-02 08:29:05,0.8,78.3,562001.33,34.3,0.0,0.41,0.01,0.0,3.97,21,254,0
2026-08-02 08:29:11,27.9,79.7,527252.0,34.3,30.07,1.29,0.03,0.18,6.08,21,249,0
2026-08-02 08:29:17,24.6,83.3,432021.33,34.3,97.73,124.0,0.04,0.3,5.93,21,251,0
2026-08-02 08:29:23,1.9,83.3,432328.0,34.3,6.01,23.18,0.01,0.0,4.04,21,251,0
2026-08-02 08:29:29,0.8,82.9,443608.0,34.3,1.99,2.94,0.02,0.0,4.65,21,251,0
2026-08-02 08:29:35,1.9,83.8,421084.0,34.3,22.06,1.07,0.01,0.0,4.01,20,251,0
2026-08-02 08:29:41,19.1,83.4,429853.33,34.3,0.68,9.96,0.0,0.0,6.08,20,251,0
2026-08-02 08:29:47,3.6,83.0,440141.33,34.3,0.41,5.65,0.01,0.0,110.56,20,255,0
2026-08-02 08:29:53,6.0,82.8,445824.0,34.3,0.34,1.34,0.0,0.01,4.29,20,249,0
2026-08-02 08:29:59,17.7,83.2,434797.33,34.3,3.58,28.98,0.03,0.03,4.48,20,249,0
2026-08-02 08:30:05,2.9,83.0,442021.33,34.3,0.53,2.45,0.01,0.0,4.18,20,249,0
2026-08-02 08:30:11,4.4,83.1,438613.33,34.3,1.03,0.88,0.01,0.01,4.8,20,249,0
2026-08-02 08:30:17,1.7,83.0,440465.33,34.3,0.2,0.66,0.01,0.0,5.33,20,249,0
2026-08-02 08:30:23,2.6,83.0,439645.33,34.3,0.28,1.13,0.0,0.0,4.3,20,249,0
2026-08-02 08:30:29,5.8,82.9,442336.0,34.3,0.28,0.91,0.02,0.0,3.97,20,249,0
2026-08-02 08:30:35,2.3,83.1,438372.0,34.3,0.05,0.55,0.01,0.0,5.29,20,249,0
2026-08-02 08:30:41,2.3,82.9,443449.33,34.3,0.03,0.69,0.0,0.0,4.63,20,249,0
2026-08-02 08:30:47,1.0,82.4,456452.0,34.3,0.02,0.43,0.01,0.0,3.91,20,248,0
2026-08-02 08:30:53,0.5,82.4,456178.67,34.3,0.03,0.36,0.0,0.0,8.09,20,248,0
2026-08-02 08:30:59,4.6,82.5,453910.67,34.3,0.11,3.18,0.01,0.0,4.4,20,248,0
2026-08-02 08:31:05,0.1,82.5,453174.67,34.3,0.06,0.37,0.0,0.01,11.48,20,248,0
2026-08-02 08:31:11,5.6,82.6,451286.67,34.3,0.05,0.38,0.01,0.0,3.76,20,248,0
2026-08-02 08:31:17,0.9,83.1,439477.33,34.3,0.5,2.15,0.01,0.01,4.14,20,249,0
2026-08-02 08:31:24,1.0,83.1,438154.67,34.3,0.03,0.64,0.0,0.0,3.95,20,249,0
2026-08-02 08:31:30,1.8,82.8,445050.67,34.3,0.62,14.63,0.01,0.0,3.86,20,249,0
2026-08-02 08:31:36,1.3,83.1,437114.67,34.3,0.03,0.48,0.01,0.07,5.14,20,249,0
2026-08-02 08:31:42,1.4,83.1,438914.67,34.3,0.04,0.7,0.01,0.0,4.47,20,249,0
2026-08-02 08:31:48,1.5,82.5,455105.33,34.3,0.02,0.55,0.0,0.0,4.4,20,248,0
2026-08-02 08:31:54,15.6,81.3,484156.0,34.3,0.23,5.6,0.01,0.0,18.85,20,248,0
2026-08-02 08:32:00,0.8,81.1,491006.67,34.3,0.0,1.39,0.01,0.0,4.12,20,248,0
2026-08-02 08:32:06,0.3,80.9,494269.33,34.3,0.02,0.35,0.0,0.0,5.01,20,248,0
2026-08-02 08:32:12,0.4,81.1,491140.0,34.3,0.14,0.41,0.01,0.0,8.1,20,248,0
2026-08-02 08:32:18,0.5,81.2,486394.67,34.3,0.03,0.61,0.0,0.0,4.84,19,248,0
2026-08-02 08:32:24,0.1,81.1,490300.0,34.3,0.05,1.5,0.01,0.0,5.29,19,248,0
2026-08-02 08:32:30,2.9,81.1,489629.33,34.3,0.27,0.82,0.02,0.0,3.92,19,254,0
2026-08-02 08:32:36,6.4,81.1,490640.0,34.3,0.05,0.65,0.0,0.0,3.78,19,248,0
2026-08-02 08:32:42,0.9,80.9,494560.0,34.3,0.02,0.23,0.01,0.01,3.49,19,248,0
2026-08-02 08:32:48,0.0,81.0,492952.0,34.3,0.05,0.85,0.0,0.0,8.13,19,248,0
2026-08-02 08:32:54,0.5,81.1,490398.67,34.3,0.0,0.36,0.01,0.0,4.17,19,249,0
2026-08-02 08:33:00,0.1,81.3,485653.33,34.3,0.3,0.82,0.0,0.0,4.66,19,250,0
2026-08-02 08:33:06,0.3,81.1,489637.33,34.3,0.21,1.07,0.01,0.0,4.85,19,249,0
2026-08-02 08:33:12,4.6,81.1,489641.33,34.3,0.0,0.36,0.0,0.0,59.37,19,255,0
2026-08-02 08:33:18,8.7,81.1,489170.67,34.3,0.06,0.17,0.01,0.0,3.55,19,249,0
2026-08-02 08:33:24,0.1,81.0,492132.0,34.3,0.0,0.5,0.01,0.01,4.19,19,249,0
2026-08-02 08:33:30,1.4,81.2,486941.33,34.3,0.64,0.52,0.01,0.03,41.7,19,249,0
2026-08-02 08:33:36,0.3,80.8,497570.67,34.3,0.03,0.83,0.01,0.0,4.62,19,249,0
2026-08-02 08:33:42,0.4,80.9,494468.0,34.3,0.33,1.39,0.0,0.0,4.16,19,249,0
2026-08-02 08:33:48,1.0,80.8,498112.0,34.3,0.0,0.23,0.01,0.01,4.35,19,249,0
2026-08-02 08:33:54,2.9,81.0,492680.0,34.3,0.0,0.52,0.0,0.0,83.84,19,255,0
2026-08-02 08:34:00,6.6,81.1,491141.33,34.3,0.09,0.97,0.01,0.0,4.39,19,249,0
2026-08-02 08:34:06,0.7,80.8,498040.0,34.3,0.0,0.43,0.01,0.0,4.21,19,249,0
2026-08-02 08:34:12,0.1,81.0,492232.0,34.3,0.0,0.4,0.0,0.0,31.86,19,249,0
2026-08-02 08:34:18,0.5,80.9,496104.0,34.3,0.0,0.32,0.01,0.0,3.7,19,249,0
2026-08-02 08:34:24,0.3,80.8,497310.67,34.3,2.75,24.87,0.0,0.0,4.95,19,249,0
2026-08-02 08:34:30,0.3,80.9,496082.67,34.3,0.12,0.71,0.01,0.0,3.93,18,248,0
2026-08-02 08:34:36,6.2,80.9,495053.33,34.3,0.05,0.52,0.01,0.0,3.49,18,248,0
2026-08-02 08:34:43,4.5,80.5,504577.33,34.3,0.02,0.18,0.0,0.0,4.3,18,248,0
2026-08-02 08:34:49,2.5,80.6,504048.0,34.3,0.12,1.41,0.01,0.0,4.27,18,248,0
2026-08-02 08:34:55,0.5,80.6,502276.0,34.3,0.03,0.4,0.0,0.01,4.06,18,248,0
2026-08-02 08:35:01,0.9,80.7,500768.0,34.3,0.25,0.71,0.01,0.01,17.06,18,248,0
2026-08-02 08:35:07,0.9,80.8,498873.33,34.3,0.34,0.84,0.01,0.01,69.37,18,248,0
2026-08-02 08:35:13,1.4,80.9,495572.0,34.3,0.17,0.7,0.01,0.0,4.34,18,248,0
2026-08-02 08:35:19,5.9,81.0,494013.33,34.3,0.0,0.34,0.01,0.0,4.7,18,248,0
2026-08-02 08:35:25,0.9,80.8,498449.33,34.3,0.03,0.44,0.0,0.0,27.96,18,248,0
2026-08-02 08:35:31,0.4,80.8,498169.33,34.3,0.06,0.43,0.02,0.0,4.82,18,248,0
2026-08-02 08:35:37,2.4,80.6,502346.67,34.3,0.05,0.39,0.0,0.0,3.75,18,248,0
2026-08-02 08:35:43,1.2,80.5,506682.67,34.3,0.0,0.81,0.01,0.0,4.28,18,248,0
2026-08-02 08:35:49,0.1,80.7,500121.33,34.3,0.0,0.2,0.01,0.0,4.45,18,248,0
2026-08-02 08:35:55,0.5,80.6,504254.67,34.3,0.02,0.53,0.0,0.0,3.52,18,248,0
2026-08-02 08:36:01,9.1,80.7,499484.0,34.3,0.29,0.49,0.01,0.0,4.19,18,248,0
2026-08-02 08:36:07,0.9,80.6,503581.33,34.3,0.03,0.82,0.01,0.01,4.58,18,248,0
2026-08-02 08:36:13,0.1,80.8,498793.33,34.3,0.12,0.88,0.01,0.01,3.89,18,248,0
2026-08-02 08:36:19,1.9,80.8,498326.67,34.3,0.02,0.65,0.0,0.0,5.31,18,248,0
2026-08-02 08:36:25,0.3,80.7,499476.0,34.3,0.07,0.32,0.01,0.0,4.39,18,248,0
2026-08-02 08:36:31,0.8,80.5,506410.67,34.3,0.14,0.54,0.01,0.01,4.47,18,248,0
2026-08-02 08:36:37,0.5,80.6,503306.67,34.3,0.11,0.34,0.02,0.09,5.33,18,248,0
2026-08-02 08:36:43,7.9,80.7,500758.67,34.3,0.27,3.81,0.01,0.0,3.8,17,248,0
2026-08-02 08:36:49,1.2,80.6,504141.33,34.3,0.0,0.22,0.0,0.0,4.41,17,248,0
2026-08-02 08:36:55,0.0,80.6,503366.67,34.3,0.0,0.21,0.01,0.0,4.66,17,248,0
2026-08-02 08:37:01,1.2,80.8,497377.33,34.3,0.2,0.92,0.01,0.0,4.06,17,248,0
2026-08-02 08:37:07,0.4,80.8,497634.67,34.3,0.03,0.55,0.0,0.0,4.19,17,248,0
2026-08-02 08:37:13,0.1,80.6,503102.67,34.3,0.17,0.77,0.01,0.0,6.98,17,248,0
2026-08-02 08:37:19,0.4,80.6,503958.67,34.3,0.03,0.79,0.0,0.0,4.45,17,248,0
2026-08-02 08:37:25,6.2,80.8,499104.0,34.3,0.18,0.37,0.01,0.02,3.91,17,248,0
2026-08-02 08:37:31,0.4,80.7,501312.0,34.3,0.05,0.57,0.0,0.0,7.9,17,248,0
2026-08-02 08:37:37,2.2,80.9,496464.0,34.3,0.03,0.38,0.01,0.0,3.45,17,248,0
2026-08-02 08:37:43,0.9,80.8,499001.33,34.3,0.05,0.31,0.01,0.0,4.56,17,248,0
2026-08-02 08:37:49,4.4,80.5,505474.67,34.3,0.53,2.12,0.0,0.0,5.1,17,248,0
2026-08-02 08:37:55,0.7,80.5,504536.0,34.3,0.05,0.49,0.01,0.0,7.31,17,248,0
2026-08-02 08:38:01,2.3,80.8,498380.0,34.3,0.02,0.3,0.0,0.0,4.21,17,253,0
2026-08-02 08:38:07,6.1,80.7,501044.0,34.3,0.03,0.67,0.01,0.0,4.34,17,248,0
2026-08-02 08:38:13,3.8,80.8,498818.67,34.3,0.23,1.01,0.01,0.0,4.76,17,248,0
2026-08-02 08:38:19,0.3,80.8,497588.0,34.3,0.03,0.3,0.0,0.0,5.55,17,248,0
2026-08-02 08:38:25,2.2,80.7,499345.33,34.3,0.05,1.23,0.02,0.0,4.0,17,248,0
2026-08-02 08:38:31,1.8,80.0,518768.0,34.3,0.02,0.5,0.01,0.01,3.98,17,248,0
2026-08-02 08:38:38,19.6,80.5,504736.0,34.3,4.73,0.57,0.01,0.0,4.27,17,248,0
2026-08-02 08:38:44,10.3,79.7,525477.33,34.3,3.25,3.6,0.0,0.0,4.54,17,254,0
2026-08-02 08:38:50,6.8,79.5,530817.33,34.3,0.08,0.88,0.01,0.0,3.72,17,248,0
2026-08-02 08:38:56,0.3,79.7,525513.33,34.3,0.02,0.55,0.01,0.0,4.32,17,248,0
2026-08-02 08:39:02,0.1,79.7,526769.33,34.3,0.8,0.61,0.0,0.0,4.03,17,248,0
2026-08-02 08:39:08,0.5,79.6,529404.0,34.3,7.3,0.97,0.01,0.0,4.95,17,250,0
2026-08-02 08:39:14,3.2,79.5,532449.33,34.3,0.41,0.85,0.0,0.0,4.56,16,250,0
2026-08-02 08:39:20,0.1,79.4,534870.67,34.3,0.02,0.44,0.01,0.0,3.8,16,250,0
2026-08-02 08:39:26,6.0,79.5,530876.0,34.3,0.05,0.71,0.0,0.0,3.88,16,250,0
2026-08-02 08:39:32,6.1,79.6,528957.33,34.3,0.25,1.24,0.01,0.0,6.75,16,250,0
2026-08-02 08:39:38,0.3,79.4,535250.67,34.3,0.12,0.23,0.01,0.0,3.89,16,250,0
2026-08-02 08:39:44,0.1,79.5,532073.33,34.3,0.16,0.57,0.0,0.0,4.2,16,250,0
2026-08-02 08:39:50,0.3,79.5,530414.67,34.3,0.0,0.39,0.01,0.0,4.12,16,250,0
2026-08-02 08:39:56,0.9,79.6,529280.0,34.3,0.0,0.66,0.0,0.01,3.77,16,250,0
2026-08-02 08:40:02,0.8,79.5,530409.33,34.3,0.16,0.29,0.01,0.0,5.2,16,250,0
2026-08-02 08:40:08,6.0,79.5,532094.67,34.3,0.02,0.56,0.0,0.0,4.37,16,250,0
2026-08-02 08:40:14,6.1,79.5,531472.0,34.3,0.02,0.44,0.01,0.0,4.2,16,250,0
2026-08-02 08:40:20,0.9,79.5,530620.0,34.3,0.06,0.86,0.01,0.0,4.38,16,250,0
2026-08-02 08:40:26,1.4,79.5,531872.0,34.3,0.0,0.35,0.02,0.0,3.99,16,250,0
2026-08-02 08:40:32,0.4,79.7,527721.33,34.3,0.0,0.32,0.01,0.0,76.97,16,250,0
2026-08-02 08:40:38,1.0,79.6,530321.33,34.3,0.02,0.4,0.0,0.0,4.78,16,250,0
2026-08-02 08:40:44,3.8,79.4,533098.67,34.3,0.13,0.73,0.01,0.0,5.15,16,250,0
2026-08-02 08:40:50,6.0,79.6,528636.0,34.3,0.08,0.37,0.01,0.0,4.81,16,250,0
2026-08-02 08:40:56,3.7,79.5,531929.33,34.3,0.02,0.52,0.0,0.01,13.06,16,250,0
2026-08-02 08:41:02,0.1,79.5,530529.33,34.3,0.11,0.85,0.01,0.0,5.52,16,250,0
2026-08-02 08:41:08,1.4,79.5,532762.67,34.3,0.0,0.62,0.01,0.01,51.97,16,250,0
2026-08-02 08:41:14,1.3,79.5,532584.0,34.3,0.12,0.53,0.01,0.0,66.58,16,250,0
2026-08-02 08:41:20,0.1,79.4,533733.33,34.3,0.0,0.64,0.01,0.0,5.42,16,250,0
2026-08-02 08:41:26,1.8,79.5,532510.67,34.3,0.15,0.66,0.02,0.0,4.04,16,250,0
2026-08-02 08:41:32,7.2,79.6,528316.0,34.3,0.02,0.46,0.01,0.0,4.58,15,250,0
2026-08-02 08:41:38,0.4,79.5,531450.67,34.3,0.59,3.76,0.01,0.08,5.63,15,250,0
2026-08-02 08:41:44,0.1,79.5,531349.33,34.3,0.12,0.69,0.01,0.0,5.43,15,250,0
2026-08-02 08:41:50,3.2,79.5,530793.33,34.3,0.0,0.3,0.0,0.0,4.52,15,250,0
2026-08-02 08:41:56,0.1,79.6,530081.33,34.3,0.0,0.24,0.01,0.0,37.48,15,250,0
2026-08-02 08:42:03,0.5,79.6,529534.67,34.3,0.05,0.94,0.01,0.0,4.05,15,250,0
2026-08-02 08:42:09,3.6,79.7,526654.67,34.3,0.06,0.46,0.0,0.01,4.39,15,256,0
2026-08-02 08:42:15,5.4,79.8,524676.0,34.3,0.0,0.7,0.01,0.0,4.07,15,250,0
2026-08-02 08:42:21,0.4,79.7,525194.67,34.3,0.0,0.3,0.0,0.0,6.17,15,250,0
2026-08-02 08:42:27,0.0,79.7,525768.0,34.3,0.03,0.38,0.01,0.0,6.68,15,250,0
2026-08-02 08:42:33,0.9,79.7,525801.33,34.3,0.0,0.62,0.01,0.0,3.75,15,250,0
2026-08-02 08:42:39,0.0,79.8,525054.67,34.3,0.0,0.61,0.0,0.0,3.88,15,250,0
2026-08-02 08:42:45,0.1,79.7,527697.33,34.3,0.0,0.33,0.01,0.0,4.89,15,250,0
2026-08-02 08:42:51,6.3,79.7,527244.0,34.3,0.03,0.43,0.0,0.0,5.89,15,249,0
2026-08-02 08:42:57,4.4,79.8,525038.67,34.3,0.0,0.24,0.01,0.0,3.83,15,249,0
2026-08-02 08:43:03,0.0,79.6,529594.67,34.3,0.0,0.61,0.0,0.0,9.02,15,249,0
2026-08-02 08:43:09,1.7,79.5,531769.33,34.3,0.0,1.64,0.01,0.0,5.54,15,249,0
2026-08-02 08:43:15,0.5,79.6,529508.0,34.3,0.0,0.25,0.01,0.0,3.67,15,249,0
2026-08-02 08:43:21,5.6,80.0,519738.67,34.3,0.02,0.54,0.0,0.0,4.01,15,249,0
2026-08-02 08:43:27,0.1,78.3,561681.33,34.3,0.12,1.05,0.01,0.0,44.8,15,249,0
2026-08-02 08:43:33,5.0,78.9,546785.33,34.3,0.03,0.49,0.0,0.01,3.97,15,250,0
2026-08-02 08:43:39,0.9,78.9,545984.0,34.3,0.05,0.64,0.01,0.0,4.12,15,249,0
2026-08-02 08:43:45,0.8,78.8,548790.67,34.3,0.19,0.69,0.01,0.0,4.69,14,249,0
2026-08-02 08:43:51,0.5,78.9,547076.0,34.3,0.11,0.62,0.0,0.0,5.07,14,249,0
2026-08-02 08:43:57,3.7,79.0,544812.0,34.3,0.08,0.55,0.01,0.0,4.34,14,249,0
2026-08-02 08:44:03,0.5,79.0,543461.33,34.3,0.33,1.29,0.0,0.0,3.5,14,249,0
2026-08-02 08:44:09,1.0,79.2,539962.67,34.3,0.18,0.64,0.01,0.0,4.32,14,249,0
2026-08-02 08:44:15,5.9,79.1,542249.33,34.3,0.16,0.5,0.0,0.0,5.77,14,249,0
2026-08-02 08:44:21,3.6,78.9,546176.0,34.3,0.04,0.8,0.01,0.0,3.81,14,249,0
2026-08-02 08:44:27,0.9,78.9,546256.0,34.3,0.04,0.41,0.02,0.0,7.99,14,249,0
2026-08-02 08:44:33,0.3,78.9,546060.0,34.3,0.16,0.38,0.0,0.0,4.19,14,249,0
2026-08-02 08:44:39,0.3,78.8,549988.0,34.3,0.11,0.88,0.01,0.01,3.89,14,249,0
2026-08-02 08:44:45,0.1,79.0,545112.0,34.3,0.06,0.55,0.0,0.0,4.12,14,250,0
2026-08-02 08:44:51,1.5,78.9,547856.0,34.3,0.14,0.84,0.01,0.0,3.99,14,253,0
2026-08-02 08:44:57,5.6,79.0,544600.0,34.3,0.22,1.04,0.01,0.0,3.89,14,249,0
2026-08-02 08:45:03,0.4,79.1,541854.67,34.3,0.2,0.98,0.0,0.0,6.12,14,249,0
2026-08-02 08:45:09,0.1,79.0,543845.33,34.3,0.02,0.5,0.01,0.0,3.46,14,249,0
2026-08-02 08:45:15,1.0,79.0,544966.67,34.3,0.05,0.48,0.0,0.0,5.35,14,249,0
2026-08-02 08:45:21,0.0,78.7,552025.33,34.3,0.05,0.28,0.01,0.0,4.09,14,249,0
2026-08-02 08:45:27,0.5,78.8,549521.33,34.3,0.25,0.98,0.02,0.0,4.48,14,249,0
2026-08-02 08:45:33,4.9,79.0,545782.67,34.3,0.11,0.66,0.02,0.01,6.3,14,255,0
2026-08-02 08:45:39,4.9,78.9,547332.0,34.3,0.0,0.28,0.01,0.0,12.05,14,249,0
2026-08-02 08:45:45,0.7,79.0,545022.67,34.3,0.03,0.66,0.0,0.0,4.12,14,249,0
2026-08-02 08:45:51,0.5,79.1,542810.67,34.3,0.3,1.03,0.01,0.0,4.71,14,249,0
2026-08-02 08:45:58,0.5,79.1,541925.33,34.3,0.09,0.35,0.01,0.0,4.56,13,249,0
2026-08-02 08:46:04,1.2,79.1,542721.33,34.3,0.03,0.5,0.03,0.01,4.35,13,249,0
2026-08-02 08:46:10,0.1,79.1,543000.0,34.3,0.0,0.8,0.01,0.01,4.01,13,249,0
2026-08-02 08:46:16,5.3,79.1,543280.0,34.3,0.0,0.31,0.0,0.0,4.92,13,249,0
2026-08-02 08:46:22,2.6,79.0,545824.0,34.3,0.02,0.38,0.01,0.0,4.25,13,249,0
2026-08-02 08:46:28,1.0,79.1,541800.0,34.3,0.05,0.26,0.0,0.0,4.2,13,249,0
2026-08-02 08:46:34,1.1,79.0,543737.33,34.3,0.28,3.36,0.02,0.09,3.38,13,249,0
2026-08-02 08:46:40,0.7,78.7,551749.33,34.3,0.0,0.49,0.0,0.0,4.47,13,249,0
2026-08-02 08:46:46,0.4,78.9,547288.0,34.3,0.0,0.27,0.01,0.0,5.21,13,249,0
2026-08-02 08:46:52,2.6,79.0,545085.33,34.3,0.02,0.34,0.01,0.0,4.8,13,249,0
2026-08-02 08:46:58,6.6,79.0,545652.0,34.3,0.12,0.67,0.0,0.0,4.16,13,249,0
2026-08-02 08:47:04,2.5,78.9,547158.67,34.3,0.03,0.73,0.01,0.0,49.05,13,249,0
2026-08-02 08:47:10,0.9,79.0,544062.67,34.3,0.23,0.67,0.0,0.0,4.92,13,249,0
2026-08-02 08:47:16,0.7,79.0,544904.0,34.3,0.12,0.88,0.01,0.01,4.49,13,249,0
2026-08-02 08:47:22,0.7,79.1,543193.33,34.3,0.0,0.31,0.0,0.0,32.2,13,249,0
2026-08-02 08:47:28,0.7,78.9,546161.33,34.3,0.04,0.48,0.02,0.0,4.7,13,249,0
2026-08-02 08:47:34,1.2,79.1,542326.67,34.3,0.21,0.23,0.01,0.0,3.95,13,249,0
2026-08-02 08:47:40,5.0,79.2,539970.67,34.3,0.05,0.71,0.0,0.0,4.18,13,249,0
2026-08-02 08:47:46,0.5,79.0,543586.67,34.3,0.06,0.36,0.01,0.0,4.16,13,249,0
2026-08-02 08:47:52,0.1,79.0,545473.33,34.3,0.05,0.26,0.0,0.0,5.12,13,250,0
2026-08-02 08:47:58,0.1,78.9,546158.67,34.3,0.03,0.49,0.01,0.0,4.56,13,250,0
2026-08-02 08:48:04,1.3,79.0,544128.0,34.3,0.09,0.96,0.01,0.0,4.31,13,250,0
2026-08-02 08:48:10,0.1,78.9,546386.67,34.3,0.02,2.1,0.0,0.0,22.53,13,250,0
2026-08-02 08:48:16,4.0,79.1,541934.67,34.3,0.02,0.6,0.01,0.0,4.17,13,256,0
2026-08-02 08:48:22,6.8,79.0,544041.33,34.3,0.06,0.22,0.0,0.01,34.88,12,250,0
2026-08-02 08:48:28,2.1,79.0,543466.67,34.3,0.0,0.78,0.01,0.0,3.71,12,250,0
2026-08-02 08:48:34,0.1,79.0,545229.33,34.3,0.0,0.54,0.0,0.0,4.96,12,250,0
2026-08-02 08:48:40,0.1,79.8,524053.33,34.3,0.02,0.34,0.01,0.0,4.16,12,250,0
2026-08-02 08:48:46,7.3,78.8,550166.67,34.3,0.05,3.45,0.01,0.0,4.12,12,250,0
2026-08-02 08:48:52,0.7,78.7,551365.33,34.3,0.03,0.39,0.0,0.0,4.35,12,250,0
2026-08-02 08:48:58,4.3,79.0,543854.67,34.3,0.19,0.51,0.01,0.0,4.84,12,256,0
2026-08-02 08:49:04,6.4,79.1,542806.67,34.3,0.03,0.87,0.0,0.0,6.06,12,250,0
2026-08-02 08:49:10,0.8,79.1,541478.67,34.3,0.0,0.53,0.01,0.0,4.22,12,250,0
2026-08-02 08:49:16,1.5,79.2,539781.33,34.3,0.0,0.24,0.01,0.0,3.97,12,250,0
2026-08-02 08:49:22,1.0,79.0,543704.0,34.3,0.0,0.49,0.0,0.0,4.28,12,250,0
2026-08-02 08:49:28,1.4,79.0,543542.67,34.3,0.02,0.87,0.02,0.0,4.65,12,250,0
2026-08-02 08:49:34,0.4,79.0,544333.33,34.3,0.0,0.29,0.0,0.0,4.04,12,250,0
2026-08-02 08:49:40,4.9,79.2,539730.67,34.3,0.02,0.47,0.01,0.0,7.18,12,250,0
2026-08-02 08:49:47,5.2,79.2,538617.33,34.3,0.0,0.66,0.01,0.01,4.32,12,250,0
2026-08-02 08:49:53,2.5,79.1,542638.67,34.3,0.02,0.4,0.0,0.0,4.19,12,250,0
2026-08-02 08:49:59,6.0,78.8,549164.0,34.3,0.26,0.32,0.01,0.0,23.0,12,250,0
2026-08-02 08:50:05,1.5,79.0,543758.67,34.3,0.27,0.2,0.0,0.0,3.5,12,250,0
2026-08-02 08:50:11,2.2,79.1,541964.0,34.3,0.03,1.2,0.01,0.01,4.42,12,250,0
2026-08-02 08:50:17,1.4,79.1,541589.33,34.3,0.16,0.48,0.0,0.0,3.92,12,250,0
2026-08-02 08:50:23,4.9,79.1,541889.33,34.3,0.0,0.45,0.01,0.0,3.5,12,250,0
2026-08-02 08:50:29,2.9,78.9,546341.33,34.3,0.12,1.26,0.02,0.0,3.99,11,250,0
2026-08-02 08:50:35,0.1,79.1,541321.33,34.3,0.0,0.15,0.0,0.0,3.96,11,250,0
2026-08-02 08:50:41,0.9,79.2,540498.67,34.3,0.0,0.55,0.01,0.0,4.1,11,250,0
2026-08-02 08:50:47,0.5,79.2,539273.33,34.3,0.12,0.31,0.0,0.01,53.05,11,250,0
2026-08-02 08:50:53,2.3,79.1,542742.67,34.3,0.02,0.68,0.01,0.0,4.5,11,250,0
2026-08-02 08:50:59,1.5,79.1,541332.0,34.3,0.02,0.49,0.0,0.0,4.27,11,250,0
2026-08-02 08:51:05,10.5,79.2,540377.33,34.3,0.03,0.44,0.01,0.01,3.57,11,250,0
2026-08-02 08:51:11,0.1,79.0,543353.33,34.3,0.0,0.81,0.01,0.0,3.88,11,250,0
2026-08-02 08:51:17,0.1,79.0,544006.67,34.3,0.0,0.44,0.0,0.0,4.25,11,250,0
2026-08-02 08:51:23,0.1,79.0,544881.33,34.3,0.02,0.68,0.01,0.0,56.95,11,250,0
2026-08-02 08:51:29,1.0,79.0,544881.33,34.3,0.02,0.54,0.0,0.0,3.96,11,250,0
2026-08-02 08:51:35,0.3,79.0,544845.33,34.3,0.33,3.61,0.01,0.07,4.35,11,250,0
2026-08-02 08:51:41,4.0,79.0,544126.67,34.3,0.0,0.31,0.01,0.0,4.05,11,256,0
2026-08-02 08:51:47,6.1,79.1,541032.0,34.3,0.12,0.67,0.0,0.0,3.58,11,250,0
2026-08-02 08:51:53,0.3,79.2,539784.0,34.3,0.09,0.7,0.01,0.0,4.16,11,251,0
2026-08-02 08:51:59,1.9,79.3,535533.33,34.3,0.03,0.36,0.0,0.01,7.23,11,251,0
2026-08-02 08:52:05,1.0,79.3,536116.0,34.3,0.33,1.0,0.01,0.0,4.23,11,251,0
2026-08-02 08:52:11,1.0,79.4,533804.0,34.3,0.03,0.82,0.0,0.0,12.76,11,250,0
2026-08-02 08:52:17,1.2,79.0,544578.67,34.3,0.0,0.37,0.01,0.0,4.14,11,250,0
2026-08-02 08:52:23,6.8,79.1,542668.0,34.3,0.0,0.78,0.0,0.0,4.78,11,250,0
2026-08-02 08:52:29,8.0,79.1,542846.67,34.3,0.0,0.36,0.01,0.01,4.22,11,250,0
2026-08-02 08:52:35,0.0,79.2,539934.67,34.3,0.0,0.86,0.01,0.0,4.3,10,250,0
2026-08-02 08:52:41,2.9,79.2,539285.33,34.3,0.06,0.25,0.0,0.0,4.53,10,250,0
2026-08-02 08:52:47,0.4,79.3,536753.33,34.3,0.02,0.33,0.01,0.0,4.31,10,250,0
2026-08-02 08:52:53,0.8,79.3,535712.0,34.3,0.02,0.67,0.0,0.0,43.0,10,250,0
2026-08-02 08:52:59,1.4,79.2,539901.33,34.3,0.06,0.45,0.01,0.0,4.72,10,250,0
2026-08-02 08:53:05,5.6,79.3,537248.0,34.3,0.05,0.8,0.01,0.0,3.84,10,250,0
2026-08-02 08:53:11,2.1,79.3,537640.0,34.3,0.06,0.8,0.0,0.0,4.6,10,250,0
2026-08-02 08:53:17,0.9,79.2,539853.33,34.3,0.05,0.59,0.01,0.0,7.01,10,250,0
2026-08-02 08:53:24,0.4,79.2,540242.67,34.3,0.09,0.56,0.0,0.01,4.32,10,250,0
2026-08-02 08:53:30,0.1,78.9,545945.33,34.3,0.03,0.49,0.02,0.0,4.59,10,250,0
2026-08-02 08:53:36,0.4,79.2,540304.0,34.3,0.64,2.99,0.01,0.0,5.06,10,250,0
2026-08-02 08:53:42,0.8,79.1,542126.67,34.3,0.02,0.43,0.01,0.0,4.48,10,250,0
2026-08-02 08:53:48,7.5,79.3,536526.67,34.3,0.03,0.71,0.01,0.0,35.52,10,250,0
2026-08-02 08:53:54,1.2,79.3,537998.67,34.3,0.02,0.31,0.01,0.0,111.42,10,250,0
2026-08-02 08:54:00,1.0,79.3,536138.67,34.3,0.39,1.42,0.01,0.01,289.39,10,250,0
2026-08-02 08:54:06,0.5,79.3,535569.33,34.3,0.3,0.23,0.0,0.0,125.25,10,250,0
2026-08-02 08:54:12,0.3,79.1,542357.33,34.3,0.17,1.02,0.01,0.0,95.73,10,250,0
2026-08-02 08:54:18,2.6,79.1,541213.33,34.3,0.02,0.38,0.0,0.0,149.33,10,250,0
2026-08-02 08:54:25,7.0,79.3,536318.67,34.3,0.13,0.18,0.01,0.0,512.58,10,250,1
2026-08-02 08:54:31,0.0,79.3,537518.67,34.3,0.0,0.56,0.01,0.0,445.55,10,250,1
2026-08-02 08:54:38,0.3,79.3,537881.33,34.3,0.16,0.86,0.01,0.01,283.04,10,250,0
2026-08-02 08:54:44,0.1,79.2,538813.33,34.3,0.0,0.32,0.01,0.0,3.5,10,250,0
2026-08-02 08:54:50,1.7,79.3,537733.33,34.3,0.03,0.52,0.0,0.0,3.94,10,250,0
2026-08-02 08:54:56,5.7,79.3,536605.33,34.3,0.08,0.76,0.01,0.0,8.02,9,250,0
2026-08-02 08:55:02,1.8,79.4,535386.67,34.3,0.03,0.59,0.0,0.0,7.85,9,250,0
2026-08-02 08:55:08,0.1,79.0,543685.33,34.3,0.0,0.21,0.01,0.0,4.89,9,250,0
2026-08-02 08:55:14,0.6,79.2,540618.67,34.3,0.06,0.92,0.0,0.0,4.33,9,250,0
2026-08-02 08:55:20,0.1,79.2,538445.33,34.3,0.06,0.56,0.01,0.0,13.0,9,250,0
2026-08-02 08:55:26,0.9,79.2,539400.0,34.3,0.03,0.8,0.02,0.0,80.17,9,250,0
2026-08-02 08:55:32,2.5,79.3,537582.67,34.3,0.09,0.44,0.0,0.0,4.16,9,255,0
2026-08-02 08:55:38,6.9,79.4,534161.33,34.3,0.14,0.64,0.01,0.0,4.35,9,250,0
2026-08-02 08:55:44,0.4,79.0,543814.67,34.3,0.17,1.14,0.0,0.0,4.87,9,250,0
2026-08-02 08:55:50,0.1,79.2,539817.33,34.3,0.06,0.5,0.01,0.0,3.97,9,250,0
2026-08-02 08:55:56,0.3,79.2,539585.33,34.3,0.0,0.42,0.01,0.01,5.08,9,250,0
2026-08-02 08:56:02,0.7,79.2,539477.33,34.3,0.06,0.73,0.0,0.0,39.5,9,250,0
2026-08-02 08:56:08,0.8,79.4,534525.33,34.3,0.02,0.71,0.01,0.01,4.12,9,250,0
2026-08-02 08:56:14,3.6,79.5,532754.67,34.3,14.09,0.46,0.01,0.01,4.14,9,256,0
2026-08-02 08:56:20,8.1,79.4,534486.67,34.3,0.12,0.82,0.01,0.0,4.21,9,251,0
2026-08-02 08:56:26,1.4,79.5,531185.33,34.3,0.47,1.25,0.02,0.0,5.58,9,250,0
2026-08-02 08:56:32,1.2,79.3,537368.0,34.3,0.02,0.79,0.01,0.0,3.7,9,250,0
2026-08-02 08:56:38,0.1,79.3,536697.33,34.3,0.0,0.25,0.02,0.08,4.1,9,250,0
2026-08-02 08:56:44,5.7,79.4,535229.33,34.3,0.12,3.6,0.0,0.0,12.4,9,250,0
2026-08-02 08:56:50,3.1,79.1,542253.33,34.3,0.0,0.21,0.01,0.0,4.45,9,250,0
2026-08-02 08:56:56,3.6,79.3,536105.33,34.3,0.09,0.53,0.0,0.0,4.02,9,256,0
2026-08-02 08:57:02,5.3,79.4,534048.0,34.3,0.04,0.75,0.01,0.0,36.38,9,250,0
2026-08-02 08:57:09,2.3,79.4,535460.0,34.3,0.0,0.39,0.01,0.0,68.79,8,250,0
2026-08-02 08:57:15,2.7,79.3,537544.0,34.3,0.02,0.96,0.0,0.01,7.4,8,250,0
2026-08-02 08:57:21,1.3,79.4,534389.33,34.3,0.07,0.38,0.01,0.0,4.41,8,250,0
2026-08-02 08:57:27,0.0,79.2,539208.0,34.3,0.09,0.48,0.0,0.0,4.7,8,250,0
2026-08-02 08:57:33,1.4,79.2,538318.67,34.3,0.05,0.45,0.01,0.0,4.58,8,250,0
2026-08-02 08:57:39,6.5,79.4,534932.0,34.3,0.05,0.73,0.01,0.0,3.75,8,250,0
2026-08-02 08:57:45,3.4,79.2,540285.33,34.3,0.16,0.74,0.0,0.0,3.95,8,250,0
2026-08-02 08:57:51,0.3,79.3,536685.33,34.3,0.23,0.56,0.01,0.04,4.08,8,249,0
2026-08-02 08:57:57,0.3,79.3,536634.67,34.3,0.27,0.75,0.0,0.0,4.57,8,249,0
2026-08-02 08:58:03,0.8,79.3,535853.33,34.3,0.16,1.09,0.01,0.0,8.04,8,249,0
2026-08-02 08:58:09,1.4,79.2,539828.0,34.3,0.06,0.62,0.0,0.0,4.47,8,249,0
2026-08-02 08:58:15,0.4,79.4,535333.33,34.3,0.11,0.39,0.01,0.0,132.22,8,249,0
2026-08-02 08:58:21,8.8,79.5,532694.67,34.3,0.03,0.71,0.01,0.01,4.93,8,249,0
2026-08-02 08:58:27,11.3,78.5,557688.0,34.3,0.19,0.71,0.01,0.03,4.37,8,249,0
2026-08-02 08:58:33,0.7,78.9,547572.0,34.3,0.73,3.23,0.01,0.0,3.66,8,249,0
2026-08-02 08:58:39,0.5,79.7,526877.33,34.3,0.03,0.29,0.0,0.0,3.88,8,249,0
2026-08-02 08:58:45,0.5,78.9,547570.67,34.3,0.02,1.14,0.01,0.0,4.7,8,249,0
2026-08-02 08:58:51,1.6,78.8,549744.0,34.3,0.09,1.1,0.01,0.0,3.57,8,249,0
2026-08-02 08:58:57,3.8,78.9,548300.0,34.3,0.0,0.13,0.0,0.0,4.66,8,253,0
2026-08-02 08:59:03,6.1,79.0,543350.67,34.3,0.08,0.97,0.01,0.0,5.85,8,249,0
2026-08-02 08:59:09,2.3,79.2,540174.67,34.3,0.27,0.61,0.0,0.0,4.71,8,249,0
2026-08-02 08:59:15,3.0,79.0,544609.33,34.3,0.25,1.02,0.01,0.0,3.68,8,249,0
2026-08-02 08:59:21,0.9,78.9,548062.67,34.3,0.02,0.53,0.01,0.0,3.45,8,249,0
2026-08-02 08:59:27,0.0,79.0,544304.0,34.3,0.38,0.3,0.02,0.0,30.18,7,249,0
2026-08-02 08:59:33,0.8,79.0,543502.67,34.3,0.17,1.03,0.01,0.01,4.69,7,249,0
2026-08-02 08:59:39,5.2,79.2,540369.33,34.3,0.0,0.48,0.0,0.0,4.3,7,249,0
2026-08-02 08:59:45,6.0,79.3,537952.0,34.3,0.02,0.24,0.01,0.0,5.64,7,249,0
2026-08-02 08:59:51,1.9,79.1,540980.0,34.3,0.27,1.07,0.0,0.0,4.72,7,249,0
2026-08-02 08:59:57,0.1,79.1,541116.0,34.3,0.02,0.48,0.01,0.0,5.55,7,249,0
2026-08-02 09:00:03,1.0,79.3,537792.0,34.4,0.05,0.4,0.01,0.0,3.89,7,249,0
2026-08-02 09:00:09,0.8,79.1,542453.33,34.4,0.14,1.26,0.0,0.0,4.09,7,249,0
2026-08-02 09:00:15,0.3,79.1,542857.33,34.4,0.05,0.37,0.01,0.0,4.34,7,249,0
2026-08-02 09:00:21,5.2,79.1,542792.0,34.4,0.05,0.27,0.0,0.0,3.78,7,249,0
2026-08-02 09:00:28,0.5,79.1,542938.67,34.4,0.22,0.77,0.02,0.0,3.49,7,249,0
2026-08-02 09:00:34,1.6,79.1,542108.0,34.4,0.02,0.82,0.01,0.01,4.14,7,249,0
2026-08-02 09:00:40,0.0,79.2,540544.0,34.4,0.02,0.33,0.0,0.0,3.83,7,249,0
2026-08-02 09:00:46,0.4,79.0,544784.0,34.4,0.14,0.68,0.01,0.0,4.04,7,249,0
2026-08-02 09:00:52,0.3,79.1,541649.33,34.4,0.02,0.25,0.0,0.0,4.19,7,249,0
2026-08-02 09:00:58,0.3,79.0,545056.0,34.4,0.27,1.18,0.01,0.0,4.89,7,249,0
2026-08-02 09:01:04,5.5,79.2,538617.33,34.4,0.0,0.38,0.0,0.01,6.11,7,249,0
2026-08-02 09:01:10,1.3,79.2,539524.0,34.4,0.11,0.5,0.01,0.01,5.26,7,249,0
2026-08-02 09:01:16,5.5,78.8,550201.33,34.4,0.11,0.95,0.01,0.0,3.53,7,249,0
2026-08-02 09:01:22,0.4,78.9,547413.33,34.4,0.0,0.33,0.0,0.0,12.91,7,249,0
2026-08-02 09:01:28,1.3,79.0,545324.0,34.4,0.09,0.84,0.01,0.0,4.6,7,249,0
2026-08-02 09:01:34,1.1,79.0,545516.0,34.4,0.03,0.71,0.0,0.0,3.29,7,249,0
2026-08-02 09:01:40,2.6,79.0,545181.33,34.4,1.31,4.4,0.01,0.08,3.94,7,255,0
2026-08-02 09:01:46,5.2,79.3,537684.0,34.4,0.19,0.38,0.01,0.0,4.4,7,249,0
2026-08-02 09:01:52,1.4,79.0,544822.67,34.4,0.03,0.46,0.0,0.0,3.85,7,249,0
2026-08-02 09:01:58,0.9,79.0,544428.0,34.4,0.05,0.71,0.01,0.0,11.22,7,249,0
2026-08-02 09:02:04,2.6,79.0,543318.67,34.4,1.42,5.14,0.0,0.01,4.36,7,249,0
2026-08-02 09:02:10,4.4,80.6,502929.33,34.4,28.3,2.39,0.01,0.0,4.83,6,252,0
2026-08-02 09:02:16,1.4,80.4,507273.33,34.4,3.68,1.23,0.0,0.0,4.19,6,250,0
2026-08-02 09:02:22,5.1,80.2,513612.0,34.4,0.19,0.93,0.01,0.0,4.65,6,256,0
2026-08-02 09:02:28,5.8,80.1,516781.33,34.4,0.0,0.36,0.02,0.0,3.94,6,250,0
2026-08-02 09:02:34,2.8,80.1,515949.33,34.4,0.26,0.82,0.0,0.0,4.99,6,250,0
2026-08-02 09:02:40,44.4,82.7,449709.33,34.4,57.78,1.39,0.04,0.04,3.54,6,259,0
2026-08-02 09:02:46,11.8,85.6,374610.67,34.4,58.75,11.35,0.21,0.19,4.44,6,258,0
2026-08-02 09:02:52,14.2,84.3,407078.67,34.4,4.28,7.25,0.02,0.02,4.04,6,258,0
2026-08-02 09:02:58,14.6,84.0,415864.0,34.4,4.89,25.55,0.01,0.0,3.9,6,258,0
2026-08-02 09:03:04,6.4,84.8,393450.67,34.4,0.28,0.85,0.0,0.0,4.01,6,258,0
2026-08-02 09:03:10,4.2,82.4,456017.33,34.4,14.05,2.9,0.07,0.4,3.96,6,258,0
2026-08-02 09:03:16,0.8,82.2,460837.33,34.4,1.45,2.39,0.01,0.02,4.12,7,257,0
2026-08-02 09:03:22,2.2,82.3,458605.33,34.4,0.13,0.97,0.01,0.01,3.73,7,257,0
2026-08-02 09:03:28,1.0,82.3,458158.67,34.4,5.22,1.51,0.01,0.02,4.06,7,256,0
2026-08-02 09:03:34,0.0,82.3,458274.67,34.4,0.1,2.23,0.01,0.01,3.93,7,256,0
2026-08-02 09:03:40,2.6,82.1,464792.0,34.4,0.33,0.72,0.01,0.0,3.86,7,256,0
2026-08-02 09:03:46,3.5,82.0,466674.67,34.4,2.65,3.94,0.01,0.02,4.16,8,254,0
2026-08-02 09:03:52,6.9,82.0,467521.33,34.4,1.15,3.76,4.25,0.11,3.89,8,254,0
2026-08-02 09:03:58,1.2,82.0,466325.33,34.4,0.24,2.27,0.0,0.0,4.0,8,254,0
2026-08-02 09:04:04,0.3,82.0,467365.33,34.4,0.14,0.93,0.01,0.0,4.1,8,253,0
2026-08-02 09:04:10,3.2,81.5,479806.67,34.4,0.49,5.64,0.01,0.0,4.16,8,253,0
2026-08-02 09:04:16,5.4,81.8,470820.0,34.4,1.35,1.86,0.01,0.08,3.75,9,253,0
2026-08-02 09:04:22,0.4,82.0,467586.67,34.4,0.03,1.09,0.01,0.0,4.75,9,253,0
2026-08-02 09:04:28,1.3,81.9,468508.0,34.4,0.27,1.19,0.0,0.0,3.71,10,253,0
2026-08-02 09:04:34,0.3,82.0,467244.0,34.4,0.06,0.34,0.01,0.01,3.84,10,253,0
2026-08-02 09:04:40,0.3,82.0,465906.67,34.4,0.97,4.37,0.0,0.0,4.48,10,253,0
2026-08-02 09:04:46,3.0,82.0,467861.33,34.4,0.56,3.84,0.01,0.0,3.84,10,253,0
2026-08-02 09:04:52,1.4,81.9,469946.67,34.4,0.2,0.91,0.01,0.0,8.35,10,253,0
2026-08-02 09:04:58,0.0,81.9,470328.0,34.4,0.06,0.33,0.0,0.0,4.5,10,253,0
2026-08-02 09:05:04,0.1,82.0,468060.0,34.4,1.08,1.24,0.01,0.0,4.71,10,253,0
2026-08-02 09:05:10,1.0,82.0,466808.0,34.4,0.19,1.25,0.01,0.01,3.85,11,253,0
2026-08-02 09:05:16,0.4,82.1,465454.67,34.4,0.06,0.21,0.01,0.0,3.85,11,253,0
2026-08-02 09:05:22,2.7,81.9,469754.67,34.4,0.19,0.93,0.01,0.0,3.52,11,253,0
2026-08-02 09:05:28,0.4,81.8,472048.0,34.4,0.2,0.5,0.02,0.0,3.63,11,253,0
2026-08-02 09:05:34,2.4,81.9,470381.33,34.4,0.05,0.96,0.01,0.0,4.11,11,253,0
2026-08-02 09:05:40,25.2,83.1,438661.33,34.4,72.87,3.64,0.01,0.02,65.69,12,260,0
2026-08-02 09:05:47,7.9,85.3,380564.0,34.4,1072.48,19.73,0.06,0.36,3.16,12,261,0
2026-08-02 09:05:53,0.8,86.0,363458.67,34.4,55.34,4.06,0.01,0.0,3.7,12,265,0
2026-08-02 09:05:59,3.3,85.9,366477.33,34.4,0.7,2.25,0.01,0.01,4.14,12,261,0
2026-08-02 09:06:05,3.9,87.9,313718.67,34.4,5.45,2.99,0.01,0.01,3.8,12,260,0
2026-08-02 09:06:11,0.5,87.7,320065.33,34.4,3.19,3.94,0.0,0.0,3.95,13,259,0
2026-08-02 09:06:17,0.4,86.7,345806.67,34.4,0.77,1.64,0.01,0.0,3.93,13,258,0
2026-08-02 09:06:23,1.3,85.4,378461.33,34.4,0.66,6.8,0.0,0.0,4.33,13,258,0
2026-08-02 09:06:29,9.3,85.4,379433.33,34.4,0.31,1.35,0.01,0.01,4.15,14,258,0
2026-08-02 09:06:35,0.8,85.3,380330.67,34.4,0.27,0.48,0.02,0.09,3.54,14,258,0
2026-08-02 09:06:41,5.8,85.6,374192.0,34.4,6.34,2.33,0.0,0.0,3.95,14,258,0
2026-08-02 09:06:47,0.0,85.6,372372.0,34.4,1.12,1.25,0.01,0.01,3.85,14,257,0
2026-08-02 09:06:53,1.6,85.5,375890.67,34.4,0.02,0.4,0.0,0.0,4.12,14,256,0
2026-08-02 09:06:59,0.4,85.4,379176.0,34.4,0.36,0.96,0.01,0.01,4.18,14,256,0
2026-08-02 09:07:05,22.1,86.6,348402.67,34.3,95.79,16.57,0.0,0.0,3.67,14,261,0
2026-08-02 09:07:11,54.5,86.5,350886.67,34.3,90.64,7.27,0.03,0.05,4.17,15,275,0
2026-08-02 09:07:17,18.3,86.5,349057.33,34.3,158.34,86.25,0.01,0.01,3.65,15,265,0
2026-08-02 09:07:23,10.1,86.8,343454.67,34.3,40.0,42.6,0.0,0.0,4.2,15,263,0
2026-08-02 09:07:29,11.3,85.7,371141.33,34.3,10.29,19.79,0.01,0.01,5.13,16,262,0
2026-08-02 09:07:35,9.0,85.5,375345.33,34.3,1.82,6.86,0.0,0.0,4.15,16,262,0
2026-08-02 09:07:41,14.5,84.3,408280.0,34.3,0.99,8.48,0.01,0.0,3.87,16,261,0
2026-08-02 09:07:47,8.6,83.8,420434.67,34.3,0.96,6.82,0.01,0.01,3.98,16,260,0
2026-08-02 09:07:53,10.0,83.3,434130.67,34.3,0.12,5.17,0.0,0.0,4.16,16,260,0
2026-08-02 09:07:59,10.0,83.1,438964.0,34.3,0.05,5.59,0.01,0.01,3.49,16,260,0
2026-08-02 09:08:05,8.6,82.7,449801.33,34.3,2.49,7.41,0.01,0.1,4.04,16,260,0
2026-08-02 09:08:11,9.8,81.8,471177.33,34.3,4.51,11.38,0.01,0.0,4.08,17,260,0
2026-08-02 09:08:17,11.1,81.5,481001.33,34.3,5.95,13.61,0.0,0.0,3.98,17,260,0
2026-08-02 09:08:23,9.5,81.2,487906.67,34.3,3.81,11.38,0.01,0.0,4.22,17,260,0
2026-08-02 09:08:29,12.7,80.9,494945.33,34.3,4.16,10.47,0.02,0.0,3.79,18,260,0
2026-08-02 09:08:35,9.0,80.7,500794.67,34.3,67.9,2.12,0.01,0.0,5.54,18,259,0
2026-08-02 09:08:41,14.1,80.9,494349.33,34.3,16.07,0.73,0.01,0.0,3.14,18,258,0
2026-08-02 09:08:47,19.2,80.0,518696.0,34.3,35.95,10.02,0.01,0.03,3.37,18,260,0
2026-08-02 09:08:53,11.1,80.0,519030.67,34.3,3.76,3.43,0.01,0.0,3.57,18,259,0
2026-08-02 09:08:59,9.5,79.5,532448.0,34.3,0.73,3.92,0.0,0.0,3.37,18,259,0
2026-08-02 09:09:05,9.5,78.5,557766.67,34.3,0.18,1.2,0.01,0.01,4.08,18,259,0
2026-08-02 09:09:11,8.9,78.5,557641.33,34.3,0.72,0.74,0.0,0.0,3.64,19,259,0
2026-08-02 09:09:17,9.0,77.5,584624.0,34.3,0.38,1.7,0.01,0.0,4.11,19,259,0
2026-08-02 09:09:23,20.5,76.9,598268.0,34.3,0.09,0.23,0.0,0.0,3.36,19,259,0
2026-08-02 09:09:29,13.5,76.4,613297.33,34.3,2.96,6.11,0.01,0.0,3.85,19,257,0
2026-08-02 09:09:35,8.9,76.0,623429.33,34.3,0.12,0.29,0.01,0.0,9.35,19,257,0
2026-08-02 09:09:41,9.5,75.7,630162.67,34.3,0.12,1.03,0.0,0.0,4.23,20,257,0
2026-08-02 09:09:47,8.6,75.4,637509.33,34.3,5.36,12.37,0.01,0.0,4.05,20,257,0
2026-08-02 09:09:53,11.2,74.9,649764.0,34.3,0.11,0.83,0.0,0.0,3.52,20,257,0
2026-08-02 09:09:59,11.6,74.6,657642.67,34.3,0.16,0.89,0.01,0.0,3.54,20,257,0
2026-08-02 09:10:05,9.4,74.5,662244.0,34.3,0.03,0.89,0.0,0.0,3.54,20,257,0
2026-08-02 09:10:11,8.6,74.2,668206.67,34.3,0.0,0.49,0.01,0.0,3.31,20,257,0
2026-08-02 09:10:17,9.5,73.8,679465.33,34.3,0.12,1.16,0.01,0.0,3.88,21,256,0
2026-08-02 09:10:23,8.3,73.3,691378.67,34.3,0.0,0.2,0.0,0.01,3.81,21,256,0
2026-08-02 09:10:29,8.6,73.2,694966.67,34.3,0.25,0.79,0.02,0.0,3.33,22,256,0
2026-08-02 09:10:35,11.9,73.0,699245.33,34.3,0.17,1.04,0.0,0.0,3.48,22,256,0
2026-08-02 09:10:41,8.8,72.4,715274.67,34.3,0.66,0.79,0.01,0.01,4.24,22,256,0
2026-08-02 09:10:47,8.6,72.1,723194.67,34.3,0.08,2.98,0.01,0.01,8.38,22,256,0
2026-08-02 09:10:53,8.8,72.1,723984.0,34.3,0.26,1.98,0.0,0.0,3.33,22,259,0
2026-08-02 09:10:59,8.9,71.9,728858.67,34.3,0.23,0.65,0.01,0.0,3.84,22,259,0
2026-08-02 09:11:05,8.5,71.5,739878.67,34.3,0.03,1.27,0.0,0.01,4.76,22,259,0
2026-08-02 09:11:11,13.4,70.9,755385.33,34.3,0.12,0.6,0.01,0.0,3.11,22,259,0
2026-08-02 09:11:17,0.0,70.8,758013.33,34.3,0.2,0.52,0.0,0.0,4.26,23,258,0
2026-08-02 09:11:23,0.1,70.8,758278.67,34.3,0.03,1.01,0.01,0.0,3.89,23,258,0
2026-08-02 09:11:29,0.3,70.6,761913.33,34.3,0.12,2.58,0.03,0.01,3.96,23,257,0
2026-08-02 09:11:35,1.4,70.6,762102.67,34.3,0.11,0.99,0.01,0.09,3.61,23,257,0
2026-08-02 09:11:41,0.1,70.8,757484.0,34.3,0.55,1.22,0.01,0.0,3.64,23,257,0
2026-08-02 09:11:47,3.0,70.9,754724.0,34.3,0.57,0.43,0.0,0.01,3.24,23,256,0
2026-08-02 09:11:53,0.4,70.7,761117.33,34.3,0.05,1.08,0.01,0.0,105.14,24,254,0
2026-08-02 09:12:00,0.3,70.6,762774.67,34.3,0.04,0.66,0.01,0.0,3.94,24,254,0
2026-08-02 09:12:06,0.1,70.6,761201.33,34.3,0.0,0.36,0.0,0.0,4.02,24,254,0
2026-08-02 09:12:12,0.0,70.5,764866.67,34.3,0.79,1.09,0.01,0.0,4.0,24,253,0
2026-08-02 09:12:18,3.2,70.5,764790.67,34.3,0.0,0.27,0.0,0.0,4.14,24,253,0
2026-08-02 09:12:24,1.9,70.5,764788.0,34.3,0.0,0.51,0.01,0.0,4.9,25,253,0
2026-08-02 09:12:30,0.1,70.6,763685.33,34.3,0.0,1.1,0.01,0.0,3.43,25,253,0
2026-08-02 09:12:36,1.0,70.2,771666.67,34.3,0.06,0.18,0.0,0.0,4.45,25,253,0
2026-08-02 09:12:42,0.0,70.4,768092.0,34.3,0.21,0.86,0.01,0.0,13.98,25,252,0
2026-08-02 09:12:48,0.4,70.5,765116.0,34.3,0.24,0.72,0.01,0.01,3.7,26,252,0
2026-08-02 09:12:54,2.5,70.6,763612.0,34.3,0.0,0.7,0.01,0.0,3.95,26,252,0
2026-08-02 09:13:00,0.3,70.6,762436.0,34.3,0.16,0.7,0.0,0.0,3.51,26,252,0
2026-08-02 09:13:06,0.4,70.8,758374.67,34.3,0.09,1.03,0.01,0.0,3.88,26,252,0
2026-08-02 09:13:12,8.6,70.7,759505.33,34.3,4.54,3.43,0.01,0.0,4.58,26,253,0
2026-08-02 09:13:18,31.8,72.2,721324.0,34.3,277.5,29.72,0.0,0.0,4.11,26,254,0
2026-08-02 09:13:24,27.3,74.5,662366.67,34.3,72.85,40.86,0.01,0.0,3.41,26,254,0
2026-08-02 09:13:30,8.6,71.5,739097.33,34.3,1.28,4.52,0.0,0.0,3.65,27,253,0
2026-08-02 09:13:36,0.0,71.7,732692.0,34.3,0.03,0.33,0.01,0.0,3.95,27,253,0
2026-08-02 09:13:42,4.4,71.8,732133.33,34.3,0.06,1.17,0.01,0.0,3.09,27,253,0
2026-08-02 09:13:48,0.0,71.7,734721.33,34.3,0.05,0.42,0.0,0.0,5.49,27,253,0
2026-08-02 09:13:54,0.0,71.6,737734.67,34.3,0.09,3.19,0.01,0.0,9.11,27,253,0
2026-08-02 09:14:00,2.3,71.8,731197.33,34.3,0.02,0.64,0.0,0.01,4.86,27,259,0
2026-08-02 09:14:06,2.6,71.8,730046.67,34.3,0.26,0.88,0.01,0.0,3.35,28,253,0
2026-08-02 09:14:12,2.8,71.7,733481.33,34.3,0.06,0.43,0.0,0.0,3.49,28,253,0
2026-08-02 09:14:18,2.3,71.8,732138.67,34.3,0.1,1.63,0.01,0.0,3.62,28,253,0
2026-08-02 09:14:24,0.3,71.7,733297.33,34.3,0.06,0.5,0.01,0.0,37.02,28,253,0
2026-08-02 09:14:30,1.0,71.9,729974.67,34.3,0.41,1.87,0.02,0.0,3.5,29,253,0
2026-08-02 09:14:36,3.3,71.9,728608.0,34.3,0.03,0.35,0.01,0.0,3.58,29,253,0
2026-08-02 09:14:42,1.0,71.9,729161.33,34.3,0.0,0.19,0.01,0.01,4.35,29,253,0
2026-08-02 09:14:48,0.0,71.8,732469.33,34.3,0.42,1.5,0.01,0.0,15.46,29,253,0
2026-08-02 09:14:54,0.5,71.9,728186.67,34.3,0.02,0.41,0.01,0.0,4.47,29,253,0
2026-08-02 09:15:00,8.7,72.3,718777.33,34.3,10.05,4.71,0.02,0.02,23.14,29,253,0
2026-08-02 09:15:06,0.0,72.5,712413.33,34.3,9.85,8.69,0.21,0.12,4.59,29,255,0
2026-08-02 09:15:12,3.7,72.5,712933.33,34.3,0.63,5.18,0.06,0.07,3.68,30,255,0
2026-08-02 09:15:18,1.3,72.6,709382.67,34.3,0.12,0.66,0.01,0.01,4.78,30,255,0
2026-08-02 09:15:24,0.0,72.7,707441.33,34.3,0.0,0.76,0.0,0.0,4.87,30,255,0
2026-08-02 09:15:30,0.3,72.6,711740.0,34.3,0.0,0.57,0.02,0.0,3.74,30,255,0
2026-08-02 09:15:36,0.1,72.6,710820.0,34.3,0.17,2.11,0.01,0.0,5.16,30,255,0
2026-08-02 09:15:42,1.0,72.6,711126.67,34.3,0.25,0.64,0.0,0.01,41.71,30,255,0
2026-08-02 09:15:48,3.7,72.5,712780.0,34.3,0.0,0.43,0.01,0.0,3.39,31,255,0
2026-08-02 09:15:54,0.3,72.7,709042.67,34.3,0.03,2.83,0.0,0.0,31.94,31,255,0
2026-08-02 09:16:00,0.7,72.7,707853.33,34.3,0.19,0.32,0.01,0.0,102.09,31,255,0
2026-08-02 09:16:06,0.6,72.7,707330.67,34.3,0.05,1.23,0.02,0.01,3.45,31,255,0
2026-08-02 09:16:12,0.0,72.0,725620.0,34.3,0.13,0.56,0.0,0.0,2.99,31,255,0
2026-08-02 09:16:18,2.6,71.9,729321.33,34.3,0.03,0.75,0.01,0.0,4.0,31,255,0
2026-08-02 09:16:24,0.4,72.1,722873.33,34.3,0.0,0.51,0.0,0.01,3.24,32,255,0
2026-08-02 09:16:30,0.7,72.0,726433.33,34.3,0.07,0.41,0.02,0.0,3.91,32,255,0
2026-08-02 09:16:36,0.4,72.1,724754.67,34.3,0.74,3.07,0.03,0.09,3.9,32,255,0
2026-08-02 09:16:43,4.5,72.1,723009.33,34.3,5.22,14.61,0.01,0.01,3.94,33,255,0
2026-08-02 09:16:49,5.3,72.0,726680.0,34.3,0.23,1.55,0.01,0.0,3.81,33,255,0
2026-08-02 09:16:55,2.7,71.8,730040.0,34.3,0.12,1.3,0.0,0.0,9.48,33,255,0
2026-08-02 09:17:01,1.8,71.9,729400.0,34.3,0.02,0.27,0.01,0.0,3.62,33,255,0
2026-08-02 09:17:07,2.3,71.8,731064.0,34.3,0.09,0.33,0.0,0.0,3.66,33,255,0
2026-08-02 09:17:13,0.4,71.9,728370.67,34.3,0.09,1.12,0.01,0.0,3.83,33,255,0
2026-08-02 09:17:19,0.0,71.8,732361.33,34.3,0.0,0.24,0.0,0.0,95.87,33,255,0
2026-08-02 09:17:25,0.4,71.7,735113.33,34.3,0.19,1.08,0.01,0.0,4.31,33,255,0
2026-08-02 09:17:31,2.7,71.7,734106.67,34.3,0.24,0.5,0.02,0.0,5.72,33,255,0
2026-08-02 09:17:37,0.0,71.8,731541.33,34.3,0.0,0.25,0.0,0.0,8.79,34,255,0
2026-08-02 09:17:43,0.3,71.9,729336.0,34.3,19.78,1.91,0.04,0.02,4.77,34,254,0
2026-08-02 09:17:49,4.2,71.9,728422.67,34.3,0.17,1.41,0.0,0.0,3.81,34,255,0
2026-08-02 09:17:55,0.0,72.0,726949.33,34.3,0.05,0.38,0.01,0.01,4.02,34,255,0
2026-08-02 09:18:01,3.4,72.1,723624.0,34.3,0.12,0.27,0.0,0.0,3.64,34,257,0
2026-08-02 09:18:07,3.8,71.9,728024.0,34.3,0.03,1.06,0.01,0.0,4.08,34,255,0
2026-08-02 09:18:13,1.8,72.0,727053.33,34.3,0.12,0.69,0.01,0.0,3.97,35,254,0
2026-08-02 09:18:19,0.3,71.6,737490.67,34.3,0.03,0.79,0.0,0.0,19.0,35,254,0
2026-08-02 09:18:25,0.4,71.7,732676.0,34.3,0.02,0.25,0.01,0.0,3.85,35,254,0
2026-08-02 09:18:31,0.4,71.7,734190.67,34.3,0.2,3.41,0.0,0.0,3.9,36,254,0
2026-08-02 09:18:37,6.2,71.8,730949.33,34.3,0.06,0.84,0.01,0.0,4.33,36,254,0
2026-08-02 09:18:43,2.2,71.7,733064.0,34.3,0.1,2.4,0.0,0.0,3.64,36,254,0
2026-08-02 09:18:49,0.0,71.4,742834.67,34.3,0.41,1.12,0.01,0.0,11.32,36,254,0
2026-08-02 09:18:55,0.0,71.5,739125.33,34.3,0.08,0.35,0.01,0.0,3.26,36,254,0
2026-08-02 09:19:01,0.4,71.5,738510.67,34.3,0.41,2.43,0.0,0.0,3.5,36,254,0
2026-08-02 09:19:07,1.2,71.5,739065.33,34.3,0.44,2.25,0.01,0.01,3.87,36,254,0
2026-08-02 09:19:13,3.0,72.6,711414.67,34.3,26.38,9.71,0.02,0.07,5.75,36,258,0
2026-08-02 09:19:19,1.9,72.0,725214.67,34.3,0.02,0.52,0.01,0.0,6.83,36,258,0
2026-08-02 09:19:25,4.1,72.0,726544.0,34.3,0.16,1.45,0.01,0.0,3.81,37,257,0
2026-08-02 09:19:31,0.1,71.9,727837.33,34.3,0.26,0.49,0.01,0.0,5.06,37,257,0
2026-08-02 09:19:37,0.1,71.9,729206.67,34.3,0.19,0.92,0.01,0.0,6.02,37,257,0
2026-08-02 09:19:43,0.0,72.0,726978.67,34.3,0.32,0.67,0.0,0.0,3.77,37,256,0
2026-08-02 09:19:49,3.9,72.0,726526.67,34.3,0.08,0.77,0.01,0.0,22.79,37,256,0
2026-08-02 09:19:55,1.0,71.9,728808.0,34.3,0.02,1.41,0.0,0.0,3.54,37,255,0
2026-08-02 09:20:01,0.4,71.8,730526.67,34.3,0.03,0.95,0.01,0.0,4.23,38,255,0
2026-08-02 09:20:07,0.0,71.9,729542.67,34.3,0.09,0.7,0.01,0.0,3.66,38,255,0
2026-08-02 09:20:13,0.4,71.9,727536.0,34.3,0.27,1.23,0.0,0.0,4.43,38,255,0
2026-08-02 09:20:19,5.2,72.8,704932.0,34.3,360.26,0.42,0.01,0.01,4.74,38,262,0
2026-08-02 09:20:25,2.9,72.8,704744.0,34.3,0.2,0.64,0.02,0.01,9.93,38,256,0
2026-08-02 09:20:31,0.3,72.8,704698.67,34.3,0.35,1.25,0.01,0.0,18.34,39,256,0
2026-08-02 09:20:37,1.2,72.9,702413.33,34.3,0.11,0.95,0.01,0.0,6.78,39,256,0
2026-08-02 09:20:43,5.7,72.9,703892.0,34.3,0.35,3.27,0.0,0.0,7.47,39,256,0
2026-08-02 09:20:49,0.1,72.0,725478.67,34.3,0.03,1.01,0.01,0.0,4.32,39,255,0
2026-08-02 09:20:55,4.6,72.1,723020.0,34.3,0.05,0.6,0.0,0.0,3.63,39,255,0
2026-08-02 09:21:01,0.8,72.3,719090.67,34.3,0.23,0.62,0.01,0.0,3.48,39,255,0
2026-08-02 09:21:07,0.3,72.4,716400.0,34.3,0.38,1.14,0.0,0.01,3.65,39,256,0
2026-08-02 09:21:13,3.4,72.2,721738.67,34.3,0.32,1.12,0.01,0.0,6.04,39,255,0
2026-08-02 09:21:19,10.1,72.3,717861.33,34.3,0.04,0.69,0.01,0.0,3.63,40,255,0
2026-08-02 09:21:25,0.3,72.3,718430.67,34.3,0.34,2.46,0.0,0.0,5.15,40,255,0
2026-08-02 09:21:31,3.7,72.3,717138.67,34.3,0.17,1.55,0.01,0.01,3.1,40,255,0
2026-08-02 09:21:37,0.0,72.3,717450.67,34.3,0.11,0.65,0.01,0.07,4.99,40,255,0
2026-08-02 09:21:43,0.0,72.4,716470.67,34.3,0.22,1.17,0.01,0.0,4.58,40,255,0
2026-08-02 09:21:49,9.0,72.9,702940.0,34.3,206.73,0.73,0.0,0.0,3.29,40,255,0
2026-08-02 09:21:55,4.3,72.9,702510.67,34.3,1.58,5.41,0.01,0.0,7.09,41,255,0
2026-08-02 09:22:02,0.4,72.9,702657.33,34.3,0.18,0.62,0.01,0.0,32.03,41,255,0
2026-08-02 09:22:08,3.4,72.9,702524.0,34.3,0.26,0.93,0.01,0.0,3.54,41,255,0
2026-08-02 09:22:14,0.1,73.0,700374.67,34.3,0.07,0.5,0.01,0.0,3.89,41,255,0
2026-08-02 09:22:20,0.0,73.0,701297.33,34.3,0.08,0.49,0.0,0.0,5.15,41,255,0
2026-08-02 09:22:26,0.0,73.2,694912.0,34.3,0.95,0.93,0.01,0.0,3.71,41,255,0
2026-08-02 09:22:32,0.1,73.2,695028.0,34.3,0.22,0.42,0.0,0.0,38.71,42,255,0
2026-08-02 09:22:38,3.8,73.0,698958.67,34.3,6.7,1.21,0.01,0.0,3.97,42,255,0
2026-08-02 09:22:44,2.1,73.1,697294.67,34.3,0.12,0.21,0.01,0.01,3.57,42,255,0
2026-08-02 09:22:50,0.5,73.0,699848.0,34.3,0.05,0.99,0.01,0.0,7.12,42,255,0
2026-08-02 09:22:56,0.8,73.1,696325.33,34.3,0.06,0.34,0.01,0.0,3.6,42,255,0
2026-08-02 09:23:02,0.3,73.1,696784.0,34.3,0.22,1.07,0.0,0.0,4.42,42,255,0
2026-08-02 09:23:08,0.1,73.1,698170.67,34.3,0.14,0.75,0.01,0.0,3.66,43,255,0
2026-08-02 09:23:14,3.3,73.1,697649.33,34.3,0.08,3.01,0.0,0.0,6.72,43,255,0
2026-08-02 09:23:20,0.1,73.1,697654.67,34.3,1.5,0.67,0.01,0.0,9.01,43,254,0
2026-08-02 09:23:26,0.4,73.2,694869.33,34.3,0.11,0.88,0.03,0.0,6.39,43,254,0
2026-08-02 09:23:32,0.8,73.1,696765.33,34.3,0.27,1.2,0.0,0.0,4.72,43,254,0
2026-08-02 09:23:38,0.0,73.1,698794.67,34.3,0.14,0.45,0.01,0.0,12.33,43,254,0
2026-08-02 09:23:44,0.0,73.1,697266.67,34.3,0.0,0.69,0.0,0.0,3.8,43,254,0
2026-08-02 09:23:50,5.5,73.1,697778.67,34.3,1.23,2.79,0.01,0.01,3.77,44,253,0
2026-08-02 09:23:56,0.1,73.0,700905.33,34.3,0.06,0.93,0.01,0.0,3.65,44,253,0
2026-08-02 09:24:02,0.5,72.8,704905.33,34.3,0.25,1.42,0.0,0.0,4.26,44,253,0
2026-08-02 09:24:08,0.1,72.9,702208.0,34.3,0.06,0.66,0.01,0.0,51.35,44,253,0
2026-08-02 09:24:14,0.0,72.9,702053.33,34.3,0.19,0.65,0.0,0.0,3.37,44,253,0
2026-08-02 09:24:20,0.8,73.0,700744.0,34.3,0.0,0.78,0.01,0.0,3.53,44,259,0
2026-08-02 09:24:26,3.1,72.9,703498.67,34.3,0.17,1.12,0.0,0.0,3.07,45,253,0
2026-08-02 09:24:32,3.4,72.7,707800.0,34.3,0.6,0.38,0.01,0.0,4.08,45,253,0
2026-08-02 09:24:38,0.5,72.6,709561.33,34.3,0.06,0.63,0.01,0.0,5.28,45,253,0
2026-08-02 09:24:44,0.3,72.6,709566.67,34.3,0.3,0.52,0.0,0.0,3.47,45,253,0
2026-08-02 09:24:50,0.6,72.7,707750.67,34.3,0.0,0.2,0.01,0.0,3.54,45,253,0
2026-08-02 09:24:56,4.7,72.7,708565.33,34.3,0.07,0.96,0.0,0.0,4.35,45,253,0
2026-08-02 09:25:02,7.5,72.8,706282.67,34.3,0.0,0.32,0.01,0.01,6.99,45,253,0
2026-08-02 09:25:08,11.3,72.7,707398.67,34.3,0.06,1.05,0.0,0.0,3.89,46,253,0
2026-08-02 09:25:14,12.2,72.6,710389.33,34.3,0.14,0.81,0.01,0.0,4.01,46,252,0
2026-08-02 09:25:20,0.1,72.7,708032.0,34.3,0.0,0.15,0.01,0.0,3.17,46,252,0
2026-08-02 09:25:26,0.0,72.7,709080.0,34.3,0.08,0.9,0.02,0.0,3.55,46,252,0
2026-08-02 09:25:32,3.5,72.8,705132.0,34.3,6.19,1.45,0.01,0.0,3.95,46,252,0
2026-08-02 09:25:38,5.7,72.6,709860.0,34.3,0.09,0.7,0.0,0.0,4.49,46,252,0
2026-08-02 09:25:44,0.0,72.8,704789.33,34.3,1.44,1.01,0.01,0.01,4.34,47,252,0
2026-08-02 09:25:50,0.7,72.9,703004.0,34.3,0.0,0.36,0.0,0.0,4.14,47,252,0
2026-08-02 09:25:56,0.4,73.0,701366.67,34.3,0.03,0.84,0.01,0.0,3.64,47,252,0
2026-08-02 09:26:02,0.8,72.8,704572.0,34.3,0.06,0.53,0.01,0.0,14.85,47,252,0
2026-08-02 09:26:08,2.3,72.7,708177.33,34.3,0.17,0.92,0.0,0.01,4.17,47,252,0
2026-08-02 09:26:14,6.8,72.8,705389.33,34.3,0.16,0.75,0.01,0.0,3.71,47,252,0
2026-08-02 09:26:20,0.8,72.9,703153.33,34.3,0.03,3.17,0.0,0.0,320.17,47,252,1
2026-08-02 09:26:27,0.4,73.0,700040.0,34.3,0.41,0.37,0.02,0.0,4.11,48,252,0
2026-08-02 09:26:33,3.4,72.9,703537.33,34.3,0.03,0.92,0.01,0.01,3.9,48,252,0
2026-08-02 09:26:39,2.6,72.9,703517.33,34.3,0.91,2.73,0.01,0.09,3.98,48,252,0
2026-08-02 09:26:45,0.3,73.0,700682.67,34.3,0.1,0.82,0.01,0.0,5.59,49,252,0
2026-08-02 09:26:51,1.7,73.0,699502.67,34.3,0.03,1.14,0.0,0.0,65.31,49,252,0
2026-08-02 09:26:57,1.7,72.9,702089.33,34.3,0.0,0.35,0.01,0.0,42.39,49,252,0
2026-08-02 09:27:03,0.4,72.9,702182.67,34.3,0.09,0.86,0.01,0.0,31.19,49,252,0
2026-08-02 09:27:09,0.0,72.8,704458.67,34.3,0.06,0.7,0.0,0.0,16.73,49,252,0
2026-08-02 09:27:15,3.0,72.9,702682.67,34.3,0.19,0.88,0.01,0.0,16.41,49,252,0
2026-08-02 09:27:21,1.4,73.0,699685.33,34.3,5.38,0.51,0.0,0.0,21.13,49,258,0
2026-08-02 09:27:27,0.7,73.0,700082.67,34.3,0.3,1.34,0.01,0.0,14.1,49,256,0
2026-08-02 09:27:33,1.4,73.0,701057.33,34.3,0.14,0.59,0.0,0.0,4.69,49,252,0
2026-08-02 09:27:39,0.3,73.0,700445.33,34.3,0.09,1.21,0.01,0.0,5.63,49,252,0
2026-08-02 09:27:45,1.8,73.0,699596.0,34.3,0.03,0.43,0.01,0.01,3.62,50,258,0
2026-08-02 09:27:51,3.0,73.0,701393.33,34.3,0.06,0.13,0.0,0.0,3.46,50,251,0
2026-08-02 09:27:57,5.0,72.9,701506.67,34.3,0.27,1.09,0.01,0.0,4.44,50,251,0
2026-08-02 09:28:03,0.1,73.1,698676.0,34.3,0.06,0.45,0.0,0.0,4.19,50,251,0
2026-08-02 09:28:09,0.5,72.9,702445.33,34.3,0.06,0.91,0.01,0.0,58.69,50,251,0
2026-08-02 09:28:15,0.0,72.9,702298.67,34.3,0.0,0.61,0.0,0.0,3.96,50,251,0
2026-08-02 09:28:21,3.4,73.0,701182.67,34.3,0.16,2.76,0.01,0.0,3.85,50,251,0
2026-08-02 09:28:27,0.0,73.1,698114.67,34.3,0.09,0.63,0.01,0.0,9.2,51,251,0
2026-08-02 09:28:33,0.5,72.4,716796.0,34.3,0.05,1.21,0.0,0.0,3.57,51,251,0
2026-08-02 09:28:39,1.8,73.2,693844.0,34.3,0.0,0.29,0.01,0.0,3.94,51,251,0
2026-08-02 09:28:45,0.5,72.0,725198.67,34.3,0.22,3.88,0.0,0.0,4.0,52,251,0
2026-08-02 09:28:51,0.1,72.2,721221.33,34.3,0.06,0.33,0.01,0.0,3.67,52,251,0
2026-08-02 09:28:57,12.4,72.3,717609.33,34.3,0.0,0.22,0.01,0.01,3.82,52,251,0
2026-08-02 09:29:03,11.4,72.5,714101.33,34.3,0.16,2.13,0.0,0.0,3.31,52,251,0
2026-08-02 09:29:09,10.7,72.6,711533.33,34.3,0.36,2.3,0.01,0.0,5.46,52,251,0
2026-08-02 09:29:15,0.9,71.3,744508.0,34.3,0.17,2.43,0.0,0.0,3.98,52,251,0
2026-08-02 09:29:21,0.7,71.4,741604.0,34.3,0.12,0.55,0.01,0.0,3.36,52,251,0
2026-08-02 09:29:27,0.0,71.4,741588.0,34.3,0.31,1.21,0.02,0.0,4.1,52,251,0
2026-08-02 09:29:33,3.2,71.5,738218.67,34.3,0.0,0.62,0.0,0.0,4.06,52,251,0
2026-08-02 09:29:39,0.0,71.7,734573.33,34.3,0.02,0.7,0.01,0.0,4.84,52,251,0
2026-08-02 09:29:45,0.5,71.6,736164.0,34.3,0.0,0.37,0.0,0.0,3.41,53,251,0
2026-08-02 09:29:51,0.8,71.6,736342.67,34.3,0.11,0.88,0.01,0.0,3.47,53,251,0
2026-08-02 09:29:57,0.8,71.7,734520.0,34.3,0.06,0.46,0.0,0.01,6.84,53,251,0
2026-08-02 09:30:03,2.7,71.8,731625.33,34.3,0.12,0.38,0.01,0.0,4.6,53,256,0
2026-08-02 09:30:09,3.0,71.7,734272.0,34.3,0.12,1.13,0.01,0.0,3.5,53,250,0
2026-08-02 09:30:15,0.3,71.5,737808.0,34.3,0.12,0.59,0.01,0.0,4.07,53,250,0
2026-08-02 09:30:21,0.3,71.7,734918.67,34.3,0.16,1.02,0.0,0.0,13.82,53,250,0
2026-08-02 09:30:28,0.1,71.7,734454.67,34.3,0.18,1.3,0.02,0.0,4.28,54,250,0
2026-08-02 09:30:34,0.3,71.7,734680.0,34.3,0.03,0.48,0.0,0.0,4.12,54,250,0
2026-08-02 09:30:40,2.6,71.6,736693.33,34.3,0.0,1.05,0.01,0.0,3.83,54,250,0
2026-08-02 09:30:46,0.0,71.7,735102.67,34.3,0.54,0.21,0.01,0.0,31.73,54,250,0
2026-08-02 09:30:52,0.4,71.6,735300.0,34.3,0.06,2.79,0.0,0.0,4.59,54,250,0
2026-08-02 09:30:58,0.0,71.7,734656.0,34.3,0.03,0.4,0.01,0.0,3.84,54,250,0
2026-08-02 09:31:04,0.4,71.6,736824.0,34.3,0.06,0.72,0.01,0.01,17.27,54,250,0
2026-08-02 09:31:10,5.3,71.6,737470.67,34.3,0.06,0.45,0.01,0.01,3.91,55,250,0
2026-08-02 09:31:16,4.2,71.8,731306.67,34.3,0.12,1.26,0.0,0.0,3.97,55,250,0
2026-08-02 09:31:22,0.7,71.9,729984.0,34.3,0.0,0.21,0.01,0.0,3.63,55,250,0
2026-08-02 09:31:28,0.5,71.7,733601.33,34.3,0.0,0.97,0.01,0.0,4.0,55,250,0
2026-08-02 09:31:34,0.1,71.5,740157.33,34.3,0.17,2.34,0.0,0.0,3.22,56,250,0
2026-08-02 09:31:40,0.4,71.6,735358.67,34.3,0.19,1.48,0.01,0.08,3.59,56,250,0
2026-08-02 09:31:46,0.3,71.6,735582.67,34.3,0.06,0.61,0.01,0.0,3.64,56,250,0
2026-08-02 09:31:52,3.0,71.7,732982.67,34.3,0.02,0.39,0.01,0.0,3.9,56,250,0
2026-08-02 09:31:58,0.4,71.8,732573.33,34.3,0.09,0.7,0.01,0.0,3.67,56,250,0
2026-08-02 09:32:04,5.6,71.7,735209.33,34.3,0.0,0.45,0.0,0.0,4.02,56,250,0
2026-08-02 09:32:10,0.9,71.7,733901.33,34.3,0.06,1.02,0.01,0.0,4.06,56,250,0
2026-08-02 09:32:16,0.3,71.6,735646.67,34.3,0.12,0.73,0.0,0.0,3.55,56,250,0
2026-08-02 09:32:22,3.9,71.7,732769.33,34.3,0.25,1.13,0.01,0.01,3.99,56,250,0
2026-08-02 09:32:28,2.2,71.8,732386.67,34.3,0.2,0.55,0.02,0.0,4.56,57,250,0
2026-08-02 09:32:34,0.4,71.8,732150.67,34.3,0.23,1.05,0.01,0.0,4.17,57,250,0
2026-08-02 09:32:40,2.2,72.3,719220.0,34.3,7.11,0.94,0.05,0.1,4.32,57,251,0
2026-08-02 09:32:46,0.4,72.4,716618.67,34.3,0.48,1.23,0.0,0.0,3.7,57,251,0
2026-08-02 09:32:52,0.3,72.2,720896.0,34.3,0.27,1.52,0.01,0.0,3.54,57,252,0
2026-08-02 09:32:58,24.7,73.4,689269.33,34.3,22.15,2.48,0.0,0.0,3.49,57,263,0
2026-08-02 09:33:04,0.1,73.3,691194.67,34.3,1.68,2.04,0.01,0.0,4.44,57,262,0
2026-08-02 09:33:10,0.1,73.3,693332.0,34.3,0.27,1.16,0.0,0.0,3.96,57,261,0
2026-08-02 09:33:16,0.5,73.3,693277.33,34.3,0.44,3.3,0.01,0.0,6.19,57,261,0
2026-08-02 09:33:22,1.2,73.1,697772.0,34.3,0.1,0.31,0.01,0.01,3.86,58,261,0
2026-08-02 09:33:28,0.4,73.7,682938.67,34.3,66.45,0.98,0.01,0.02,4.32,58,260,0
2026-08-02 09:33:34,4.9,73.7,683314.67,34.3,0.56,1.09,0.01,0.01,3.43,58,260,0
2026-08-02 09:33:40,0.3,73.5,686806.67,34.3,0.0,0.18,0.0,0.0,10.32,58,258,0
2026-08-02 09:33:46,6.8,73.5,688009.33,34.3,1.16,1.02,0.01,0.0,3.36,58,257,0
2026-08-02 09:33:52,0.6,73.5,687630.67,34.3,0.13,2.14,0.0,0.0,3.63,58,257,0
2026-08-02 09:33:58,0.3,73.2,694352.0,34.3,0.92,2.64,0.01,0.0,3.45,58,253,0
2026-08-02 09:34:04,0.1,73.0,700304.0,34.3,0.22,3.33,0.01,0.0,6.75,59,253,0
2026-08-02 09:34:10,3.2,73.2,695354.67,34.3,0.06,0.41,0.0,0.0,3.79,59,253,0
2026-08-02 09:34:16,0.3,73.1,697357.33,34.3,0.0,0.95,0.01,0.0,4.26,59,253,0
2026-08-02 09:34:22,0.0,73.1,696880.0,34.3,0.0,0.48,0.0,0.0,3.7,59,253,0
2026-08-02 09:34:28,23.2,73.8,680278.67,34.3,51.04,1.05,0.01,0.0,6.69,60,255,0
2026-08-02 09:34:34,8.3,73.5,687152.0,34.3,1032.73,1.07,0.01,0.0,3.9,60,256,0
2026-08-02 09:34:40,3.0,73.7,681281.33,34.3,0.16,0.82,0.01,0.0,3.18,60,257,0
2026-08-02 09:34:46,3.8,73.9,678040.0,34.3,15.61,0.46,0.01,0.0,3.66,60,256,0
2026-08-02 09:34:52,0.0,73.7,680772.0,34.3,0.15,1.12,0.0,0.01,4.18,60,256,0
2026-08-02 09:34:58,2.9,73.7,681261.33,34.3,0.34,0.49,0.01,0.0,4.81,60,256,0
2026-08-02 09:35:04,0.0,73.7,682234.67,34.3,1.6,1.04,0.0,0.0,4.49,60,256,0
2026-08-02 09:35:10,0.1,73.8,679114.67,34.3,0.25,0.72,0.01,0.01,3.81,60,256,0
2026-08-02 09:35:16,2.7,73.7,681948.0,34.3,0.57,0.93,0.01,0.0,4.31,60,256,0
2026-08-02 09:35:22,1.3,73.7,681801.33,34.3,0.06,0.93,0.0,0.0,6.58,60,256,0
2026-08-02 09:35:28,0.0,73.7,681312.0,34.3,0.16,0.36,0.02,0.0,4.55,60,256,0
2026-08-02 09:35:34,0.6,73.5,686394.67,34.3,0.16,0.99,0.0,0.0,4.16,61,255,0
2026-08-02 09:35:40,4.0,73.5,687229.33,34.3,0.2,0.78,0.01,0.0,3.91,61,255,0
2026-08-02 09:35:46,0.8,73.6,685797.33,34.3,12.33,1.02,0.01,0.01,4.3,61,256,0
2026-08-02 09:35:52,2.5,73.6,684369.33,34.3,0.22,0.58,0.02,0.01,18.58,61,256,0
2026-08-02 09:35:58,0.5,73.6,684121.33,34.3,0.18,3.26,0.01,0.0,4.23,61,256,0
2026-08-02 09:36:04,5.9,73.5,686817.33,34.3,1.46,0.45,0.0,0.01,4.14,61,254,0
2026-08-02 09:36:10,1.4,73.4,690202.67,34.3,0.25,1.23,0.01,0.0,3.92,61,254,0
2026-08-02 09:36:16,0.5,73.5,686260.0,34.3,0.34,2.88,0.0,0.0,4.22,62,254,0
2026-08-02 09:36:22,0.4,73.4,688618.67,34.3,0.05,0.71,0.01,0.0,4.41,62,254,0
2026-08-02 09:36:28,7.0,73.4,689441.33,34.3,0.29,0.75,0.0,0.0,4.01,62,254,0
2026-08-02 09:36:35,0.3,73.4,689470.67,34.3,0.26,0.73,0.01,0.02,3.68,62,254,0
2026-08-02 09:36:41,1.9,73.4,689240.0,34.3,0.0,0.36,0.01,0.07,4.17,62,254,0
2026-08-02 09:36:47,0.0,73.5,688412.0,34.3,0.32,1.11,0.0,0.0,3.88,63,254,0
2026-08-02 09:36:53,0.4,73.4,690106.67,34.3,1.36,0.17,0.01,0.0,6.63,63,254,0
2026-08-02 09:36:59,3.8,73.4,689712.0,34.3,0.0,0.29,0.0,0.01,3.6,63,260,0
2026-08-02 09:37:05,5.9,73.4,689178.67,34.3,0.06,0.84,0.01,0.0,4.17,63,254,0
2026-08-02 09:37:11,0.3,73.5,688445.33,34.3,0.28,0.56,0.01,0.0,3.55,63,254,0
2026-08-02 09:37:17,1.6,73.4,688782.67,34.3,0.05,0.46,0.0,0.0,5.55,63,254,0
2026-08-02 09:37:23,0.1,73.4,690048.0,34.3,1.39,0.89,0.01,0.0,4.72,63,254,0
2026-08-02 09:37:29,1.3,73.4,688813.33,34.3,0.13,0.3,0.01,0.01,4.07,63,254,0
2026-08-02 09:37:35,2.1,73.4,689782.67,34.3,0.05,1.06,0.01,0.0,4.27,63,254,0
2026-08-02 09:37:41,8.3,73.4,689128.0,34.3,0.0,0.31,0.0,0.0,6.75,63,254,0
2026-08-02 09:37:47,0.0,73.3,692172.0,34.3,0.15,0.5,0.01,0.0,6.1,63,254,0
2026-08-02 09:37:53,1.3,73.4,689890.67,34.3,0.05,1.04,0.01,0.0,4.26,64,254,0
2026-08-02 09:37:59,4.3,73.4,689602.67,34.3,0.06,0.93,0.0,0.0,4.23,64,254,0
2026-08-02 09:38:05,0.1,73.3,691762.67,34.3,0.06,0.46,0.01,0.0,4.68,64,254,0
2026-08-02 09:38:11,3.8,73.4,689445.33,34.3,0.3,3.05,0.0,0.01,8.47,64,254,0
2026-08-02 09:38:17,0.1,73.4,688644.0,34.3,0.07,0.46,0.01,0.0,3.58,64,254,0
2026-08-02 09:38:23,0.1,73.4,689088.0,34.3,0.0,1.19,0.0,0.0,4.49,64,254,0
2026-08-02 09:38:29,1.7,73.3,692776.0,34.3,0.36,1.79,0.02,0.0,4.03,65,254,0
2026-08-02 09:38:35,0.0,73.4,689696.0,34.3,2.36,1.12,0.0,0.0,3.85,65,254,0
2026-08-02 09:38:41,1.3,74.2,668878.67,34.3,0.53,1.3,0.01,0.0,4.17,65,254,0
2026-08-02 09:38:47,8.3,73.3,691400.0,34.3,0.54,6.71,0.01,0.0,3.98,65,254,0
2026-08-02 09:38:53,0.7,73.3,692700.0,34.3,0.14,1.07,0.0,0.0,4.3,65,254,0
2026-08-02 09:38:59,0.5,73.3,692901.33,34.3,0.14,1.31,0.01,0.0,4.34,65,254,0
2026-08-02 09:39:05,3.4,73.2,696205.33,34.3,20.34,0.4,0.0,0.0,4.95,66,254,0
2026-08-02 09:39:11,0.5,73.4,690036.0,34.3,3.19,0.98,0.01,0.0,4.1,66,254,0
2026-08-02 09:39:17,2.3,73.1,698352.0,34.3,0.09,1.63,0.0,0.01,4.42,66,260,0
2026-08-02 09:39:23,4.0,73.2,695272.0,34.3,0.09,0.37,0.01,0.0,4.36,66,254,0
2026-08-02 09:39:29,1.0,73.2,695676.0,34.3,0.0,1.06,0.01,0.0,4.77,66,254,0
2026-08-02 09:39:35,0.4,73.3,692028.0,34.3,0.06,0.3,0.0,0.0,4.3,66,254,0
2026-08-02 09:39:41,0.1,73.1,697173.33,34.3,0.0,0.7,0.01,0.0,6.48,66,253,0
2026-08-02 09:39:47,0.3,73.0,699709.33,34.3,0.39,0.54,0.0,0.0,4.29,66,253,0
2026-08-02 09:39:53,2.9,73.0,699130.67,34.3,0.07,0.7,0.01,0.0,3.88,66,253,0
2026-08-02 09:39:59,0.3,73.1,696981.33,34.3,0.3,0.35,0.0,0.0,3.84,66,253,0
2026-08-02 09:40:05,4.1,73.0,699658.67,34.3,0.55,1.31,0.01,0.0,5.99,66,253,0
2026-08-02 09:40:11,0.8,73.1,698120.0,34.3,0.12,0.52,0.01,0.0,3.33,66,253,0
2026-08-02 09:40:17,0.5,73.0,699761.33,34.3,0.04,1.26,0.0,0.01,3.94,67,253,0
2026-08-02 09:40:23,0.0,73.1,696349.33,34.3,0.06,0.82,0.01,0.0,3.46,67,253,0
2026-08-02 09:40:29,3.5,73.0,699270.67,34.3,0.0,0.3,0.02,0.0,4.26,67,253,0
2026-08-02 09:40:35,1.0,73.0,699688.0,34.3,0.07,1.14,0.01,0.0,4.52,67,252,0
2026-08-02 09:40:41,2.7,73.1,698128.0,34.3,0.02,0.31,0.01,0.0,3.63,67,252,0
2026-08-02 09:40:47,5.6,73.2,693964.0,34.3,0.28,1.05,0.01,0.01,4.03,67,254,0
2026-08-02 09:40:53,0.4,73.2,694973.33,34.3,0.06,0.62,0.01,0.0,3.81,67,254,0
2026-08-02 09:40:59,0.3,73.2,694758.67,34.3,0.38,3.44,0.0,0.0,4.81,67,254,0
2026-08-02 09:41:05,7.1,73.2,694082.67,34.3,0.11,0.92,0.01,0.01,4.25,68,253,0
2026-08-02 09:41:11,0.3,73.1,697129.33,34.3,0.38,3.21,0.01,0.0,4.44,68,253,0
2026-08-02 09:41:17,1.0,73.2,695613.33,34.3,0.07,0.9,0.0,0.0,20.2,68,253,0
2026-08-02 09:41:23,0.1,73.1,696584.0,34.3,0.09,1.12,0.01,0.0,4.53,68,253,0
2026-08-02 09:41:29,1.8,73.2,696045.33,34.3,0.34,0.64,0.02,0.0,4.35,68,253,0
2026-08-02 09:41:35,8.6,73.2,695952.0,34.3,0.0,0.68,0.01,0.0,3.23,68,259,0
2026-08-02 09:41:41,2.5,73.1,697393.33,34.3,0.0,0.68,0.01,0.09,4.13,68,253,0
2026-08-02 09:41:47,0.1,73.1,697322.67,34.3,0.0,0.82,0.01,0.0,4.1,68,253,0
2026-08-02 09:41:53,0.8,73.2,696108.0,34.3,0.0,0.36,0.01,0.0,4.79,69,253,0
2026-08-02 09:41:59,0.3,73.1,698052.0,34.3,0.06,0.97,0.0,0.0,3.64,69,253,0
2026-08-02 09:42:05,0.1,73.1,698768.0,34.3,0.06,0.35,0.01,0.0,4.54,69,253,0
2026-08-02 09:42:11,5.0,73.1,698844.0,34.3,0.18,0.5,0.0,0.0,4.65,69,253,0
2026-08-02 09:42:17,0.0,73.3,692297.33,34.3,0.02,0.81,0.01,0.0,5.09,69,253,0
2026-08-02 09:42:23,0.0,73.3,691716.0,34.3,0.04,0.82,0.01,0.0,3.56,69,253,0
2026-08-02 09:42:29,1.0,73.3,693673.33,34.3,0.71,0.97,0.0,0.0,4.35,70,253,0
2026-08-02 09:42:35,1.2,73.3,693428.0,34.3,0.0,0.64,0.01,0.0,3.47,70,253,0
2026-08-02 09:42:41,0.5,73.3,693697.33,34.3,1.25,1.09,0.0,0.0,4.33,70,253,0
2026-08-02 09:42:47,3.7,73.3,691965.33,34.3,0.05,3.3,0.01,0.0,4.54,70,253,0
2026-08-02 09:42:54,0.4,73.3,692768.0,34.3,0.0,0.18,0.0,0.0,5.77,70,252,0
2026-08-02 09:43:00,0.4,73.3,693292.0,34.3,0.39,0.79,0.01,0.0,3.61,70,252,0
2026-08-02 09:43:06,0.3,73.3,693118.67,34.3,0.13,0.59,0.01,0.0,45.9,70,252,0
2026-08-02 09:43:12,0.3,73.3,693300.0,34.3,0.06,0.79,0.0,0.01,4.63,70,252,0
2026-08-02 09:43:18,0.0,73.2,694436.0,34.3,0.0,1.2,0.01,0.0,3.59,70,252,0
2026-08-02 09:43:24,4.5,73.2,694921.33,34.3,0.44,3.25,0.0,0.0,4.65,70,252,0
2026-08-02 09:43:30,3.6,73.2,694729.33,34.3,0.11,1.22,0.01,0.0,3.76,70,252,0
2026-08-02 09:43:36,0.1,72.3,718194.67,34.3,0.06,0.75,0.0,0.0,4.65,70,252,0
2026-08-02 09:43:42,0.6,72.8,706206.67,34.3,0.0,0.81,0.01,0.0,3.98,71,252,0
2026-08-02 09:43:48,3.1,72.8,704686.67,34.3,0.02,0.56,0.01,0.0,3.76,71,251,0
2026-08-02 09:43:54,1.5,72.9,702248.0,34.3,0.0,0.44,0.0,0.0,3.82,71,257,0
2026-08-02 09:44:00,3.3,72.9,702504.0,34.3,0.06,0.86,0.01,0.0,3.38,71,251,0
2026-08-02 09:44:06,8.3,72.8,705870.67,34.3,0.13,0.58,0.0,0.0,4.07,71,251,0
2026-08-02 09:44:12,2.2,72.8,706280.0,34.3,0.1,0.45,0.01,0.0,3.83,71,251,0
2026-08-02 09:44:18,0.1,72.9,702924.0,34.3,0.03,1.91,0.0,0.0,4.1,71,251,0
2026-08-02 09:44:24,0.3,72.9,702294.67,34.3,0.0,0.54,0.01,0.0,4.01,71,251,0
2026-08-02 09:44:30,5.2,73.1,698897.33,34.3,26.7,0.48,0.02,0.01,3.37,72,251,0
2026-08-02 09:44:36,3.0,73.1,697026.67,34.3,0.08,0.89,0.01,0.01,4.17,72,251,0
2026-08-02 09:44:42,0.5,73.2,696257.33,34.3,0.16,0.82,0.01,0.0,3.73,72,251,0
2026-08-02 09:44:48,2.8,73.2,694677.33,34.3,0.0,0.79,0.0,0.0,4.55,72,251,0
2026-08-02 09:44:54,3.3,73.1,698116.0,34.3,0.06,0.43,0.01,0.0,3.91,72,251,0
2026-08-02 09:45:00,0.7,73.1,697544.0,34.3,0.05,1.18,0.01,0.0,3.79,72,251,0
2026-08-02 09:45:06,2.9,73.1,696996.0,34.3,0.06,0.3,0.0,0.0,4.06,72,251,0
2026-08-02 09:45:12,0.0,73.2,696161.33,34.3,0.24,0.55,0.01,0.0,4.31,72,251,0
2026-08-02 09:45:18,0.0,73.2,695469.33,34.3,0.03,0.83,0.0,0.0,4.18,72,251,0
2026-08-02 09:45:24,0.1,73.2,694069.33,34.3,0.0,0.34,0.01,0.0,4.74,72,251,0
2026-08-02 09:45:30,0.7,73.2,694677.33,34.3,0.18,1.43,0.02,0.0,4.35,73,251,0
2026-08-02 09:45:36,0.8,73.3,692212.0,34.3,0.02,0.22,0.01,0.0,3.93,73,251,0
2026-08-02 09:45:42,3.9,73.3,693142.67,34.3,0.04,0.91,0.01,0.0,4.02,73,251,0
2026-08-02 09:45:48,1.7,73.3,692052.0,34.3,0.0,0.49,0.0,0.0,6.65,73,251,0
2026-08-02 09:45:54,0.3,73.3,691525.33,34.3,15.23,0.87,0.01,0.0,3.56,73,251,0
2026-08-02 09:46:00,4.3,73.3,692220.0,34.3,0.02,0.68,0.0,0.0,4.01,73,251,0
2026-08-02 09:46:06,0.3,73.5,687481.33,34.3,28.29,31.4,0.01,0.01,3.89,73,251,0
2026-08-02 09:46:12,1.9,73.4,690513.33,34.3,0.25,1.08,0.01,0.0,6.18,73,257,0
2026-08-02 09:46:18,2.9,73.3,691522.67,34.3,0.27,5.23,0.0,0.0,4.12,73,251,0
2026-08-02 09:46:24,0.7,73.4,690352.0,34.3,0.0,0.91,0.01,0.0,17.31,73,251,0
2026-08-02 09:46:30,0.3,73.3,692174.67,34.3,0.21,0.82,0.0,0.0,4.08,74,251,0
2026-08-02 09:46:36,0.3,73.3,691982.67,34.3,0.3,0.26,0.01,0.01,4.2,74,251,0
2026-08-02 09:46:42,0.3,73.1,697693.33,34.3,0.06,1.44,0.01,0.08,5.12,74,251,0
2026-08-02 09:46:48,3.0,73.1,698457.33,34.3,0.01,0.31,0.01,0.0,4.21,74,251,0
2026-08-02 09:46:54,0.3,73.2,696262.67,34.3,0.74,1.0,0.03,0.01,4.02,74,251,0
2026-08-02 09:47:00,0.4,73.1,696829.33,34.3,0.07,0.39,0.0,0.0,4.12,74,251,0
2026-08-02 09:47:06,0.0,73.3,692530.67,34.3,0.08,0.98,0.01,0.0,3.88,74,251,0
2026-08-02 09:47:12,0.3,73.2,694530.67,34.3,0.12,0.66,0.0,0.01,21.44,74,251,0
2026-08-02 09:47:18,0.0,73.3,693588.0,34.3,0.05,1.05,0.02,0.0,4.9,74,251,0
2026-08-02 09:47:24,9.1,73.3,693584.0,34.3,0.02,0.93,0.03,0.0,4.22,75,251,0
2026-08-02 09:47:30,0.8,73.4,690888.0,34.3,5.76,0.62,0.01,0.0,5.13,75,252,0
2026-08-02 09:47:36,1.6,73.5,688376.0,34.3,0.02,0.18,0.01,0.0,3.19,75,252,0
2026-08-02 09:47:42,0.0,73.4,688630.67,34.3,0.03,0.95,0.0,0.0,4.07,75,252,0
2026-08-02 09:47:48,0.4,73.5,687009.33,34.3,0.0,0.52,0.01,0.0,3.82,75,252,0
2026-08-02 09:47:54,0.1,73.5,686222.67,34.3,0.09,1.01,0.0,0.0,5.29,75,253,0
2026-08-02 09:48:00,3.6,73.5,686518.67,34.3,0.02,0.38,0.01,0.0,4.19,75,253,0
2026-08-02 09:48:06,0.1,73.5,687460.0,34.3,0.08,2.99,0.01,0.0,4.91,75,253,0
2026-08-02 09:48:12,2.7,73.5,687054.67,34.3,0.25,0.41,0.0,0.01,4.58,75,253,0
2026-08-02 09:48:18,1.3,73.5,686656.0,34.3,0.0,1.11,0.01,0.0,4.97,75,253,0
2026-08-02 09:48:24,0.1,73.5,688366.67,34.3,0.27,0.41,0.0,0.0,3.43,76,253,0
2026-08-02 09:48:30,6.6,73.2,694417.33,34.3,1.82,0.54,0.01,0.0,4.8,76,253,0
2026-08-02 09:48:36,4.0,73.5,688097.33,34.3,0.3,1.2,0.0,0.0,4.75,76,253,0
2026-08-02 09:48:42,20.7,79.7,525188.0,34.3,358.42,4.81,0.16,0.3,3.68,76,264,0
2026-08-02 09:48:48,4.2,82.5,453730.67,34.3,58.15,14.71,0.57,0.58,3.38,76,264,0
2026-08-02 09:48:55,0.8,82.6,450473.33,34.3,13.32,8.45,0.23,0.02,3.71,76,264,0
2026-08-02 09:49:01,0.8,82.6,450364.0,34.3,0.79,2.73,0.01,0.0,3.84,76,264,0
2026-08-02 09:49:07,6.3,82.8,447093.33,34.3,9.66,1.41,0.01,0.01,4.19,76,266,0
2026-08-02 09:49:13,3.1,81.5,479710.67,34.3,6.86,2.74,0.01,0.01,3.84,76,265,0
2026-08-02 09:49:19,1.3,81.5,480820.0,34.3,0.38,0.84,0.01,0.0,4.33,76,265,0
2026-08-02 09:49:25,1.4,81.2,488582.67,34.3,0.12,2.09,0.0,0.0,28.29,77,265,0
2026-08-02 09:49:31,0.0,81.1,491084.0,34.3,0.29,0.45,0.01,0.01,38.93,77,264,0
2026-08-02 09:49:37,0.8,81.1,491312.0,34.3,0.87,2.3,0.0,0.0,35.93,77,263,0
2026-08-02 09:49:43,10.5,81.1,490117.33,34.3,4.6,1.09,0.02,0.01,27.14,77,263,0
2026-08-02 09:49:49,0.1,81.1,491384.0,34.3,0.25,0.4,0.02,0.02,34.59,77,262,0
2026-08-02 09:49:55,0.3,81.0,493593.33,34.3,0.04,0.54,0.01,0.0,286.96,77,262,0
2026-08-02 09:50:01,6.6,81.0,492912.0,34.3,0.0,0.77,0.01,0.0,145.42,77,262,0
2026-08-02 09:50:07,0.3,80.9,494773.33,34.3,0.08,0.5,0.0,0.0,290.05,78,262,0
2026-08-02 09:50:14,3.4,81.0,494017.33,34.3,0.24,0.96,0.01,0.0,886.97,78,262,1
2026-08-02 09:50:20,0.0,80.9,495892.0,34.3,1.59,4.84,0.0,0.0,147.31,78,262,0
2026-08-02 09:50:27,1.7,80.8,498976.0,34.3,6.56,0.5,0.04,0.01,45.25,78,264,0
2026-08-02 09:50:33,0.1,80.9,494385.33,34.3,9.35,1.61,0.01,0.0,17.32,78,264,0
2026-08-02 09:50:39,1.5,80.9,494144.0,34.3,0.03,0.45,0.01,0.01,248.52,78,263,0
2026-08-02 09:50:45,0.8,81.1,490496.0,34.3,318.75,1.2,0.01,0.02,149.87,78,263,0
2026-08-02 09:50:51,0.1,81.1,491212.0,34.3,0.08,0.87,0.0,0.0,554.12,78,263,1
2026-08-02 09:50:58,1.3,81.1,490486.67,34.3,7.24,1.05,0.03,0.04,208.33,78,264,0
2026-08-02 09:51:04,0.0,81.3,485046.67,34.3,1.53,1.99,0.02,0.12,249.98,78,264,0
2026-08-02 09:51:10,3.2,81.2,486316.0,34.3,0.06,0.51,0.01,0.01,19.03,78,263,0
2026-08-02 09:51:16,0.4,81.3,485254.67,34.3,0.15,4.33,0.01,0.0,3.74,78,263,0
2026-08-02 09:51:22,0.0,81.3,486216.0,34.3,0.06,1.6,0.0,0.0,4.94,78,263,0
2026-08-02 09:51:28,3.2,81.3,484190.67,34.3,0.08,1.02,0.01,0.0,4.59,79,263,0
2026-08-02 09:51:34,1.6,81.1,489096.0,34.3,0.95,0.41,0.0,0.0,267.32,79,263,0
2026-08-02 09:51:41,3.2,81.1,489640.0,34.3,0.06,1.26,0.01,0.07,9.72,79,263,0
2026-08-02 09:51:47,0.3,81.1,490273.33,34.3,0.42,0.37,0.0,0.01,38.73,79,263,0
2026-08-02 09:51:53,0.1,81.1,491333.33,34.3,0.36,0.81,0.01,0.0,13.55,79,262,0
2026-08-02 09:51:59,4.3,81.1,489278.67,34.3,0.17,1.25,0.0,0.0,15.07,79,262,0
2026-08-02 09:52:05,0.0,81.1,491009.33,34.3,1.5,1.06,0.01,0.01,19.91,79,262,0
2026-08-02 09:52:11,0.4,81.0,492208.0,34.3,0.23,1.19,0.01,0.0,810.53,79,261,1
2026-08-02 09:52:18,0.1,81.0,491442.67,34.3,0.05,0.94,0.01,0.0,511.4,79,261,1
2026-08-02 09:52:24,1.0,81.1,491101.33,34.3,0.0,2.88,0.01,0.0,997.36,79,261,1
2026-08-02 09:52:31,0.4,81.0,493332.0,34.3,0.09,1.1,0.01,0.0,767.24,80,261,1
2026-08-02 09:52:38,0.0,81.0,492670.67,34.3,0.16,0.92,0.01,0.0,148.85,80,261,0
2026-08-02 09:52:44,0.5,81.1,491282.67,34.3,0.0,0.84,0.0,0.0,278.85,80,261,0
2026-08-02 09:52:50,0.0,81.1,490332.0,34.3,0.14,2.86,0.01,0.0,35.4,80,261,0
2026-08-02 09:52:56,0.3,81.0,491917.33,34.3,0.12,1.38,0.01,0.0,23.04,80,261,0
2026-08-02 09:53:02,6.3,81.0,493912.0,34.3,0.02,1.07,0.0,0.01,200.82,80,261,0
2026-08-02 09:53:09,2.7,81.0,493158.67,34.3,0.06,0.96,0.01,0.0,321.31,80,261,1
2026-08-02 09:53:15,0.0,81.1,491013.33,34.3,0.46,0.59,0.0,0.0,136.39,80,261,0
2026-08-02 09:53:21,0.0,81.1,490572.0,34.3,0.0,0.88,0.01,0.0,108.58,80,261,0
2026-08-02 09:53:27,0.0,81.0,493138.67,34.3,0.52,1.0,0.02,0.0,40.83,80,261,0
2026-08-02 09:53:33,3.0,80.9,495594.67,34.3,0.06,0.43,0.01,0.0,171.62,80,261,0
2026-08-02 09:53:39,0.1,81.0,492149.33,34.3,0.03,0.75,0.01,0.0,18.51,80,261,0
2026-08-02 09:53:45,0.4,81.0,491517.33,34.3,0.7,1.76,0.0,0.0,10.08,81,261,0
2026-08-02 09:53:51,0.5,81.0,493052.0,34.3,0.08,0.28,0.01,0.0,84.7,81,261,0
2026-08-02 09:53:58,0.0,81.0,493742.67,34.3,0.03,3.04,0.0,0.0,37.32,81,261,0
2026-08-02 09:54:04,0.6,81.0,492280.0,34.3,0.0,0.44,0.01,0.0,41.42,81,261,0
2026-08-02 09:54:10,3.0,81.0,493482.67,34.3,0.12,0.82,0.0,0.0,15.96,81,261,0
2026-08-02 09:54:16,0.3,81.0,493109.33,34.3,0.2,1.07,0.01,0.01,190.94,81,261,0
2026-08-02 09:54:22,0.3,80.9,494325.33,34.3,0.02,0.32,0.0,0.0,53.51,81,261,0
2026-08-02 09:54:28,0.0,81.1,491124.0,34.3,0.36,3.65,0.01,0.0,4.53,81,261,0
2026-08-02 09:54:34,3.7,81.0,491884.0,34.3,0.19,1.96,0.01,0.0,214.06,81,261,0
2026-08-02 09:54:40,2.6,81.1,491313.33,34.3,0.0,0.73,0.0,0.0,3.89,81,261,0
2026-08-02 09:54:46,0.3,81.1,491377.33,34.3,0.03,1.02,0.01,0.0,3.82,82,261,0
2026-08-02 09:54:52,0.0,81.1,491377.33,34.3,0.02,0.51,0.0,0.0,129.72,82,261,0
2026-08-02 09:54:58,1.0,81.0,493260.0,34.3,0.08,0.97,0.01,0.0,127.74,82,261,0
2026-08-02 09:55:04,0.1,81.0,491612.0,34.3,0.43,0.66,0.0,0.0,110.66,82,261,0
2026-08-02 09:55:11,2.6,80.9,495092.0,34.3,0.25,1.01,0.01,0.0,31.2,82,261,0
2026-08-02 09:55:17,0.6,81.0,493200.0,34.3,0.25,1.07,0.01,0.0,84.36,82,261,0
2026-08-02 09:55:23,0.1,81.0,492409.33,34.3,0.0,0.95,0.01,0.0,42.28,82,261,0
2026-08-02 09:55:29,1.6,81.1,490136.0,34.3,0.06,0.25,0.02,0.01,474.41,82,261,1
2026-08-02 09:55:35,5.9,81.1,490082.67,34.3,0.12,0.93,0.01,0.0,114.37,82,261,0
2026-08-02 09:55:41,3.4,81.0,493102.67,34.3,0.08,2.95,0.0,0.0,69.29,82,261,0
2026-08-02 09:55:48,0.0,81.1,489905.33,34.3,0.0,0.94,0.01,0.0,79.2,82,261,0
2026-08-02 09:55:54,0.8,81.1,489086.67,34.3,0.0,0.42,0.01,0.0,32.51,82,261,0
2026-08-02 09:56:00,0.1,81.2,487469.33,34.3,0.09,1.0,0.0,0.0,350.94,82,261,1
2026-08-02 09:56:06,0.4,81.2,487688.0,34.3,0.07,0.34,0.01,0.01,170.33,83,261,0
2026-08-02 09:56:12,3.5,81.2,486989.33,34.3,9.39,1.68,0.04,0.08,9.26,83,262,0
2026-08-02 09:56:18,0.8,81.4,483386.67,34.3,0.51,3.93,0.01,0.0,53.27,83,262,0
2026-08-02 09:56:24,2.8,81.3,484133.33,34.3,0.05,0.95,0.0,0.0,59.56,83,262,0
2026-08-02 09:56:30,9.3,81.0,493162.67,34.3,0.09,1.44,0.02,0.01,63.26,83,261,0
2026-08-02 09:56:36,0.3,81.1,491410.67,34.3,0.43,0.78,0.01,0.01,16.73,83,261,0
2026-08-02 09:56:42,0.6,81.1,490022.67,34.3,0.12,1.29,0.01,0.08,64.58,83,261,0
2026-08-02 09:56:49,3.8,81.2,486833.33,34.3,0.02,0.88,0.01,0.0,35.3,83,261,0
2026-08-02 09:56:55,0.3,81.2,488820.0,34.3,0.0,0.32,0.0,0.0,51.31,83,261,0
2026-08-02 09:57:01,1.3,81.0,492398.67,34.3,0.11,1.28,0.01,0.0,56.81,83,261,0
2026-08-02 09:57:07,0.0,81.0,492156.0,34.3,0.09,2.98,0.01,0.0,48.3,83,261,0
2026-08-02 09:57:13,0.0,81.0,491524.0,34.3,0.18,1.14,0.0,0.0,35.33,83,261,0
2026-08-02 09:57:19,3.1,81.1,490624.0,34.3,0.0,1.04,0.01,0.0,42.52,83,261,0
2026-08-02 09:57:25,0.9,81.1,489745.33,34.3,0.02,0.23,0.0,0.0,34.14,83,261,0
2026-08-02 09:57:31,0.0,81.1,489982.67,34.3,0.16,1.17,0.01,0.0,22.74,83,261,0
2026-08-02 09:57:37,0.1,81.1,490122.67,34.3,0.12,0.37,0.01,0.0,39.77,84,261,0
2026-08-02 09:57:43,0.6,81.2,488677.33,34.3,0.08,0.67,0.01,0.01,88.58,84,261,0
2026-08-02 09:57:49,4.2,81.1,490522.67,34.3,0.07,2.71,0.0,0.0,135.22,84,260,0
2026-08-02 09:57:55,2.9,80.8,497086.67,34.3,0.5,2.0,0.01,0.0,182.19,84,260,0
2026-08-02 09:58:01,0.3,81.0,494002.67,34.3,0.21,1.06,0.0,0.0,54.62,84,260,0
2026-08-02 09:58:08,0.4,81.0,492520.0,34.3,0.23,1.49,0.01,0.0,116.83,84,260,0
2026-08-02 09:58:14,0.0,80.9,495272.0,34.3,0.16,1.2,0.0,0.0,119.94,84,260,0
2026-08-02 09:58:20,0.0,80.8,498794.67,34.3,0.0,0.25,0.01,0.0,48.75,84,260,0
2026-08-02 09:58:26,3.1,80.8,497661.33,34.3,0.28,1.7,0.0,0.0,6.37,84,260,0
2026-08-02 09:58:32,0.0,80.9,495617.33,34.3,0.28,1.38,0.01,0.0,9.37,85,260,0
2026-08-02 09:58:38,12.4,80.2,514510.67,34.3,0.06,1.32,0.01,0.0,26.89,85,260,0
2026-08-02 09:58:44,6.5,79.2,538437.33,34.3,0.35,0.73,0.0,0.0,51.07,85,260,0
2026-08-02 09:58:50,0.3,79.3,538102.67,34.3,0.94,4.28,0.01,0.0,116.62,85,260,0
2026-08-02 09:58:56,2.1,79.3,536508.0,34.3,1.0,1.26,0.0,0.01,28.31,85,265,0
2026-08-02 09:59:02,3.7,79.2,538996.0,34.3,0.16,0.86,0.01,0.0,31.56,85,259,0
2026-08-02 09:59:08,0.3,79.2,538760.0,34.3,0.06,0.45,0.01,0.0,9.53,85,259,0
2026-08-02 09:59:14,0.4,79.0,543545.33,34.3,0.44,1.08,0.0,0.0,4.02,85,259,0
2026-08-02 09:59:20,0.0,79.2,539941.33,34.3,0.43,2.93,0.01,0.0,3.44,85,259,0
2026-08-02 09:59:26,0.4,79.2,539861.33,34.3,0.43,2.49,0.02,0.0,3.7,85,259,0
2026-08-02 09:59:32,3.4,79.0,544514.67,34.3,0.11,1.61,0.01,0.0,3.49,85,259,0
2026-08-02 09:59:38,1.4,79.1,542908.0,34.3,0.0,0.18,0.0,0.0,4.24,85,259,0
2026-08-02 09:59:44,0.5,79.0,543525.33,34.3,0.03,1.1,0.01,0.0,3.49,85,259,0
2026-08-02 09:59:50,0.0,79.2,539549.33,34.3,0.08,0.98,0.01,0.0,3.43,85,259,0
2026-08-02 09:59:56,0.9,79.2,539805.33,34.3,0.0,0.45,0.0,0.0,3.87,86,259,0
2026-08-02 10:00:02,0.4,79.3,537626.67,34.3,2.64,1.16,0.01,0.0,3.79,86,259,0
2026-08-02 10:00:08,6.6,79.1,541284.0,34.3,0.08,0.88,0.0,0.0,4.22,86,258,0
2026-08-02 10:00:14,0.7,79.3,537002.67,34.3,0.31,0.7,0.01,0.0,4.37,86,258,0
2026-08-02 10:00:20,0.1,78.9,547129.33,34.3,0.02,0.85,0.01,0.01,4.57,86,258,0
2026-08-02 10:00:26,0.0,79.1,542529.33,34.3,0.16,0.95,0.02,0.0,3.78,86,258,0
2026-08-02 10:00:32,0.0,79.1,541557.33,34.3,0.25,1.01,0.01,0.0,173.75,86,258,0
2026-08-02 10:00:39,0.3,79.2,540192.0,34.3,0.3,1.72,0.0,0.0,31.96,86,264,0
2026-08-02 10:00:45,3.0,79.1,542336.0,34.3,0.35,1.26,0.01,0.0,10.48,86,258,0
2026-08-02 10:00:51,2.2,79.0,543370.67,34.3,0.25,5.27,0.0,0.0,43.03,86,258,0
2026-08-02 10:00:57,0.0,79.2,540001.33,34.3,0.06,0.88,0.01,0.0,103.44,86,258,0
2026-08-02 10:01:03,0.0,79.2,539220.0,34.3,0.34,1.04,0.0,0.0,7.11,86,258,0
2026-08-02 10:01:09,0.8,79.2,539562.67,34.3,0.08,1.12,0.01,0.01,82.14,86,258,0
2026-08-02 10:01:15,3.5,79.3,537477.33,34.3,0.37,0.49,0.01,0.0,40.03,87,258,0
2026-08-02 10:01:21,0.0,79.3,537142.67,34.3,0.86,1.31,0.0,0.0,3.89,87,258,0
2026-08-02 10:01:27,0.6,79.2,538202.67,34.3,0.7,1.37,0.01,0.0,6.38,87,258,0
2026-08-02 10:01:33,0.1,79.2,539418.67,34.3,0.61,1.16,0.0,0.0,6.64,87,258,0
2026-08-02 10:01:39,2.7,79.1,542820.0,34.3,0.05,0.59,0.01,0.0,3.91,87,258,0
2026-08-02 10:01:45,0.4,79.2,540146.67,34.3,0.34,1.34,0.01,0.08,3.5,87,258,0
2026-08-02 10:01:51,2.3,79.2,538338.67,34.3,0.23,3.31,0.01,0.0,326.39,87,258,1
2026-08-02 10:01:57,0.5,79.2,539774.67,34.3,0.05,0.51,0.01,0.0,98.98,87,258,0
2026-08-02 10:02:04,0.0,79.2,538534.67,34.3,0.06,0.82,0.0,0.0,4.09,87,258,0
2026-08-02 10:02:10,0.0,79.2,538462.67,34.3,0.09,1.16,0.01,0.0,4.22,87,258,0
2026-08-02 10:02:16,0.5,79.3,537526.67,34.3,0.09,0.46,0.0,0.0,3.97,87,258,0
2026-08-02 10:02:22,2.9,79.1,540901.33,34.3,0.02,0.88,0.01,0.0,4.79,87,258,0
2026-08-02 10:02:28,2.1,79.2,538252.0,34.3,0.0,0.55,0.02,0.0,4.23,87,258,0
2026-08-02 10:02:34,0.0,79.3,537046.67,34.3,0.06,0.86,0.0,0.0,3.44,88,258,0
2026-08-02 10:02:40,0.4,79.2,540297.33,34.3,2.86,2.67,0.01,0.0,5.37,88,258,0
2026-08-02 10:02:46,1.3,79.2,539653.33,34.3,4.33,3.27,0.01,0.01,40.42,88,258,0
2026-08-02 10:02:52,5.6,79.2,539233.33,34.3,0.14,0.78,0.01,0.0,5.72,88,259,0
2026-08-02 10:02:58,3.7,79.2,538862.67,34.3,0.47,1.41,0.0,0.01,3.53,88,259,0
2026-08-02 10:03:04,0.0,79.2,538857.33,34.3,6.71,4.66,0.01,0.0,4.36,88,259,0
2026-08-02 10:03:10,0.4,79.3,537461.33,34.3,0.19,1.23,0.01,0.01,4.11,88,259,0
2026-08-02 10:03:16,0.5,79.3,537957.33,34.3,1.41,1.65,0.02,0.05,5.87,88,259,0
2026-08-02 10:03:22,1.3,79.3,536164.0,34.3,0.75,0.96,0.01,0.01,3.38,88,259,0
2026-08-02 10:03:28,2.6,79.4,534192.0,34.3,0.56,3.48,0.01,0.02,43.91,88,264,0
2026-08-02 10:03:34,5.3,79.4,533665.33,34.3,0.39,1.29,0.01,0.02,3.83,88,259,0
2026-08-02 10:03:40,0.4,79.4,534214.67,34.3,0.66,0.89,0.01,0.01,82.36,88,259,0
2026-08-02 10:03:46,1.2,78.0,571332.0,34.3,10.69,0.98,0.04,0.04,23.84,88,259,0
2026-08-02 10:03:52,4.0,78.2,565262.67,34.3,10.71,3.49,0.83,0.03,4.24,88,259,0
2026-08-02 10:03:58,0.0,78.4,560101.33,34.3,0.52,5.85,3.34,0.07,4.57,88,259,0
2026-08-02 10:04:04,2.6,78.3,561737.33,34.3,0.0,1.32,0.01,0.0,4.66,88,259,0
2026-08-02 10:04:10,4.8,78.3,562145.33,34.3,1.12,1.12,0.01,0.01,4.95,88,259,0
2026-08-02 10:04:16,1.0,77.1,593870.67,34.3,1.43,0.84,0.01,0.01,4.93,89,259,0
2026-08-02 10:04:22,0.0,77.4,586710.67,34.3,0.34,1.68,0.0,0.01,3.58,89,259,0
2026-08-02 10:04:28,3.1,77.4,585389.33,34.3,1.5,0.45,0.01,0.0,3.95,89,259,0
2026-08-02 10:04:34,0.1,77.4,585321.33,34.3,0.09,1.0,0.01,0.0,5.76,89,259,0
2026-08-02 10:04:40,3.4,77.5,584500.0,34.3,18.81,2.68,0.01,0.01,4.33,89,260,0
2026-08-02 10:04:46,0.9,77.5,583001.33,34.3,17.71,1.37,0.01,0.0,7.14,89,260,0
2026-08-02 10:04:52,0.0,77.5,584078.67,34.3,0.23,1.17,0.0,0.0,4.2,89,260,0
2026-08-02 10:04:58,0.1,77.5,584140.0,34.3,3.54,0.55,0.02,0.0,6.29,89,260,0
2026-08-02 10:05:04,0.4,77.6,580778.67,34.3,4.57,1.54,0.01,0.0,4.04,89,260,0
2026-08-02 10:05:10,0.3,77.7,578442.67,34.3,0.16,1.05,0.01,0.01,3.78,89,260,0
2026-08-02 10:05:16,6.5,77.6,580076.0,34.3,4.68,0.71,0.01,0.01,4.1,89,260,0
2026-08-02 10:05:22,0.0,77.7,579433.33,34.3,0.66,1.14,0.0,0.0,4.8,89,260,0
2026-08-02 10:05:28,0.3,77.7,577369.33,34.3,0.02,1.03,0.01,0.0,3.86,89,260,0
2026-08-02 10:05:34,1.6,77.7,577921.33,34.3,0.31,3.21,0.0,0.01,13.47,89,260,0
2026-08-02 10:05:40,0.0,77.7,579102.67,34.3,0.14,1.47,0.01,0.0,4.59,89,260,0
2026-08-02 10:05:46,0.9,77.7,578012.0,34.3,3.82,0.41,0.01,0.0,3.62,89,266,0
2026-08-02 10:05:52,21.5,79.9,521464.0,34.3,7.81,1.33,0.01,0.01,99.23,90,260,0
2026-08-02 10:05:58,0.0,79.7,525940.0,34.3,2.01,2.38,0.01,0.04,4.17,90,260,0
2026-08-02 10:06:04,3.9,79.7,527016.0,34.3,0.45,1.39,0.01,0.01,30.53,90,260,0
2026-08-02 10:06:10,0.0,79.6,529628.0,34.3,0.69,1.29,0.01,0.0,13.86,90,259,0
2026-08-02 10:06:16,0.1,79.6,527810.67,34.3,1.09,0.99,0.0,0.0,110.98,90,259,0
2026-08-02 10:06:23,3.4,79.6,528509.33,34.3,1.01,2.98,0.01,0.0,23.1,90,259,0
2026-08-02 10:06:29,3.7,78.5,556629.33,34.3,0.13,1.25,0.01,0.01,89.59,90,259,0
2026-08-02 10:06:35,1.7,78.0,569885.33,34.3,18.45,0.93,0.01,0.01,106.16,90,259,0
2026-08-02 10:06:41,2.7,78.2,566209.33,34.3,0.03,0.83,0.01,0.0,27.85,90,259,0
2026-08-02 10:06:47,0.7,78.2,566552.0,34.3,0.17,0.82,0.01,0.08,4.29,90,259,0
2026-08-02 10:06:53,0.0,78.0,571065.33,34.3,0.3,3.79,0.01,0.0,4.75,90,259,0
2026-08-02 10:06:59,3.1,78.1,566870.67,34.3,0.09,1.07,0.01,0.0,4.23,90,259,0
2026-08-02 10:07:05,0.8,78.2,565842.67,34.3,10.38,2.34,0.0,0.0,34.15,90,260,0
2026-08-02 10:07:11,0.3,78.1,567301.33,34.3,0.07,0.85,0.01,0.0,4.03,90,259,0
2026-08-02 10:07:17,0.0,78.1,567320.0,34.3,0.73,0.51,0.0,0.0,3.96,90,259,0
2026-08-02 10:07:23,0.1,78.0,570494.67,34.3,0.0,0.68,0.01,0.0,9.73,90,259,0
2026-08-02 10:07:29,7.1,78.1,567076.0,34.3,0.05,0.45,0.01,0.02,4.33,91,259,0
2026-08-02 10:07:35,0.3,78.1,566693.33,34.3,0.05,2.34,0.01,0.0,21.98,91,259,0
2026-08-02 10:07:41,0.0,78.1,567329.33,34.3,0.06,0.69,0.01,0.0,4.35,91,259,0
2026-08-02 10:07:47,0.1,78.1,566700.0,34.3,0.12,0.52,0.0,0.0,21.96,91,259,0
2026-08-02 10:07:53,0.1,78.2,565950.67,34.3,0.28,0.71,0.01,0.0,5.06,91,259,0
2026-08-02 10:07:59,0.5,78.1,567438.67,34.3,0.55,0.52,0.0,0.01,133.52,91,259,0
2026-08-02 10:08:05,3.8,78.1,567289.33,34.3,3.25,1.14,0.01,0.08,9.56,91,259,0
2026-08-02 10:08:11,0.3,78.1,567780.0,34.3,0.3,3.47,0.01,0.03,13.85,91,259,0
2026-08-02 10:08:17,0.5,78.1,567506.67,34.3,0.43,1.33,0.0,0.0,5.38,91,259,0
2026-08-02 10:08:23,1.2,78.1,568125.33,34.3,1.7,0.73,0.01,0.0,64.32,91,259,0
2026-08-02 10:08:29,3.3,78.0,570029.33,34.3,0.86,1.39,0.01,0.01,4.51,91,259,0
2026-08-02 10:08:35,1.1,78.1,568097.33,34.3,0.19,0.38,0.01,0.0,3.79,91,265,0
2026-08-02 10:08:41,3.7,78.8,550166.67,34.3,0.25,0.82,0.0,0.0,3.85,91,259,0
2026-08-02 10:08:47,0.3,77.2,591254.67,34.3,0.07,2.93,0.01,0.01,38.22,91,259,0
2026-08-02 10:08:54,0.3,77.3,589281.33,34.3,0.08,0.85,0.0,0.0,4.58,91,259,0
2026-08-02 10:09:00,0.4,77.3,589217.33,34.3,0.11,0.48,0.01,0.0,3.61,91,259,0
2026-08-02 10:09:06,2.4,77.2,591140.0,34.3,0.4,1.38,0.01,0.0,3.78,91,259,0
2026-08-02 10:09:12,5.4,77.5,584660.0,34.3,0.98,0.75,0.0,0.0,3.59,91,259,0
2026-08-02 10:09:18,5.6,77.2,590568.0,34.3,6.47,1.38,0.01,0.01,4.09,92,259,0
2026-08-02 10:09:24,0.4,77.3,589446.67,34.3,0.0,0.34,0.0,0.01,4.74,92,259,0
2026-08-02 10:09:30,0.7,77.4,586718.67,34.3,0.06,0.9,0.01,0.0,26.63,92,259,0
2026-08-02 10:09:36,0.0,77.6,580830.67,34.3,0.06,1.08,0.0,0.0,3.38,92,260,0
2026-08-02 10:09:42,0.5,77.4,586222.67,34.3,0.03,2.55,0.01,0.0,11.95,92,259,0
2026-08-02 10:09:48,3.4,77.3,588324.0,34.3,0.06,0.47,0.01,0.0,4.07,92,259,0
2026-08-02 10:09:54,0.3,77.4,586545.33,34.3,0.24,1.16,0.0,0.0,5.01,92,259,0
2026-08-02 10:10:00,0.0,77.4,585569.33,34.3,0.09,0.75,0.01,0.0,3.53,92,259,0
2026-08-02 10:10:06,0.0,78.2,564928.0,34.3,71.01,1.11,0.01,0.01,9.39,92,260,0
2026-08-02 10:10:12,1.8,78.1,567942.67,34.3,0.28,1.32,0.01,0.0,302.05,92,260,1
2026-08-02 10:10:18,1.8,78.1,568033.33,34.3,0.31,0.89,0.01,0.0,597.71,92,260,1
2026-08-02 10:10:25,0.3,78.1,569037.33,34.3,0.04,3.3,0.0,0.0,97.69,92,260,0
2026-08-02 10:10:31,0.3,78.1,567606.67,34.3,0.0,1.12,0.01,0.0,5.47,92,260,0
2026-08-02 10:10:37,0.0,78.0,569448.0,34.3,0.02,0.98,0.0,0.0,3.75,92,260,0
2026-08-02 10:10:43,9.7,77.2,591960.0,34.3,0.06,1.35,0.01,0.01,3.44,93,259,0
2026-08-02 10:10:49,14.0,78.4,559520.0,34.3,27.8,1.37,0.01,0.01,80.78,93,264,0
2026-08-02 10:10:55,11.0,79.6,528326.67,34.3,81.35,3.41,0.04,0.02,12.44,93,269,0
2026-08-02 10:11:01,6.4,80.2,514434.67,34.3,82.78,8.16,0.06,0.39,3.69,93,268,0
2026-08-02 10:11:07,5.1,80.1,516318.67,34.3,24.54,3.66,0.21,0.05,3.41,93,267,0
2026-08-02 10:11:13,5.4,80.1,516730.67,34.3,54.07,3.72,0.04,0.4,46.94,93,270,0
2026-08-02 10:11:19,2.4,80.2,513272.0,34.3,0.11,0.94,0.01,0.25,7.5,93,270,0
2026-08-02 10:11:25,5.0,80.1,515266.67,34.3,0.08,0.84,0.02,0.25,4.12,93,270,0
2026-08-02 10:11:31,1.3,80.1,515696.0,34.3,0.04,0.5,0.02,0.25,81.55,93,269,0
2026-08-02 10:11:37,0.0,79.9,522240.0,34.3,0.32,0.98,0.01,0.18,24.78,93,268,0
2026-08-02 10:11:43,0.1,79.1,541588.0,34.3,0.17,1.36,0.02,0.23,147.92,93,267,0
2026-08-02 10:11:49,0.8,79.1,540950.67,34.3,0.24,4.58,0.01,0.18,,93,267,0
2026-08-02 10:11:59,0.7,79.1,542637.33,34.3,0.78,1.29,0.02,0.3,44.4,93,267,0
2026-08-02 10:12:05,0.9,79.0,544864.0,34.3,0.27,0.68,0.02,0.2,94.53,93,266,0
2026-08-02 10:12:12,2.6,79.1,541745.33,34.3,0.09,1.0,0.02,0.2,25.78,93,266,0
2026-08-02 10:12:18,0.0,79.1,542238.67,34.3,0.73,0.96,0.02,0.31,101.94,93,266,0
2026-08-02 10:12:24,0.6,79.1,540800.0,34.3,0.02,0.39,0.02,0.23,3.52,93,266,0
2026-08-02 10:12:30,0.3,79.0,544325.33,34.3,0.12,2.22,0.02,0.28,3.48,93,266,0
2026-08-02 10:12:36,0.7,79.0,543821.33,34.3,0.0,0.27,0.02,0.21,4.93,93,266,0
2026-08-02 10:12:42,2.0,79.2,539741.33,34.3,0.04,2.02,0.01,0.06,135.52,93,266,0
2026-08-02 10:12:48,5.7,79.2,539312.0,34.3,0.3,2.02,0.01,0.01,,94,265,0
2026-08-02 10:12:58,3.1,79.2,539956.0,34.3,13.53,1.18,0.01,0.01,166.56,94,265,0
2026-08-02 10:13:04,6.4,79.8,524021.33,34.3,258.97,38.0,0.0,0.0,3.74,94,266,0
2026-08-02 10:13:10,7.2,80.9,494456.0,34.4,27.21,324.95,0.01,0.01,3.63,94,266,0
2026-08-02 10:13:16,8.6,78.0,569337.33,34.3,84.95,13.06,0.01,0.01,3.21,94,264,0
2026-08-02 10:13:22,8.4,78.2,565078.67,34.3,43.26,2.05,0.0,0.0,3.33,94,264,0
2026-08-02 10:13:28,3.1,78.2,564844.0,34.3,36.88,3.81,0.01,0.0,3.6,94,264,0
2026-08-02 10:13:34,0.3,78.3,561784.0,34.3,1.17,5.25,0.0,0.01,4.44,94,264,0
2026-08-02 10:13:40,0.6,77.4,586352.0,34.3,0.52,1.64,0.01,0.0,4.28,94,264,0
2026-08-02 10:13:46,0.3,77.7,578680.0,34.3,0.04,0.3,0.0,0.0,4.69,94,264,0
2026-08-02 10:13:52,0.5,77.6,579732.0,34.3,0.5,1.84,0.01,0.0,3.92,94,264,0
2026-08-02 10:13:58,0.5,77.7,578729.33,34.3,0.04,0.27,0.01,0.0,4.25,94,264,0
2026-08-02 10:14:04,3.4,77.6,579881.33,34.3,0.19,2.23,0.0,0.0,4.41,94,264,0
2026-08-02 10:14:10,0.0,77.7,578776.0,34.3,0.32,1.07,0.01,0.0,4.35,94,264,0
2026-08-02 10:14:16,3.9,77.4,585533.33,34.3,0.57,0.7,0.0,0.0,4.18,94,263,0
2026-08-02 10:14:22,0.0,77.5,583864.0,34.3,0.0,0.77,0.01,0.0,3.64,94,263,0
2026-08-02 10:14:28,3.7,77.5,584606.67,34.3,0.0,0.38,0.01,0.0,233.93,94,263,0
2026-08-02 10:14:35,4.2,77.5,584592.0,34.3,0.7,1.21,0.01,0.01,51.51,94,268,0
2026-08-02 10:14:41,3.0,77.6,580960.0,34.3,0.0,0.2,0.01,0.01,5.04,94,263,0
2026-08-02 10:14:47,2.2,77.5,583982.67,34.3,0.3,2.96,0.0,0.0,3.35,94,261,0
2026-08-02 10:14:53,0.3,77.6,581986.67,34.3,0.03,0.61,0.01,0.0,7.84,94,261,0
2026-08-02 10:14:59,1.4,77.5,582529.33,34.3,7.65,1.25,0.01,0.0,4.18,94,260,0
2026-08-02 10:15:05,0.3,77.7,579445.33,34.3,2.65,3.04,0.01,0.0,4.02,95,260,0
2026-08-02 10:15:11,3.9,77.7,578048.0,34.3,0.05,0.94,0.01,0.0,9.45,95,260,0
2026-08-02 10:15:17,4.6,77.5,582854.67,34.3,0.12,1.23,0.0,0.0,3.87,95,259,0
2026-08-02 10:15:23,0.3,77.6,581968.0,34.3,0.0,0.23,0.01,0.0,4.14,95,259,0
2026-08-02 10:15:29,8.8,77.6,581108.0,34.3,0.02,0.75,0.0,0.0,3.76,95,259,0
2026-08-02 10:15:35,1.8,77.7,578076.0,34.3,0.54,4.52,0.01,0.0,4.28,95,259,0
2026-08-02 10:15:41,0.0,77.7,578217.33,34.3,0.03,0.27,0.01,0.0,4.05,95,259,0
2026-08-02 10:15:47,3.0,77.3,587653.33,34.3,0.64,0.93,0.0,0.0,3.21,95,259,0
2026-08-02 10:15:53,1.8,77.6,581941.33,34.3,0.21,0.88,0.01,0.0,4.47,95,259,0
2026-08-02 10:15:59,0.9,77.7,578048.0,34.3,0.03,0.9,0.0,0.0,4.32,95,259,0
2026-08-02 10:16:05,1.6,77.7,577886.67,34.3,0.37,1.38,0.01,0.01,8.21,95,259,0
2026-08-02 10:16:11,0.1,77.7,577786.67,34.3,0.02,0.46,0.01,0.0,3.87,95,259,0
2026-08-02 10:16:17,0.3,77.4,586326.67,34.3,0.34,1.51,0.01,0.0,4.35,95,259,0
2026-08-02 10:16:23,2.6,77.4,586585.33,34.3,0.02,0.35,0.01,0.0,3.5,95,259,0
2026-08-02 10:16:29,3.0,77.5,584401.33,34.3,0.59,0.87,0.01,0.01,7.56,95,259,0
2026-08-02 10:16:35,0.0,77.4,585816.0,34.3,0.11,3.13,0.01,0.01,4.0,95,259,0
2026-08-02 10:16:41,0.4,77.3,588626.67,34.3,1.21,1.04,0.0,0.0,4.08,95,259,0
2026-08-02 10:16:47,0.5,77.2,591336.0,34.3,0.0,0.25,0.01,0.08,4.37,95,259,0
2026-08-02 10:16:53,0.0,77.2,591790.67,34.3,0.0,0.74,0.0,0.0,4.82,95,263,0
2026-08-02 10:16:59,3.6,77.4,586826.67,34.3,0.08,1.12,0.01,0.0,3.91,95,259,0
2026-08-02 10:17:05,4.5,77.6,581388.0,34.3,26.95,2.05,0.01,0.0,3.72,95,259,0
2026-08-02 10:17:11,0.0,77.5,583460.0,34.3,0.0,1.47,0.0,0.0,6.27,96,259,0
2026-08-02 10:17:17,0.6,77.6,581252.0,34.3,0.0,2.98,0.01,0.0,4.22,96,259,0
2026-08-02 10:17:23,0.3,77.5,582537.33,34.3,0.19,1.88,0.0,0.0,3.69,96,259,0
2026-08-02 10:17:29,3.6,77.4,587238.67,34.3,0.18,0.94,0.01,0.01,4.46,96,259,0
2026-08-02 10:17:35,0.8,77.1,593776.0,34.3,0.03,2.9,0.0,0.0,3.35,96,259,0
2026-08-02 10:17:41,0.1,77.3,589809.33,34.3,0.02,0.79,0.01,0.0,4.9,96,259,0
2026-08-02 10:17:47,0.5,77.4,587053.33,34.3,0.0,0.25,0.0,0.0,3.98,96,259,0
2026-08-02 10:17:53,0.3,77.2,590834.67,34.3,0.03,1.65,0.01,0.0,3.57,96,260,0
2026-08-02 10:17:59,0.5,77.3,589748.0,34.3,0.0,0.8,0.0,0.0,3.53,96,260,0
2026-08-02 10:18:05,3.1,77.3,589745.33,34.3,0.26,1.14,0.01,0.0,3.78,96,260,0
2026-08-02 10:18:11,0.4,77.5,584677.33,34.3,1.86,2.47,0.02,0.01,3.99,96,260,0
2026-08-02 10:18:17,0.3,77.0,596969.33,34.3,0.27,16.85,0.0,0.0,3.22,96,259,0
2026-08-02 10:18:23,0.4,76.9,599412.0,34.3,0.16,1.21,0.01,0.0,9.49,96,259,0
2026-08-02 10:18:29,0.7,76.9,598077.33,34.3,0.02,0.81,0.0,0.0,3.37,96,259,0
2026-08-02 10:18:35,1.3,77.0,596970.67,34.3,0.11,1.0,0.02,0.0,3.47,96,259,0
2026-08-02 10:18:41,3.0,77.5,582217.33,34.3,0.06,1.09,0.01,0.0,12.39,96,259,0
2026-08-02 10:18:47,2.0,76.5,609826.67,34.3,0.21,24.93,0.01,0.02,4.12,96,259,0
2026-08-02 10:18:53,0.7,76.5,609586.67,34.3,0.22,1.21,0.01,0.01,4.35,96,259,0
2026-08-02 10:18:59,2.6,76.4,611298.67,34.3,0.08,1.16,0.0,0.0,26.15,96,259,0
2026-08-02 10:19:05,0.0,76.5,609212.0,34.3,0.06,0.95,0.01,0.0,4.05,96,259,0
2026-08-02 10:19:11,0.6,77.7,578454.67,34.3,18.69,7.17,0.02,0.02,4.79,96,267,0
2026-08-02 10:19:17,3.0,77.3,588765.33,34.3,0.82,5.34,0.01,0.0,3.82,96,263,0
2026-08-02 10:19:23,0.8,77.2,591629.33,34.3,0.28,1.64,0.0,0.0,4.16,97,263,0
2026-08-02 10:19:29,0.6,77.1,593034.67,34.3,0.38,1.23,0.01,0.0,4.33,97,262,0
2026-08-02 10:19:35,5.3,77.2,590577.33,34.3,0.02,0.82,0.01,0.0,3.97,97,262,0
2026-08-02 10:19:41,0.4,77.2,591265.33,34.3,0.09,0.44,0.0,0.0,3.65,97,261,0
2026-08-02 10:19:47,3.5,77.1,593721.33,34.3,0.34,3.39,0.02,0.01,4.37,97,261,0
2026-08-02 10:19:53,0.8,77.0,595806.67,34.3,0.0,0.75,0.0,0.0,4.29,97,261,0
2026-08-02 10:20:00,0.1,77.1,594317.33,34.3,0.0,1.29,0.01,0.0,3.38,97,260,0
2026-08-02 10:20:06,6.5,77.2,591278.67,34.3,0.07,1.01,0.01,0.01,3.89,97,260,0
2026-08-02 10:20:12,0.0,77.1,593494.67,34.3,0.02,0.34,0.0,0.0,5.95,97,260,0
2026-08-02 10:20:18,1.6,77.8,575753.33,34.3,49.91,1.3,0.01,0.01,4.82,97,261,0
2026-08-02 10:20:24,2.7,77.9,572972.0,34.3,0.02,0.8,0.0,0.0,4.3,97,261,0
2026-08-02 10:20:30,2.8,77.8,576737.33,34.3,0.06,3.14,0.01,0.0,3.61,97,261,0
2026-08-02 10:20:36,3.2,77.7,579258.67,34.3,0.82,2.18,0.0,0.0,13.39,97,261,0
2026-08-02 10:20:42,4.8,77.7,578021.33,34.3,0.23,1.14,0.01,0.0,5.24,97,261,0
2026-08-02 10:20:48,0.0,77.0,597084.0,34.3,0.0,1.14,0.01,0.0,4.85,97,260,0
2026-08-02 10:20:54,0.0,77.0,597550.67,34.3,0.0,0.85,0.0,0.0,56.44,97,260,0
2026-08-02 10:21:00,6.5,77.1,592606.67,34.3,0.0,0.23,0.01,0.0,14.21,97,260,0
2026-08-02 10:21:06,0.0,77.0,597393.33,34.3,0.12,1.41,0.01,0.01,52.14,97,260,0
2026-08-02 10:21:12,0.3,77.0,596024.0,34.3,0.28,1.15,0.01,0.01,23.94,97,260,0
2026-08-02 10:21:18,0.5,77.0,596429.33,34.3,0.0,0.97,0.01,0.0,3.54,97,260,0
2026-08-02 10:21:24,0.0,77.0,596000.0,34.3,0.0,3.05,0.01,0.0,4.0,97,260,0
2026-08-02 10:21:30,3.3,77.0,597398.67,34.3,0.03,0.37,0.01,0.0,6.04,97,266,0
2026-08-02 10:21:36,5.3,77.0,595809.33,34.3,0.0,1.04,0.0,0.0,3.83,97,260,0
2026-08-02 10:21:42,2.7,77.1,594600.0,34.4,0.0,0.71,0.01,0.0,19.33,97,260,0
2026-08-02 10:21:48,0.0,77.1,595110.67,34.4,0.03,0.86,0.01,0.07,3.55,97,260,0
2026-08-02 10:21:54,0.0,76.9,598696.0,34.4,0.06,0.89,0.01,0.0,19.09,97,260,0
2026-08-02 10:22:00,0.4,76.9,600056.0,34.3,0.02,3.14,0.01,0.0,3.24,98,260,0
2026-08-02 10:22:06,2.2,76.8,601961.33,34.3,0.27,1.91,0.0,0.0,3.46,98,260,0
2026-08-02 10:22:12,0.4,76.9,598349.33,34.3,0.0,0.54,0.01,0.0,3.91,98,260,0
2026-08-02 10:22:18,0.1,76.8,601322.67,34.3,0.0,0.88,0.0,0.0,4.57,98,260,0
2026-08-02 10:22:24,4.8,76.9,598669.33,34.3,0.0,0.83,0.01,0.0,3.69,98,260,0
2026-08-02 10:22:30,0.3,76.9,599334.67,34.3,0.0,0.3,0.0,0.0,7.06,98,260,0
2026-08-02 10:22:36,2.4,77.0,597636.0,34.3,0.06,0.84,0.01,0.0,3.77,98,260,0
2026-08-02 10:22:42,3.9,77.1,594745.33,34.3,0.0,0.96,0.01,0.01,3.52,98,260,0
2026-08-02 10:22:48,0.3,77.0,597178.67,34.3,0.02,0.76,0.0,0.0,4.31,98,260,0
2026-08-02 10:22:54,0.0,77.0,596849.33,34.4,0.06,0.93,0.01,0.0,4.02,98,260,0
2026-08-02 10:23:00,3.3,76.9,598337.33,34.4,0.08,0.39,0.0,0.0,4.27,98,260,0
2026-08-02 10:23:06,1.9,77.0,596102.67,34.4,0.06,3.05,0.01,0.0,3.65,98,260,0
2026-08-02 10:23:12,0.3,77.0,596897.33,34.4,0.73,0.79,0.01,0.0,8.27,98,260,0
2026-08-02 10:23:18,3.6,76.8,601221.33,34.4,1.74,4.09,0.0,0.0,5.73,98,259,0
2026-08-02 10:23:24,0.3,76.9,598720.0,34.4,0.05,1.01,0.01,0.0,3.33,98,259,0
2026-08-02 10:23:30,1.7,76.8,602952.0,34.3,0.05,3.72,0.0,0.0,3.56,98,259,0
2026-08-02 10:23:36,0.0,76.6,606968.0,34.3,0.03,0.89,0.01,0.0,3.92,98,259,0
2026-08-02 10:23:42,0.1,76.7,603514.67,34.3,0.0,0.31,0.0,0.01,5.95,98,259,0
2026-08-02 10:23:48,0.0,76.9,598464.0,34.3,0.04,0.86,0.01,0.0,5.9,98,263,0
2026-08-02 10:23:54,3.0,76.8,602778.67,34.3,0.0,1.19,0.01,0.0,3.28,98,259,0
2026-08-02 10:24:00,3.3,76.7,605384.0,34.3,0.09,0.97,0.0,0.0,4.14,98,259,0
2026-08-02 10:24:06,0.9,76.7,603765.33,34.3,0.06,0.4,0.01,0.0,3.27,98,259,0
2026-08-02 10:24:12,0.1,76.5,608693.33,34.4,0.01,1.12,0.0,0.0,5.04,98,259,0
2026-08-02 10:24:18,0.1,76.3,615302.67,34.4,0.12,16.17,0.01,0.0,3.8,98,259,0
2026-08-02 10:24:24,2.8,76.3,613872.0,34.4,0.08,0.84,0.0,0.0,3.49,98,259,0
2026-08-02 10:24:30,4.6,76.4,610741.33,34.4,0.05,3.24,0.01,0.0,3.76,99,259,0
2026-08-02 10:24:36,0.4,76.6,606429.33,34.4,0.0,0.24,0.01,0.0,4.35,99,259,0
2026-08-02 10:24:42,1.2,76.6,606669.33,34.4,0.04,0.94,0.0,0.0,5.05,99,259,0
2026-08-02 10:24:48,0.0,76.4,611160.0,34.3,0.33,2.89,0.01,0.0,6.07,99,259,0
2026-08-02 10:24:54,0.0,76.6,607313.33,34.3,0.16,0.99,0.0,0.0,5.61,99,259,0
2026-08-02 10:25:00,2.6,76.6,607877.33,34.3,0.23,2.87,0.01,0.0,4.33,99,259,0
2026-08-02 10:25:06,0.4,76.5,609732.0,34.3,0.21,0.97,0.01,0.01,3.56,99,259,0
2026-08-02 10:25:12,0.1,76.4,610857.33,34.3,0.55,0.95,0.0,0.0,3.99,99,258,0
2026-08-02 10:25:19,0.4,76.4,611784.0,34.4,0.0,0.94,0.01,0.0,3.9,99,258,0
2026-08-02 10:25:25,0.4,76.4,612344.0,34.4,0.05,0.82,0.0,0.0,3.85,99,258,0
2026-08-02 10:25:31,0.7,76.7,604116.0,34.4,6.25,0.63,0.01,0.0,3.75,99,258,0
2026-08-02 10:25:37,5.3,76.8,602898.67,34.4,0.02,1.25,0.01,0.0,22.06,99,258,0
2026-08-02 10:25:43,1.3,76.8,601252.0,34.4,0.0,0.19,0.0,0.0,3.68,99,258,0
2026-08-02 10:25:49,0.0,76.9,599925.33,34.4,0.05,0.97,0.01,0.0,4.41,99,258,0
2026-08-02 10:25:55,3.2,76.9,600308.0,34.4,0.02,0.32,0.0,0.0,4.08,99,258,0
2026-08-02 10:26:01,0.1,76.8,601366.67,34.4,0.02,2.99,0.01,0.0,3.43,99,258,0
2026-08-02 10:26:07,3.7,76.7,604226.67,34.4,0.06,1.01,0.01,0.01,4.07,99,258,0
2026-08-02 10:26:13,3.8,76.3,614545.33,34.4,0.02,13.93,0.01,0.0,9.7,99,258,0
2026-08-02 10:26:19,0.3,76.3,614233.33,34.4,0.0,0.3,0.01,0.0,3.76,99,258,0
2026-08-02 10:26:25,0.0,76.3,613885.33,34.4,0.0,0.9,0.0,0.0,3.98,99,258,0
2026-08-02 10:26:31,4.7,76.4,612782.67,34.4,0.0,0.46,0.01,0.0,3.69,99,258,0
2026-08-02 10:26:37,0.1,76.5,609908.0,34.3,0.0,2.93,0.01,0.01,5.9,99,258,0
2026-08-02 10:26:43,2.3,76.2,618362.67,34.3,0.06,2.97,0.01,0.0,4.27,99,258,0
2026-08-02 10:26:49,1.3,76.3,615350.67,34.4,0.03,0.83,0.01,0.09,3.59,99,258,0
2026-08-02 10:26:55,0.3,76.3,613377.33,34.4,0.0,0.42,0.01,0.0,3.81,99,258,0
2026-08-02 10:27:01,0.3,76.3,614192.0,34.4,0.02,0.75,0.01,0.0,3.49,99,258,0
2026-08-02 10:27:07,1.8,76.0,621825.33,34.4,0.06,1.03,0.0,0.01,3.92,99,258,0
2026-08-02 10:27:13,0.8,76.3,615736.0,34.4,0.54,0.61,0.01,0.0,3.78,99,258,0
2026-08-02 10:27:19,7.0,76.5,608389.33,34.4,5.81,1.4,0.0,0.0,3.74,99,264,0
2026-08-02 10:27:25,8.6,76.5,608352.0,34.4,0.13,3.36,0.01,0.0,4.02,99,262,0
2026-08-02 10:27:31,0.0,76.4,611348.0,34.4,0.0,1.17,0.01,0.0,4.14,99,262,0
2026-08-02 10:27:37,0.3,76.3,614392.0,34.4,0.0,1.25,0.0,0.0,3.61,99,258,0
2026-08-02 10:27:43,0.6,76.3,614950.67,34.3,0.03,3.72,0.01,0.0,3.61,99,258,0
2026-08-02 10:27:49,0.0,76.2,616422.67,34.4,0.14,1.43,0.0,0.0,3.74,99,258,0
2026-08-02 10:27:55,8.6,76.3,615254.67,34.4,0.0,0.82,0.01,0.0,3.93,99,257,0
2026-08-02 10:28:01,0.1,76.3,615714.67,34.4,0.02,1.03,0.0,0.0,3.95,99,257,0
2026-08-02 10:28:07,2.6,76.5,609041.33,34.4,0.21,1.79,0.01,0.0,4.31,99,258,0
2026-08-02 10:28:13,0.8,76.5,610700.0,34.4,0.0,0.9,0.01,0.0,5.31,99,257,0
2026-08-02 10:28:19,0.5,76.4,611909.33,34.4,0.14,4.04,0.0,0.01,3.53,99,257,0
2026-08-02 10:28:25,3.7,76.4,611436.0,34.4,0.0,0.82,0.01,0.0,5.5,99,257,0
2026-08-02 10:28:31,2.7,76.5,610305.33,34.4,0.0,0.81,0.0,0.0,3.11,99,257,0
2026-08-02 10:28:37,8.3,77.6,580062.67,34.4,0.02,3.62,0.01,0.0,4.4,99,257,0
2026-08-02 10:28:43,3.6,75.2,642709.33,34.4,1.8,12.11,0.01,0.0,4.34,99,257,0
2026-08-02 10:28:49,0.3,75.5,635044.0,34.4,0.05,1.55,0.0,0.0,3.33,99,257,0
2026-08-02 10:28:55,0.3,75.6,631669.33,34.4,0.06,1.51,0.01,0.0,4.43,99,257,0
2026-08-02 10:29:01,4.4,75.6,633352.0,34.4,0.22,1.27,0.0,0.0,4.12,99,257,0
2026-08-02 10:29:07,1.1,75.7,630098.67,34.4,0.06,3.23,0.01,0.0,4.99,99,257,0
2026-08-02 10:29:13,2.6,75.5,636124.0,34.4,0.03,1.77,0.01,0.0,4.56,99,257,0
2026-08-02 10:29:19,0.4,75.2,642398.67,34.4,0.02,1.42,0.0,0.0,4.54,99,257,0
2026-08-02 10:29:25,0.3,75.5,636160.0,34.4,0.12,3.2,0.01,0.0,3.64,99,257,0
2026-08-02 10:29:31,5.8,75.4,637534.67,34.4,0.0,1.48,0.0,0.01,4.6,99,257,0
2026-08-02 10:29:37,2.7,75.5,635760.0,34.4,0.02,1.62,0.01,0.0,4.09,99,257,0
2026-08-02 10:29:43,0.1,75.5,634432.0,34.4,0.0,1.34,0.0,0.0,10.87,99,257,0
2026-08-02 10:29:49,1.3,75.7,630677.33,34.4,0.23,3.52,0.01,0.0,4.43,99,257,0
2026-08-02 10:29:55,0.5,75.6,632860.0,34.4,0.0,0.96,0.01,0.0,3.35,99,257,0
2026-08-02 10:30:01,0.1,75.7,630774.67,34.4,0.08,1.38,0.0,0.0,25.78,99,257,0
2026-08-02 10:30:07,0.0,75.8,628326.67,34.4,0.08,3.69,0.01,0.0,3.97,99,257,0
2026-08-02 10:30:13,2.6,75.8,626766.67,34.4,0.08,2.3,0.0,0.0,6.8,99,257,0
2026-08-02 10:30:19,1.6,75.8,628825.33,34.4,0.03,1.44,0.01,0.0,11.74,99,257,0
2026-08-02 10:30:25,0.1,75.8,626893.33,34.4,0.0,0.9,0.0,0.0,4.37,99,257,0
2026-08-02 10:30:31,0.4,75.8,627180.0,34.4,0.0,1.7,0.01,0.0,4.61,99,257,0
2026-08-02 10:30:37,3.7,75.9,624604.0,34.4,0.02,2.79,0.01,0.0,12.64,99,257,0
2026-08-02 10:30:43,0.3,75.7,630640.0,34.4,0.0,1.43,0.0,0.01,21.82,99,258,0
2026-08-02 10:30:49,2.8,75.7,629898.67,34.4,0.06,2.81,0.01,0.0,3.84,99,257,0
2026-08-02 10:30:55,0.1,75.7,629433.33,34.4,0.0,0.7,0.0,0.0,473.07,99,257,1
2026-08-02 10:31:02,6.3,75.7,629876.0,34.4,0.02,2.12,0.01,0.0,39.11,99,257,0
2026-08-02 10:31:08,0.0,75.7,630788.0,34.4,0.07,1.62,0.01,0.01,29.28,99,257,0
2026-08-02 10:31:14,3.3,75.6,632446.67,34.4,0.02,3.64,0.0,0.0,19.72,99,257,0
2026-08-02 10:31:20,3.7,75.7,629284.0,34.4,0.08,4.33,0.01,0.0,5.28,99,257,0
2026-08-02 10:31:26,2.1,75.9,625178.67,34.4,0.0,1.31,0.0,0.0,4.78,99,257,0
2026-08-02 10:31:32,0.9,75.7,628968.0,34.4,0.02,1.12,0.01,0.0,16.91,99,257,0
2026-08-02 10:31:38,0.0,75.7,629769.33,34.4,1.16,0.81,0.0,0.0,89.14,99,257,0
2026-08-02 10:31:44,0.0,75.7,630784.0,34.4,0.0,0.88,0.01,0.0,33.88,99,257,0
2026-08-02 10:31:50,2.6,75.7,630025.33,34.4,0.12,1.55,0.01,0.09,93.42,99,257,0
2026-08-02 10:31:56,0.1,75.8,627508.0,34.4,0.0,0.77,0.0,0.0,22.1,99,257,0
2026-08-02 10:32:02,0.5,75.8,627822.67,34.4,0.0,3.95,0.01,0.01,63.92,99,257,0
2026-08-02 10:32:09,0.4,75.7,629318.67,34.4,0.06,1.07,0.0,0.0,8.59,99,257,0
2026-08-02 10:32:15,0.0,75.7,630722.67,34.4,0.0,3.02,0.01,0.0,14.88,99,257,0
2026-08-02 10:32:21,0.3,75.7,631297.33,34.4,0.0,0.97,0.0,0.0,8.53,99,257,0
2026-08-02 10:32:27,3.9,75.7,629174.67,34.4,0.0,0.8,0.01,0.0,12.21,99,257,0
2026-08-02 10:32:33,0.4,75.8,628480.0,34.4,0.06,1.45,0.01,0.0,3.64,99,257,0
2026-08-02 10:32:39,0.3,75.8,628033.33,34.4,0.02,0.91,0.0,0.0,3.89,99,257,0
2026-08-02 10:32:45,2.9,75.8,628344.0,34.4,0.0,0.87,0.01,0.0,5.82,99,257,0
2026-08-02 10:32:51,0.5,75.7,630765.33,34.4,0.03,0.78,0.0,0.0,3.83,99,258,0
2026-08-02 10:32:57,1.5,75.8,628513.33,34.4,0.0,3.56,0.01,0.0,4.72,99,258,0
2026-08-02 10:33:03,2.6,76.0,623617.33,34.4,0.0,1.32,0.01,0.0,3.54,99,258,0
2026-08-02 10:33:09,0.0,76.1,621020.0,34.4,0.08,3.75,0.0,0.0,5.14,99,258,0
2026-08-02 10:33:15,0.3,76.0,623374.67,34.4,0.02,2.32,0.01,0.01,4.81,99,258,0
2026-08-02 10:33:21,0.5,75.9,624264.0,34.4,0.08,0.85,0.0,0.0,4.93,99,258,0
2026-08-02 10:33:27,0.9,76.0,622104.0,34.4,0.02,1.75,0.01,0.04,3.37,99,258,0
2026-08-02 10:33:33,2.5,76.1,620936.0,34.4,0.02,3.11,0.0,0.01,5.28,99,258,0
2026-08-02 10:33:39,3.4,76.1,620322.67,34.4,0.0,0.89,0.01,0.0,3.69,99,258,0
2026-08-02 10:33:45,0.0,76.0,621526.67,34.4,0.02,0.94,0.01,0.0,3.77,99,258,0
2026-08-02 10:33:51,0.0,76.1,620281.33,34.4,18.48,0.91,0.0,0.0,13.83,100,258,0
2026-08-02 10:33:57,2.1,76.2,615948.0,34.4,0.02,3.32,0.01,0.0,148.83,100,258,0
2026-08-02 10:34:03,0.1,76.3,614176.0,34.4,0.05,2.75,0.0,0.0,3.28,100,258,0
2026-08-02 10:34:09,2.9,76.2,617754.67,34.4,0.08,0.89,0.01,0.0,4.68,100,258,0
2026-08-02 10:34:15,0.0,76.1,618902.67,34.4,0.05,1.81,0.01,0.0,3.93,100,258,0
2026-08-02 10:34:21,0.1,76.1,618684.0,34.4,0.06,3.56,0.0,0.0,13.97,100,258,0
2026-08-02 10:34:27,11.8,76.6,606416.0,34.4,37.34,1.43,0.01,0.01,3.23,100,262,0
2026-08-02 10:34:33,7.5,77.4,585858.67,34.4,960.55,5.45,0.0,0.0,4.17,100,263,0
2026-08-02 10:34:39,3.9,78.7,552017.33,34.4,158.18,2.44,0.01,0.0,6.23,100,263,0
2026-08-02 10:34:45,2.6,78.8,550360.0,34.4,0.29,2.64,0.0,0.0,31.78,100,263,0
2026-08-02 10:34:51,0.1,80.3,511101.33,34.4,2.23,3.16,0.01,0.0,53.48,100,263,0
2026-08-02 10:34:57,0.4,80.3,510008.0,34.4,0.12,2.05,0.01,0.0,4.43,100,263,0
2026-08-02 10:35:03,0.0,79.3,536604.0,34.4,0.55,1.86,0.0,0.0,5.01,100,262,0
2026-08-02 10:35:09,0.0,79.5,530793.33,34.4,0.19,1.59,0.01,0.01,4.79,100,262,0
2026-08-02 10:35:15,2.0,79.6,529332.0,34.4,0.23,4.49,0.0,0.0,4.35,100,268,0
2026-08-02 10:35:21,3.0,79.6,529856.0,34.4,0.12,1.61,0.01,0.0,7.49,100,262,0
2026-08-02 10:35:27,0.4,79.6,529724.0,34.4,0.02,0.75,0.01,0.0,7.52,100,262,0
2026-08-02 10:35:33,2.5,79.4,534297.33,34.4,0.06,2.09,0.0,0.0,3.45,100,262,0
2026-08-02 10:35:39,0.1,79.1,541208.0,34.4,0.0,2.99,0.01,0.0,3.89,100,261,0
2026-08-02 10:35:45,0.5,79.1,541006.67,34.4,0.61,0.79,0.0,0.0,38.11,100,261,0
2026-08-02 10:35:51,2.9,79.2,540268.0,34.4,0.07,1.38,0.01,0.01,4.32,100,261,0
2026-08-02 10:35:57,0.4,79.1,541002.67,34.4,0.03,4.16,0.0,0.0,3.84,100,261,0
2026-08-02 10:36:03,0.0,79.1,543132.0,34.4,0.68,4.18,0.01,0.0,4.2,100,261,0
2026-08-02 10:36:09,0.0,79.0,545682.67,34.4,0.08,1.89,0.01,0.01,4.1,100,260,0
2026-08-02 10:36:15,0.1,79.0,544354.67,34.4,0.12,0.86,0.0,0.0,8.74,100,260,0
2026-08-02 10:36:22,0.8,79.0,543544.0,34.4,0.0,0.87,0.01,0.0,95.12,100,260,0
2026-08-02 10:36:28,7.1,78.1,567745.33,34.4,0.12,1.16,0.0,0.0,12.9,100,260,0
2026-08-02 10:36:34,3.1,77.7,578826.67,34.4,0.19,2.89,0.01,0.01,4.34,100,260,0
2026-08-02 10:36:40,0.9,77.8,575381.33,34.4,0.59,1.35,0.01,0.01,4.29,100,260,0
2026-08-02 10:36:46,2.0,77.6,580974.67,34.4,0.06,3.16,0.01,0.08,19.11,100,260,0
2026-08-02 10:36:52,0.5,77.7,577837.33,34.4,0.06,1.44,0.01,0.0,121.56,100,260,0
2026-08-02 10:36:58,2.2,77.8,576054.67,34.4,0.19,1.37,0.0,0.0,17.42,100,266,0
2026-08-02 10:37:04,6.3,77.7,579138.67,34.4,0.0,1.59,0.01,0.0,3.78,100,260,0
2026-08-02 10:37:10,0.0,77.8,574657.33,34.4,0.16,1.54,0.0,0.0,11.78,100,260,0
2026-08-02 10:37:16,0.4,77.8,574848.0,34.4,0.06,3.73,0.01,0.0,4.42,100,260,0
2026-08-02 10:37:22,1.8,77.8,575214.67,34.4,0.0,0.81,0.01,0.0,4.53,100,260,0
2026-08-02 10:37:28,0.6,77.9,573357.33,34.4,0.13,3.01,0.01,0.01,4.83,100,260,0
2026-08-02 10:37:34,2.5,77.6,579813.33,34.4,0.48,2.62,0.01,0.0,4.29,100,260,0
2026-08-02 10:37:40,0.0,77.5,583253.33,34.4,0.16,0.76,0.0,0.0,3.52,100,260,0
2026-08-02 10:37:46,0.3,77.7,578638.67,34.4,0.06,1.47,0.01,0.0,152.29,100,260,0
2026-08-02 10:37:52,0.7,77.7,577550.67,34.4,0.05,1.06,0.0,0.0,4.23,100,260,0
2026-08-02 10:37:58,0.1,77.8,576337.33,34.4,0.0,3.38,0.01,0.0,3.19,100,260,0
2026-08-02 10:38:04,0.1,77.6,580477.33,34.4,0.0,1.71,0.01,0.0,4.24,100,260,0
2026-08-02 10:38:10,13.1,77.8,576153.33,34.4,0.08,0.86,0.0,0.0,4.98,100,260,0
2026-08-02 10:38:16,0.0,77.5,584498.67,34.4,0.73,11.92,0.01,0.0,5.04,100,260,0
2026-08-02 10:38:22,0.4,77.5,582352.0,34.4,0.06,1.62,0.0,0.0,4.37,100,260,0
2026-08-02 10:38:28,0.1,77.4,584920.0,34.4,0.21,1.48,0.01,0.0,3.56,100,260,0
2026-08-02 10:38:34,0.5,77.5,583670.67,34.4,0.0,1.58,0.01,0.0,3.6,100,260,0
2026-08-02 10:38:40,2.1,78.1,568969.33,34.4,0.03,3.53,0.0,0.01,3.42,100,260,0
2026-08-02 10:38:46,2.8,77.4,585340.0,34.4,0.12,13.49,0.01,0.0,4.62,100,260,0
2026-08-02 10:38:52,0.4,77.4,586898.67,34.4,0.0,2.82,0.0,0.0,4.41,100,260,0
2026-08-02 10:38:58,0.4,77.3,589381.33,34.4,0.2,1.95,0.01,0.0,11.86,100,260,0
2026-08-02 10:39:04,0.9,77.3,588408.0,34.4,6.45,1.99,0.0,0.0,4.1,100,261,0
2026-08-02 10:39:10,0.3,77.5,584434.67,34.4,15.23,1.07,0.01,0.0,5.59,100,260,0
2026-08-02 10:39:16,2.6,77.0,595820.0,34.4,0.12,1.75,0.01,0.0,85.82,100,260,0
2026-08-02 10:39:22,2.5,77.1,593673.33,34.4,0.0,3.81,0.0,0.0,19.03,100,260,0
2026-08-02 10:39:28,0.1,77.3,587557.33,34.4,0.07,3.73,0.01,0.0,17.55,100,261,0
2026-08-02 10:39:35,0.0,77.2,590148.0,34.4,0.02,1.39,0.0,0.0,16.13,100,260,0
2026-08-02 10:39:41,0.8,77.2,591534.67,34.4,0.0,1.04,0.01,0.0,4.47,100,260,0
2026-08-02 10:39:47,1.7,77.1,593625.33,34.4,0.09,0.79,0.0,0.0,3.21,100,260,0
2026-08-02 10:39:53,2.7,77.3,589004.0,34.4,0.0,1.95,0.01,0.0,4.35,100,260,0
2026-08-02 10:39:59,0.3,77.3,587877.33,34.4,0.0,1.16,0.01,0.0,3.82,100,260,0
2026-08-02 10:40:05,2.9,77.3,589666.67,34.4,0.0,1.28,0.0,0.01,3.29,100,260,0
2026-08-02 10:40:11,0.4,77.3,589518.67,34.4,0.11,1.21,0.01,0.0,4.2,100,260,0
2026-08-02 10:40:17,0.0,77.4,586254.67,34.4,0.12,0.95,0.0,0.0,5.04,100,260,0
2026-08-02 10:40:23,5.3,77.4,586346.67,34.4,0.0,1.51,0.01,0.0,4.41,100,260,0
2026-08-02 10:40:29,3.4,77.5,582809.33,34.4,0.12,4.48,0.01,0.0,6.42,100,260,0
2026-08-02 10:40:35,0.1,77.4,586284.0,34.4,0.05,0.9,0.0,0.0,4.63,100,260,0
2026-08-02 10:40:41,0.0,77.3,589101.33,34.4,0.06,0.85,0.01,0.0,44.87,100,259,0
2026-08-02 10:40:47,3.8,77.4,585356.0,34.4,4.19,1.15,0.0,0.0,3.63,100,260,0
2026-08-02 10:40:53,0.0,77.2,592393.33,34.4,0.19,1.7,0.01,0.01,3.59,100,260,0
2026-08-02 10:40:59,2.4,77.3,589485.33,34.4,0.03,1.54,0.01,0.0,3.56,100,266,0
2026-08-02 10:41:05,4.8,77.3,589752.0,34.4,0.13,3.25,0.0,0.01,4.88,100,260,0
2026-08-02 10:41:11,0.5,77.3,587490.67,34.4,0.03,0.81,0.01,0.0,3.36,100,260,0
2026-08-02 10:41:17,0.0,77.3,589669.33,34.4,0.0,1.68,0.0,0.0,3.22,100,260,0
2026-08-02 10:41:23,0.0,77.3,588850.67,34.4,0.0,2.68,0.01,0.01,12.25,100,260,0
2026-08-02 10:41:29,2.0,77.3,588857.33,34.4,0.13,1.75,0.0,0.0,3.46,100,260,0
2026-08-02 10:41:35,3.5,77.3,589333.33,34.4,0.05,1.2,0.01,0.0,4.41,100,260,0
2026-08-02 10:41:41,0.0,77.3,589426.67,34.4,0.0,0.81,0.01,0.0,4.28,100,260,0
2026-08-02 10:41:47,0.0,77.2,591837.33,34.4,0.0,0.95,0.01,0.08,4.29,100,260,0
2026-08-02 10:41:53,0.4,77.4,586773.33,34.4,0.06,1.14,0.01,0.0,4.68,100,260,0
2026-08-02 10:41:59,3.6,77.4,585913.33,34.4,0.0,0.79,0.0,0.0,4.21,100,260,0
2026-08-02 10:42:05,0.3,77.2,591936.0,34.4,0.11,3.76,0.01,0.0,17.45,100,260,0
2026-08-02 10:42:11,2.9,77.1,593286.67,34.4,0.02,1.43,0.0,0.0,4.33,100,260,0
2026-08-02 10:42:17,7.9,77.2,590725.33,34.4,0.0,0.93,0.01,0.0,4.57,100,260,0
2026-08-02 10:42:23,3.9,77.4,586730.67,34.4,0.1,4.79,0.01,0.0,7.82,100,260,0
2026-08-02 10:42:29,1.2,77.3,589714.67,34.4,0.1,0.86,0.0,0.0,3.73,100,260,0
2026-08-02 10:42:35,0.1,77.2,590842.67,34.4,0.07,1.59,0.01,0.0,66.52,100,260,0
2026-08-02 10:42:41,1.2,77.3,589808.0,34.4,0.16,1.81,0.01,0.01,14.9,100,260,0
2026-08-02 10:42:47,8.1,77.3,587424.0,34.4,0.03,0.92,0.01,0.0,5.82,100,260,0
2026-08-02 10:42:53,0.1,77.2,590146.67,34.4,0.34,1.15,0.01,0.0,112.87,100,259,0
2026-08-02 10:42:59,0.5,77.2,591516.0,34.4,0.02,3.39,0.0,0.0,5.87,100,259,0
2026-08-02 10:43:05,0.0,77.3,587772.0,34.4,0.13,3.25,0.01,0.0,23.53,100,259,0
2026-08-02 10:43:11,0.5,77.4,586781.33,34.4,0.19,2.53,0.0,0.0,11.28,100,259,0
2026-08-02 10:43:17,3.0,77.3,587472.0,34.4,0.06,1.6,0.01,0.0,5.01,100,259,0
2026-08-02 10:43:23,0.3,77.3,587508.0,34.4,0.21,1.2,0.0,0.0,12.05,100,259,0
2026-08-02 10:43:29,2.3,77.4,586720.0,34.4,0.05,1.09,0.01,0.0,69.28,100,259,0
2026-08-02 10:43:36,0.0,77.4,585634.67,34.4,0.06,3.66,0.01,0.0,6.74,100,259,0
2026-08-02 10:43:42,0.3,76.4,612230.67,34.4,0.05,0.86,0.0,0.0,5.16,100,259,0
2026-08-02 10:43:48,0.0,76.7,604148.0,34.4,0.02,0.91,0.01,0.0,8.48,100,259,0
2026-08-02 10:43:54,2.4,76.7,604052.0,34.4,0.03,0.91,0.0,0.0,111.35,100,259,0
2026-08-02 10:44:00,2.6,76.8,602449.33,34.4,0.17,4.39,0.01,0.0,147.62,100,259,0
2026-08-02 10:44:06,0.1,76.8,601589.33,34.4,0.16,1.57,0.0,0.01,9.26,100,259,0
2026-08-02 10:44:12,1.5,76.7,603428.0,34.4,0.17,1.59,0.01,0.0,4.22,100,259,0
2026-08-02 10:44:18,0.0,76.9,600241.33,34.4,0.16,1.29,0.01,0.0,3.9,100,259,0
2026-08-02 10:44:24,3.5,76.6,608082.67,34.4,0.0,0.85,0.0,0.0,3.77,100,259,0
2026-08-02 10:44:30,4.2,76.9,600097.33,34.4,0.2,1.1,0.01,0.0,5.59,100,259,0
2026-08-02 10:44:36,0.6,76.9,599761.33,34.4,0.0,3.6,0.0,0.0,18.19,100,259,0
2026-08-02 10:44:42,0.0,76.9,598512.0,34.4,0.0,0.93,0.01,0.0,4.36,100,259,0
2026-08-02 10:44:48,3.2,76.8,601850.67,34.4,0.09,3.1,0.01,0.0,3.48,100,258,0
2026-08-02 10:44:54,0.4,76.8,601718.67,34.4,0.23,1.27,0.0,0.0,4.39,100,258,0
2026-08-02 10:45:00,5.6,76.8,601224.0,34.4,0.44,1.39,0.01,0.0,3.84,100,258,0
2026-08-02 10:45:06,0.3,76.9,598305.33,34.4,0.62,2.29,0.0,0.0,3.77,100,258,0
2026-08-02 10:45:12,0.5,76.9,599197.33,34.4,0.02,1.49,0.01,0.0,4.77,100,258,0
2026-08-02 10:45:18,0.4,76.9,598641.33,34.4,0.16,1.54,0.0,0.01,4.11,100,258,0
2026-08-02 10:45:24,3.1,76.6,606618.67,34.4,0.0,3.99,0.01,0.0,6.45,100,258,0
2026-08-02 10:45:30,0.4,76.9,598577.33,34.4,0.15,0.96,0.01,0.0,4.77,100,258,0
2026-08-02 10:45:36,4.1,76.8,600369.33,34.4,0.08,4.69,0.0,0.0,4.19,100,258,0
2026-08-02 10:45:42,1.1,76.8,601489.33,34.4,0.08,1.14,0.01,0.0,5.5,100,258,0
2026-08-02 10:45:48,0.1,76.8,601309.33,34.4,0.05,1.42,0.0,0.0,57.78,100,258,0
2026-08-02 10:45:54,0.1,77.0,597581.33,34.4,16.7,2.64,0.01,0.01,4.65,100,260,0
2026-08-02 10:46:00,0.0,76.8,600573.33,34.4,0.0,1.35,0.01,0.0,3.71,100,260,0
2026-08-02 10:46:06,0.6,76.9,599536.0,34.4,0.12,3.68,0.01,0.01,4.39,100,260,0
2026-08-02 10:46:12,3.1,77.0,595917.33,34.4,0.15,0.97,0.01,0.0,4.99,100,259,0
2026-08-02 10:46:18,4.9,77.0,595553.33,34.4,0.0,2.97,0.0,0.0,3.63,100,259,0
2026-08-02 10:46:24,0.0,76.8,602460.0,34.4,0.1,1.53,0.01,0.0,4.13,100,259,0
2026-08-02 10:46:30,0.9,76.8,600617.33,34.4,0.0,1.29,0.0,0.0,4.44,100,259,0
2026-08-02 10:46:36,1.0,77.0,597512.0,34.4,0.02,1.33,0.01,0.01,3.75,100,259,0
2026-08-02 10:46:42,3.4,76.9,598938.67,34.4,0.0,0.99,0.01,0.0,22.27,100,259,0
2026-08-02 10:46:48,1.8,77.1,594169.33,34.4,0.0,3.37,0.01,0.07,4.06,100,259,0
2026-08-02 10:46:54,3.0,77.0,597408.0,34.4,0.0,1.61,0.01,0.0,4.53,100,259,0
2026-08-02 10:47:00,0.0,77.0,596674.67,34.4,0.17,3.96,0.0,0.0,4.34,100,259,0
2026-08-02 10:47:06,0.4,77.0,596502.67,34.4,0.06,1.6,0.01,0.0,4.25,100,259,0
2026-08-02 10:47:12,0.1,77.1,593298.67,34.4,0.02,0.8,0.01,0.0,4.19,100,259,0
2026-08-02 10:47:18,2.4,77.0,597758.67,34.4,1.0,1.62,0.0,0.0,3.71,100,259,0
2026-08-02 10:47:24,0.0,76.9,599072.0,34.4,0.0,0.86,0.01,0.0,4.29,100,259,0
2026-08-02 10:47:30,2.1,77.0,595536.0,34.4,0.06,3.58,0.0,0.0,3.67,100,259,0
2026-08-02 10:47:36,0.6,77.2,591094.67,34.4,0.04,1.61,0.01,0.01,4.52,100,259,0
2026-08-02 10:47:43,0.1,77.1,594044.0,34.4,0.0,3.93,0.0,0.0,4.01,100,259,0
2026-08-02 10:47:49,0.3,77.0,595497.33,34.4,0.08,1.77,0.01,0.0,4.11,100,259,0
2026-08-02 10:47:55,2.9,77.1,593996.0,34.4,0.08,0.9,0.01,0.0,4.15,100,260,0
2026-08-02 10:48:01,0.1,77.2,591192.0,34.4,0.06,1.56,0.0,0.0,6.52,100,260,0
2026-08-02 10:48:07,0.7,77.1,593724.0,34.4,0.06,1.24,0.01,0.0,3.47,100,260,0
2026-08-02 10:48:13,0.0,77.1,594006.67,34.4,0.0,0.9,0.0,0.0,4.72,100,260,0
2026-08-02 10:48:19,0.1,77.1,592644.0,34.4,0.05,3.59,0.01,0.0,90.65,100,260,0
2026-08-02 10:48:25,1.0,77.2,591300.0,34.4,0.02,1.09,0.01,0.0,3.63,100,264,0
2026-08-02 10:48:31,2.4,77.2,592000.0,34.4,0.02,3.36,0.0,0.0,4.92,100,260,0
2026-08-02 10:48:37,0.8,77.1,593685.33,34.4,0.03,1.77,0.01,0.0,4.86,100,260,0
2026-08-02 10:48:43,4.4,76.9,600086.67,34.4,0.23,5.65,0.0,0.0,4.01,100,260,0
2026-08-02 10:48:49,0.3,76.9,599069.33,34.4,0.02,0.74,0.01,0.02,3.9,100,259,0
2026-08-02 10:48:55,0.1,76.7,603101.33,34.4,0.03,1.77,0.0,0.0,4.96,100,259,0
2026-08-02 10:49:01,3.4,76.8,602750.67,34.4,0.02,0.76,0.01,0.01,3.79,100,259,0
2026-08-02 10:49:07,3.2,76.9,599256.0,34.4,0.2,4.12,0.01,0.0,6.73,100,259,0
2026-08-02 10:49:13,0.1,76.9,599021.33,34.4,0.0,1.48,0.0,0.0,4.16,100,259,0
2026-08-02 10:49:19,0.0,76.6,607713.33,34.4,0.0,3.2,0.01,0.0,4.08,100,259,0
2026-08-02 10:49:25,0.0,76.5,608422.67,34.4,0.0,1.33,0.02,0.01,5.15,100,259,0
2026-08-02 10:49:31,0.5,76.6,606517.33,34.4,0.5,1.74,0.01,0.0,4.96,100,259,0
2026-08-02 10:49:37,2.5,76.6,606322.67,34.4,0.3,0.82,0.0,0.0,4.09,100,259,0
2026-08-02 10:49:43,1.1,76.6,607322.67,34.4,0.0,1.0,0.01,0.0,3.86,100,259,0
2026-08-02 10:49:49,0.0,76.6,606992.0,34.4,0.12,0.96,0.03,0.01,4.2,100,259,0
2026-08-02 10:49:55,0.9,76.8,602576.0,34.4,0.06,3.45,0.01,0.0,4.86,100,259,0
2026-08-02 10:50:01,1.6,76.8,600637.33,34.4,0.0,1.23,0.01,0.01,4.27,100,259,0
2026-08-02 10:50:07,0.4,76.8,600489.33,34.4,0.08,1.45,0.0,0.0,4.37,100,259,0
2026-08-02 10:50:13,2.4,76.8,600862.67,34.4,0.06,3.61,0.01,0.0,4.75,100,259,0
2026-08-02 10:50:19,0.8,76.8,602932.0,34.4,0.08,1.13,0.0,0.0,5.72,100,259,0
2026-08-02 10:50:25,0.3,76.9,598784.0,34.4,0.0,0.76,0.01,0.0,4.09,100,259,0
2026-08-02 10:50:31,0.7,76.8,602008.0,34.4,0.0,1.15,0.01,0.0,44.32,100,259,0
2026-08-02 10:50:37,0.7,76.8,600461.33,34.4,0.0,1.34,0.0,0.0,4.63,100,259,0
2026-08-02 10:50:43,1.1,76.9,599553.33,34.4,0.02,0.76,0.01,0.0,3.47,100,265,0
2026-08-02 10:50:49,2.7,76.9,598761.33,34.4,0.08,1.04,0.0,0.0,3.98,100,259,0
2026-08-02 10:50:55,0.0,76.9,599194.67,34.4,0.03,3.57,0.01,0.0,5.84,100,259,0
2026-08-02 10:51:01,0.3,76.9,598956.0,34.4,0.82,1.04,0.01,0.0,5.67,100,259,0
2026-08-02 10:51:07,1.0,76.5,610212.0,34.4,0.06,1.04,0.01,0.01,3.54,100,259,0
2026-08-02 10:51:13,0.3,76.8,602034.67,34.4,0.0,3.45,0.01,0.01,5.12,100,259,0
2026-08-02 10:51:19,2.3,76.7,604613.33,34.4,0.04,2.11,0.0,0.0,6.31,100,259,0
2026-08-02 10:51:25,6.4,76.8,602325.33,34.4,0.11,1.15,0.01,0.0,4.11,100,259,0
2026-08-02 10:51:31,4.0,76.8,600772.0,34.4,0.08,1.05,0.0,0.0,8.55,100,259,0
2026-08-02 10:51:37,1.2,76.9,599210.67,34.4,0.05,1.51,0.01,0.0,4.24,100,259,0
2026-08-02 10:51:43,0.0,76.8,602526.67,34.4,0.0,0.87,0.01,0.0,4.73,100,259,0
2026-08-02 10:51:49,0.0,76.8,602393.33,34.4,0.0,3.36,0.01,0.07,3.57,100,259,0
2026-08-02 10:51:55,2.7,76.8,600573.33,34.4,0.0,0.93,0.01,0.0,3.5,100,259,0
2026-08-02 10:52:01,0.1,77.0,597321.33,34.4,0.0,2.85,0.0,0.0,3.95,100,259,0
2026-08-02 10:52:07,0.3,76.8,602469.33,34.4,0.06,2.12,0.01,0.0,5.07,100,259,0
2026-08-02 10:52:13,1.8,76.7,603972.0,34.4,0.02,1.74,0.0,0.0,4.29,100,259,0
2026-08-02 10:52:19,0.0,76.8,600481.33,34.4,0.0,1.33,0.01,0.0,30.93,100,259,0
2026-08-02 10:52:25,0.0,76.8,600910.67,34.4,0.0,0.87,0.01,0.01,3.99,100,259,0
2026-08-02 10:52:31,3.3,76.7,603104.0,34.4,0.0,3.74,0.0,0.0,4.71,100,259,0
2026-08-02 10:52:37,1.0,76.8,602094.67,34.4,0.0,1.37,0.01,0.0,147.38,100,259,0
2026-08-02 10:52:44,0.0,76.8,600957.33,34.4,5.16,4.67,0.0,0.0,9.3,100,259,0
2026-08-02 10:52:50,2.3,76.9,599816.0,34.4,0.16,1.76,0.01,0.0,5.08,100,259,0
2026-08-02 10:52:56,2.5,77.0,597741.33,34.4,0.53,2.02,0.0,0.0,5.2,100,259,0
2026-08-02 10:53:02,2.7,76.8,601432.0,34.4,0.06,1.24,0.01,0.0,3.85,100,259,0
2026-08-02 10:53:08,0.5,77.1,593836.0,34.4,0.12,1.7,0.01,0.0,4.19,100,260,0
2026-08-02 10:53:14,0.1,77.0,596308.0,34.4,0.0,3.82,0.0,0.0,94.62,100,259,0
2026-08-02 10:53:20,0.1,77.0,596336.0,34.4,0.0,2.93,0.01,0.0,4.53,100,259,0
2026-08-02 10:53:26,0.4,77.0,597601.33,34.4,2.59,1.35,0.01,0.01,10.92,100,259,0
2026-08-02 10:53:32,1.8,77.1,593697.33,34.4,0.29,2.37,0.01,0.0,259.68,100,260,0
2026-08-02 10:53:38,3.6,77.1,593056.0,34.4,0.02,1.46,0.01,0.0,14.97,100,259,0
2026-08-02 10:53:44,0.0,77.2,592060.0,34.4,0.0,1.26,0.01,0.01,4.41,100,259,0
2026-08-02 10:53:50,1.7,77.1,593160.0,34.4,0.24,3.6,0.01,0.0,5.19,100,259,0
2026-08-02 10:53:56,0.1,77.1,595026.67,34.4,0.0,0.68,0.0,0.0,36.4,100,259,0
2026-08-02 10:54:02,0.0,77.1,594298.67,34.4,0.08,1.05,0.01,0.0,56.9,100,259,0
2026-08-02 10:54:08,2.2,77.0,596618.67,34.4,0.09,4.01,0.0,0.0,3.39,100,259,0
2026-08-02 10:54:14,1.3,77.2,591730.67,34.4,0.0,1.57,0.01,0.0,4.02,100,259,0
2026-08-02 10:54:20,0.0,77.1,593048.0,34.4,0.02,1.64,0.01,0.0,4.18,100,259,0
2026-08-02 10:54:26,0.7,76.9,599482.67,34.4,0.03,1.38,0.0,0.0,5.42,100,259,0
2026-08-02 10:54:32,4.8,76.7,604598.67,34.4,0.14,1.02,0.01,0.0,23.31,100,259,0
2026-08-02 10:54:38,0.4,76.9,598877.33,34.4,0.0,2.98,0.0,0.0,5.35,100,259,0
2026-08-02 10:54:44,3.4,76.9,598025.33,34.4,0.06,0.67,0.01,0.0,4.3,100,259,0
2026-08-02 10:54:50,0.0,77.0,595680.0,34.4,0.2,3.12,0.0,0.01,5.82,100,259,0
2026-08-02 10:54:56,0.1,77.0,596337.33,34.4,0.05,3.37,0.01,0.0,62.89,100,259,0
2026-08-02 10:55:03,1.6,77.1,593714.67,34.4,0.0,0.88,0.01,0.0,4.24,100,259,0
2026-08-02 10:55:09,0.6,77.1,594530.67,34.4,0.12,1.2,0.0,0.0,7.97,100,259,0
2026-08-02 10:55:15,0.4,77.1,594932.0,34.4,0.06,1.46,0.01,0.0,4.97,100,259,0
2026-08-02 10:55:21,2.6,77.1,593376.0,34.4,0.02,0.79,0.0,0.0,3.89,100,259,0
2026-08-02 10:55:27,0.0,77.2,592577.33,34.4,0.0,3.04,0.01,0.0,3.8,100,259,0
2026-08-02 10:55:33,3.5,77.1,593437.33,34.4,0.0,0.96,0.01,0.0,7.42,100,259,0
2026-08-02 10:55:39,1.0,77.0,596538.67,34.4,0.0,0.91,0.0,0.0,4.43,100,259,0
2026-08-02 10:55:45,0.1,77.1,594873.33,34.4,0.02,1.01,0.01,0.0,4.7,100,259,0
2026-08-02 10:55:51,0.5,77.1,593429.33,34.4,0.0,3.65,0.0,0.0,4.12,100,265,0
2026-08-02 10:55:57,3.4,77.0,596184.0,34.4,0.16,2.3,0.01,0.01,4.13,100,259,0
2026-08-02 10:56:03,0.1,77.0,596448.0,34.4,0.07,1.58,0.02,0.01,7.51,100,259,0
2026-08-02 10:56:09,0.0,77.1,592612.0,34.4,2.74,1.79,0.01,0.01,3.49,100,259,0
2026-08-02 10:56:15,0.4,77.1,592670.67,34.4,0.34,1.61,0.01,0.0,3.69,100,259,0
2026-08-02 10:56:21,0.3,77.1,592984.0,34.4,0.57,0.87,0.0,0.0,4.65,100,259,0
2026-08-02 10:56:27,3.2,77.0,597234.67,34.4,0.16,3.33,0.01,0.0,4.73,100,259,0
2026-08-02 10:56:33,0.0,77.2,591868.0,34.4,0.07,1.58,0.0,0.0,5.92,100,259,0
2026-08-02 10:56:39,0.9,77.5,582384.0,34.4,11.73,3.64,0.02,0.02,4.82,100,261,0
2026-08-02 10:56:45,0.5,77.2,591738.67,34.4,10.43,2.48,0.01,0.0,4.03,100,261,0
2026-08-02 10:56:51,0.0,77.4,586717.33,34.4,0.0,1.51,0.01,0.09,3.98,100,261,0
2026-08-02 10:56:57,0.0,77.4,587050.67,34.4,0.04,1.48,0.01,0.0,3.75,100,261,0
2026-08-02 10:57:03,3.2,77.4,587173.33,34.4,0.13,3.7,0.0,0.01,7.43,100,261,0
2026-08-02 10:57:09,0.0,77.4,585724.0,34.4,0.09,1.67,0.01,0.0,3.42,100,260,0
2026-08-02 10:57:15,1.4,77.5,583341.33,34.4,0.04,3.92,0.01,0.0,3.63,100,260,0
2026-08-02 10:57:21,0.0,77.3,588177.33,34.4,0.03,1.71,0.0,0.0,3.65,100,259,0
2026-08-02 10:57:27,1.3,77.4,586493.33,34.4,0.03,0.83,0.01,0.0,3.8,100,259,0
2026-08-02 10:57:33,0.4,77.3,587398.67,34.4,0.14,1.36,0.0,0.0,6.15,100,259,0
2026-08-02 10:57:39,4.0,77.3,588878.67,34.4,0.11,0.84,0.01,0.0,4.03,100,259,0
2026-08-02 10:57:45,0.4,77.3,589717.33,34.4,0.0,0.79,0.0,0.0,3.56,100,259,0
2026-08-02 10:57:51,0.3,77.4,586212.0,34.4,0.0,3.67,0.01,0.0,5.0,100,259,0
2026-08-02 10:57:57,0.0,77.3,588954.67,34.4,0.02,1.38,0.01,0.0,4.06,100,258,0
2026-08-02 10:58:03,0.1,77.2,590685.33,34.4,0.06,3.25,0.0,0.0,3.34,100,258,0
2026-08-02 10:58:09,0.3,77.0,596665.33,34.4,0.11,2.44,0.01,0.01,4.28,100,258,0
2026-08-02 10:58:15,3.5,77.3,589808.0,34.4,0.03,1.05,0.0,0.0,4.03,100,258,0
2026-08-02 10:58:21,3.3,77.3,587641.33,34.4,0.16,1.63,0.01,0.0,4.08,100,258,0
2026-08-02 10:58:27,2.9,77.3,587966.67,34.4,0.61,4.57,0.01,0.0,8.34,100,258,0
2026-08-02 10:58:33,0.4,77.3,588453.33,34.4,0.03,1.53,0.0,0.0,11.95,100,258,0
2026-08-02 10:58:39,0.4,78.1,568430.67,34.4,0.25,1.32,0.01,0.0,4.62,100,258,0
2026-08-02 10:58:45,3.7,76.5,608376.0,34.4,0.06,3.61,0.0,0.0,4.17,100,258,0
2026-08-02 10:58:51,1.6,76.8,601316.0,34.4,0.22,1.73,0.01,0.0,4.36,100,258,0
2026-08-02 10:58:57,5.4,77.0,596108.0,34.4,0.02,1.09,0.0,0.0,5.44,100,258,0
2026-08-02 10:59:03,0.0,77.1,594826.67,34.4,0.08,1.62,0.01,0.0,4.78,100,258,0
2026-08-02 10:59:09,0.0,77.1,593578.67,34.4,0.19,1.79,0.01,0.0,4.15,100,258,0
2026-08-02 10:59:15,0.0,76.8,602258.67,34.4,0.03,3.28,0.0,0.0,3.43,100,258,0
2026-08-02 10:59:21,3.2,76.8,602594.67,34.4,0.07,1.46,0.01,0.01,6.35,100,258,0
2026-08-02 10:59:27,1.5,76.8,600968.0,34.4,0.03,3.55,0.0,0.0,3.65,100,258,0
2026-08-02 10:59:33,0.7,76.9,597820.0,34.4,0.27,2.25,0.01,0.0,5.34,100,258,0
2026-08-02 10:59:39,0.0,76.9,598892.0,34.4,0.02,0.81,0.01,0.0,8.7,100,258,0
2026-08-02 10:59:45,0.4,76.9,598349.33,34.4,0.05,1.75,0.01,0.0,4.96,100,258,0
2026-08-02 10:59:51,0.0,77.0,597686.67,34.4,0.02,1.38,0.01,0.0,7.73,100,258,0
2026-08-02 10:59:57,2.7,77.2,591546.67,34.4,0.02,3.86,0.0,0.0,6.84,100,258,0
2026-08-02 11:00:03,0.0,76.9,599566.67,34.4,0.23,1.84,0.01,0.0,28.18,100,257,0
2026-08-02 11:00:09,0.0,76.9,598009.33,34.4,0.12,4.56,0.0,0.0,4.36,100,257,0
2026-08-02 11:00:15,0.3,77.0,596140.0,34.4,0.2,2.45,0.01,0.0,6.96,100,257,0
2026-08-02 11:00:21,4.4,77.0,595258.67,34.4,0.0,1.59,0.0,0.0,3.99,100,257,0
2026-08-02 11:00:27,0.6,77.0,596201.33,34.4,0.0,1.54,0.01,0.0,4.5,100,257,0
2026-08-02 11:00:33,3.5,77.0,595985.33,34.4,0.03,3.79,0.01,0.01,4.27,100,257,0
2026-08-02 11:00:39,0.7,77.0,596361.33,34.4,0.49,0.88,0.0,0.0,4.04,100,257,0
2026-08-02 11:00:45,1.2,77.1,593825.33,34.4,0.0,2.86,0.01,0.0,4.31,100,257,0
2026-08-02 11:00:51,1.2,77.0,596150.67,34.4,0.08,2.32,0.0,0.0,6.89,100,257,0
2026-08-02 11:00:57,0.0,77.1,594766.67,34.4,0.0,0.78,0.01,0.0,122.49,100,257,0
2026-08-02 11:01:04,3.2,77.1,594686.67,34.4,0.06,1.57,0.01,0.0,13.94,100,257,0
2026-08-02 11:01:10,0.4,76.8,600924.0,34.4,0.17,1.82,0.0,0.01,3.86,100,257,0
2026-08-02 11:01:16,0.1,76.9,599354.67,34.4,0.16,1.04,0.01,0.0,4.22,100,257,0
2026-08-02 11:01:22,0.9,76.9,600265.33,34.4,0.05,3.73,0.0,0.0,8.26,100,257,0
2026-08-02 11:01:28,0.3,77.0,596762.67,34.4,0.68,0.82,0.01,0.0,4.03,100,257,0
2026-08-02 11:01:34,0.7,77.0,596590.67,34.4,0.02,0.86,0.0,0.0,8.39,100,257,0
2026-08-02 11:01:40,2.8,77.0,597452.0,34.4,0.03,3.52,0.01,0.01,3.88,100,257,0
2026-08-02 11:01:46,0.4,77.0,596249.33,34.4,0.09,1.53,0.01,0.0,5.63,100,257,0
2026-08-02 11:01:52,0.1,77.1,593990.67,34.4,0.0,0.84,0.01,0.09,3.48,100,257,0
2026-08-02 11:01:58,0.3,77.0,595405.33,34.4,0.11,1.15,0.01,0.0,4.11,100,257,0
2026-08-02 11:02:04,0.7,76.9,598921.33,34.4,0.03,0.94,0.0,0.0,4.17,100,257,0
2026-08-02 11:02:10,0.1,76.9,598292.0,34.4,0.06,1.53,0.01,0.0,4.26,100,257,0
2026-08-02 11:02:16,2.9,77.1,593453.33,34.4,0.0,1.05,0.01,0.0,3.94,100,257,0
2026-08-02 11:02:22,0.9,77.1,594488.0,34.4,0.0,2.93,0.0,0.0,3.46,100,257,0
2026-08-02 11:02:28,1.2,77.0,596680.0,34.4,0.02,1.12,0.01,0.0,3.36,100,257,0
2026-08-02 11:02:34,1.5,77.1,593733.33,34.4,12.65,1.44,0.0,0.0,4.05,100,258,0
2026-08-02 11:02:40,8.9,77.7,579344.0,34.4,30.84,4.25,0.01,0.0,3.5,100,260,0
2026-08-02 11:02:46,9.2,78.4,559097.33,34.4,22.84,13.44,0.0,0.01,3.4,100,269,0
2026-08-02 11:02:52,2.6,78.4,560665.33,34.4,3.45,3.4,0.01,0.0,3.99,100,264,0
2026-08-02 11:02:58,0.4,78.4,560298.67,34.4,0.43,1.93,0.01,0.0,5.06,100,263,0
2026-08-02 11:03:04,0.0,78.4,561174.67,34.4,6.61,5.7,0.0,0.0,3.87,100,263,0
2026-08-02 11:03:10,2.9,78.3,563085.33,34.4,0.09,4.07,0.01,0.0,5.43,100,263,0
2026-08-02 11:03:16,0.0,78.3,562262.67,34.4,0.11,1.07,0.01,0.01,4.39,100,263,0
2026-08-02 11:03:22,3.5,78.3,562266.67,34.4,0.35,0.94,0.01,0.01,4.3,100,263,0
2026-08-02 11:03:28,0.7,78.4,559154.67,34.4,0.0,1.57,0.01,0.02,5.53,100,262,0
2026-08-02 11:03:34,0.4,78.3,562621.33,34.4,0.0,1.52,0.01,0.01,3.94,100,262,0
2026-08-02 11:03:40,0.1,78.4,558866.67,34.4,0.02,0.91,0.01,0.0,3.93,100,262,0
2026-08-02 11:03:46,0.8,78.4,560865.33,34.4,0.18,3.96,0.01,0.0,5.83,100,261,0
2026-08-02 11:03:52,0.7,78.3,563726.67,34.4,4.07,5.79,0.84,0.03,3.65,100,260,0
2026-08-02 11:03:58,4.9,78.1,568265.33,34.3,0.29,6.04,3.24,0.05,3.92,100,260,0
2026-08-02 11:04:04,0.3,78.2,564912.0,34.3,0.13,2.76,0.01,0.01,4.22,100,260,0
2026-08-02 11:04:10,0.0,78.0,570589.33,34.3,0.11,1.46,0.0,0.0,74.54,100,260,0
2026-08-02 11:04:16,0.4,77.9,573164.0,34.3,4.67,1.23,0.01,0.01,5.92,100,260,0
2026-08-02 11:04:22,0.5,77.9,572188.0,34.3,0.14,0.89,0.01,0.0,4.88,100,260,0
2026-08-02 11:04:28,1.3,78.0,570381.33,34.3,0.0,0.89,0.0,0.0,4.62,100,260,0
2026-08-02 11:04:34,8.0,78.1,568144.0,34.4,0.0,1.53,0.01,0.0,71.26,100,260,0
2026-08-02 11:04:40,0.7,78.0,571644.0,34.4,0.0,3.72,0.0,0.0,3.16,100,260,0
2026-08-02 11:04:46,0.6,77.7,578708.0,34.3,1.53,4.28,0.01,0.0,4.08,100,258,0
2026-08-02 11:04:52,0.3,77.8,576476.0,34.3,0.0,1.48,0.0,0.0,11.24,100,258,0
2026-08-02 11:04:58,0.1,77.7,577593.33,34.3,0.07,1.84,0.01,0.0,7.13,100,258,0
2026-08-02 11:05:04,2.8,78.0,571660.0,34.3,1.58,1.84,0.0,0.0,4.25,100,258,0
2026-08-02 11:05:10,1.6,77.9,572766.67,34.3,0.07,1.08,0.01,0.02,4.41,100,258,0
2026-08-02 11:05:16,2.2,77.9,572578.67,34.3,0.2,1.07,0.01,0.0,3.98,100,258,0
2026-08-02 11:05:22,0.5,78.0,569804.0,34.4,0.19,1.59,0.0,0.0,7.43,100,258,0
2026-08-02 11:05:28,3.0,77.7,579110.67,34.4,0.08,1.04,0.01,0.0,4.04,100,258,0
2026-08-02 11:05:34,0.0,77.8,576214.67,34.3,0.08,6.04,0.0,0.0,3.86,100,258,0
2026-08-02 11:05:41,2.7,77.7,578081.33,34.3,0.05,1.34,0.01,0.0,5.47,100,258,0
2026-08-02 11:05:47,0.1,77.7,577958.67,34.3,0.0,0.7,0.01,0.0,14.85,100,258,0
2026-08-02 11:05:53,0.3,77.7,578025.33,34.4,0.0,1.41,0.0,0.0,5.14,100,258,0
2026-08-02 11:05:59,0.1,77.8,575826.67,34.4,0.03,2.01,0.01,0.0,3.94,100,258,0
2026-08-02 11:06:05,5.0,80.1,516913.33,34.4,26.05,3.7,0.02,0.04,4.48,100,258,0
2026-08-02 11:06:11,0.5,79.9,520033.33,34.4,0.17,1.67,0.01,0.0,4.28,100,258,0
2026-08-02 11:06:17,2.6,79.7,527074.67,34.3,0.57,2.96,0.0,0.0,4.03,100,258,0
2026-08-02 11:06:23,0.0,79.8,524938.67,34.3,0.06,1.41,0.01,0.0,4.36,100,258,0
2026-08-02 11:06:29,1.0,79.8,523145.33,34.3,27.76,32.04,0.01,0.03,3.81,100,258,0
2026-08-02 11:06:35,3.1,79.8,524934.67,34.4,0.28,2.05,0.01,0.0,27.54,100,258,0
2026-08-02 11:06:41,0.3,78.6,556093.33,34.4,0.21,14.36,0.01,0.0,6.75,100,258,0
2026-08-02 11:06:47,0.0,78.3,563906.67,34.4,0.12,3.69,0.0,0.0,4.23,100,258,0
2026-08-02 11:06:53,3.0,78.4,560002.67,34.4,0.04,1.31,0.01,0.07,5.66,100,258,0
2026-08-02 11:06:59,0.8,78.4,561197.33,34.3,0.13,3.8,0.0,0.0,4.33,100,258,0
2026-08-02 11:07:05,0.0,78.4,560402.67,34.4,0.83,1.73,0.01,0.0,4.31,100,258,0
2026-08-02 11:07:11,0.3,78.3,562424.0,34.4,0.02,0.88,0.01,0.0,9.06,100,258,0
2026-08-02 11:07:17,0.7,78.4,559544.0,34.4,0.02,0.92,0.0,0.0,112.41,100,258,0
2026-08-02 11:07:23,2.9,78.4,561382.67,34.4,0.0,1.45,0.01,0.0,30.81,100,258,0
2026-08-02 11:07:29,4.6,78.3,561553.33,34.4,3.69,1.68,0.01,0.01,70.87,100,258,0
2026-08-02 11:07:35,0.1,78.4,560897.33,34.4,0.09,3.66,0.01,0.0,444.12,100,258,1
2026-08-02 11:07:42,0.0,78.4,559006.67,34.4,0.02,1.41,0.01,0.0,8.09,100,258,0
2026-08-02 11:07:48,4.7,78.2,564552.0,34.4,0.0,3.94,0.0,0.0,20.66,100,258,0
2026-08-02 11:07:54,2.9,78.1,567781.33,34.4,0.06,1.02,0.01,0.01,116.5,100,258,0
2026-08-02 11:08:00,0.4,78.1,566730.67,34.4,0.08,2.1,0.0,0.0,74.07,100,258,0
2026-08-02 11:08:06,0.6,78.3,562992.0,34.4,0.74,1.5,0.01,0.07,138.98,100,258,0
2026-08-02 11:08:12,0.0,78.4,560765.33,34.4,0.12,1.77,0.01,0.03,532.56,100,258,1
2026-08-02 11:08:18,4.9,78.8,550749.33,34.4,10.78,5.31,0.01,0.01,31.61,100,262,0
2026-08-02 11:08:25,7.4,79.0,545842.67,34.4,0.03,1.61,0.01,0.0,15.94,100,262,0
2026-08-02 11:08:31,0.3,79.0,544545.33,34.4,0.3,3.08,0.0,0.0,19.45,100,262,0
2026-08-02 11:08:37,0.1,78.8,549073.33,34.4,0.19,3.53,0.01,0.0,29.06,100,262,0
2026-08-02 11:08:43,3.8,78.4,560042.67,34.4,0.14,2.83,0.0,0.0,128.05,100,262,0
2026-08-02 11:08:49,2.8,77.9,572101.33,34.4,0.06,1.65,0.01,0.0,4.88,100,262,0
2026-08-02 11:08:55,0.0,78.2,565442.67,34.4,0.12,0.84,0.01,0.01,3.72,100,262,0
2026-08-02 11:09:01,3.2,78.3,562754.67,34.4,0.58,0.89,0.01,0.0,4.31,100,263,0
2026-08-02 11:09:07,0.1,78.2,564786.67,34.4,0.11,4.0,0.01,0.0,4.0,100,261,0
2026-08-02 11:09:13,1.5,77.9,574074.67,34.4,0.41,2.48,0.0,0.0,3.94,100,261,0
2026-08-02 11:09:19,0.0,77.9,573005.33,34.4,0.14,3.24,0.01,0.0,4.59,100,259,0
2026-08-02 11:09:25,2.9,77.8,574618.67,34.4,0.12,2.34,0.0,0.0,4.88,100,259,0
2026-08-02 11:09:31,0.9,77.7,578284.0,34.4,0.0,1.59,0.01,0.0,23.31,100,264,0
2026-08-02 11:09:37,3.9,77.8,576566.67,34.4,0.02,1.32,0.01,0.0,4.24,100,258,0
2026-08-02 11:09:43,0.0,77.8,575260.0,34.4,0.16,1.2,0.0,0.0,4.87,100,258,0
2026-08-02 11:09:49,0.4,77.7,577766.67,34.4,0.0,2.87,0.01,0.0,3.79,100,258,0
2026-08-02 11:09:55,0.8,77.8,574894.67,34.4,0.0,1.4,0.0,0.0,3.47,100,258,0
2026-08-02 11:10:01,0.3,77.9,573564.0,34.4,0.0,1.99,0.01,0.01,4.71,100,258,0
2026-08-02 11:10:07,2.7,77.9,573017.33,34.4,0.15,2.71,0.01,0.0,4.43,100,258,0
2026-08-02 11:10:13,0.3,77.9,573880.0,34.4,0.02,2.41,0.0,0.0,17.31,100,258,0
2026-08-02 11:10:19,0.0,77.8,574436.0,34.4,0.08,1.09,0.01,0.0,3.87,100,258,0
2026-08-02 11:10:25,2.0,77.8,576701.33,34.4,0.08,1.56,0.0,0.0,4.34,100,258,0
2026-08-02 11:10:31,0.1,77.9,573588.0,34.4,0.02,1.1,0.01,0.0,5.62,100,258,0
2026-08-02 11:10:37,0.0,77.9,572686.67,34.4,0.02,3.41,0.0,0.0,4.12,100,258,0
2026-08-02 11:10:43,2.8,77.8,575488.0,34.4,0.02,1.63,0.01,0.0,3.92,100,258,0
2026-08-02 11:10:49,9.7,78.5,558594.67,34.4,0.21,3.25,0.01,0.0,4.33,100,261,0
2026-08-02 11:10:55,0.4,78.1,569162.67,34.4,0.03,1.81,0.0,0.0,4.76,100,261,0
2026-08-02 11:11:01,0.1,78.0,570052.0,34.4,0.0,1.55,0.01,0.01,36.24,100,261,0
2026-08-02 11:11:07,0.3,78.0,571009.33,34.4,0.09,1.75,0.0,0.01,3.69,100,261,0
2026-08-02 11:11:13,0.0,77.9,572920.0,34.4,0.05,1.5,0.01,0.0,3.78,100,261,0
2026-08-02 11:11:19,3.2,78.1,568644.0,34.4,0.22,3.38,0.01,0.0,4.52,100,261,0
2026-08-02 11:11:25,1.6,78.1,567852.0,34.4,0.0,1.25,0.0,0.0,3.9,100,261,0
2026-08-02 11:11:31,0.0,77.9,573633.33,34.4,0.08,4.19,0.01,0.02,4.72,100,260,0
2026-08-02 11:11:37,0.7,78.0,570642.67,34.4,0.27,2.43,0.02,0.01,4.01,100,260,0
2026-08-02 11:11:43,0.5,78.0,570772.0,34.4,0.08,1.77,0.01,0.0,3.98,100,260,0
2026-08-02 11:11:49,0.6,78.0,570053.33,34.4,0.06,1.31,0.01,0.07,3.48,100,265,0
2026-08-02 11:11:55,3.3,77.8,574637.33,34.4,0.03,1.49,0.01,0.0,4.0,100,258,0
2026-08-02 11:12:01,0.3,77.8,576200.0,34.4,0.03,3.12,0.01,0.0,6.07,100,258,0
2026-08-02 11:12:07,0.1,77.7,577100.0,34.4,0.06,1.59,0.0,0.0,26.36,100,258,0
2026-08-02 11:12:13,0.0,77.8,576082.67,34.4,0.04,4.29,0.01,0.0,6.02,100,258,0
2026-08-02 11:12:19,0.4,77.8,576360.0,34.4,0.03,1.04,0.0,0.0,3.52,100,258,0
2026-08-02 11:12:25,3.9,77.7,579294.67,34.4,0.11,2.38,0.01,0.01,3.96,100,258,0
2026-08-02 11:12:31,0.0,77.8,576413.33,34.4,0.02,1.48,0.0,0.0,6.09,100,258,0
2026-08-02 11:12:37,0.8,77.9,573374.67,34.4,0.09,3.9,0.01,0.0,11.97,100,258,0
2026-08-02 11:12:43,0.5,77.9,573510.67,34.4,0.08,2.1,0.01,0.0,8.45,100,258,0
2026-08-02 11:12:49,0.6,77.8,575994.67,34.4,0.06,3.45,0.0,0.0,4.05,100,257,0
2026-08-02 11:12:55,3.3,77.5,583118.67,34.4,0.22,3.61,0.01,0.0,16.46,100,257,0
2026-08-02 11:13:02,3.3,77.7,578078.67,34.4,0.05,1.23,0.0,0.0,5.56,100,257,0
2026-08-02 11:13:08,0.1,77.8,576778.67,34.4,0.09,1.12,0.01,0.0,13.41,100,257,0
2026-08-02 11:13:14,0.0,77.8,576454.67,34.4,0.11,1.87,0.01,0.0,4.36,100,257,0
2026-08-02 11:13:20,0.0,77.8,574970.67,34.4,0.0,1.53,0.0,0.0,9.41,100,257,0
2026-08-02 11:13:26,0.3,77.8,574568.0,34.4,0.06,3.09,0.01,0.0,55.63,100,257,0
2026-08-02 11:13:32,0.3,77.8,576362.67,34.4,0.0,1.13,0.0,0.0,4.07,100,257,0
2026-08-02 11:13:38,3.5,77.7,577609.33,34.4,0.07,3.49,0.01,0.0,4.99,100,257,0
2026-08-02 11:13:44,4.3,77.0,597601.33,34.4,0.06,1.38,0.0,0.0,6.99,100,257,0
2026-08-02 11:13:50,0.7,77.3,587828.0,34.4,0.03,2.13,0.01,0.01,3.24,100,257,0
2026-08-02 11:13:56,0.8,77.3,588384.0,34.4,0.02,1.47,0.01,0.0,51.45,100,257,0
2026-08-02 11:14:02,0.6,77.3,587453.33,34.4,0.05,1.09,0.01,0.0,11.92,100,257,0
2026-08-02 11:14:08,3.0,77.4,586480.0,34.4,0.08,3.05,0.01,0.01,3.36,100,258,0
2026-08-02 11:14:14,3.6,77.6,582094.67,34.4,0.03,4.64,0.0,0.0,10.58,100,257,0
2026-08-02 11:14:20,0.4,77.4,585832.0,34.4,0.05,2.49,0.01,0.0,22.97,100,257,0
2026-08-02 11:14:26,2.8,77.4,585690.67,34.4,0.03,0.79,0.01,0.0,4.24,100,257,0
2026-08-02 11:14:32,8.7,77.5,584378.67,34.4,0.03,1.77,0.0,0.0,13.27,100,257,0
2026-08-02 11:14:38,0.8,77.6,582160.0,34.4,0.02,0.79,0.01,0.0,5.45,100,257,0
2026-08-02 11:14:44,2.6,77.8,576600.0,34.4,0.16,4.88,0.0,0.0,4.73,100,258,0
2026-08-02 11:14:50,6.4,77.7,577614.67,34.4,0.0,4.23,0.01,0.0,4.89,100,257,0
2026-08-02 11:14:56,2.1,77.6,580420.0,34.4,0.0,1.25,0.0,0.0,6.68,100,257,0
2026-08-02 11:15:02,2.6,77.8,576686.67,34.4,0.0,1.57,0.01,0.01,4.21,100,257,0
2026-08-02 11:15:08,0.3,77.6,580712.0,34.4,0.06,1.14,0.01,0.0,4.85,100,257,0
2026-08-02 11:15:14,3.6,77.5,582246.67,34.4,0.07,1.52,0.0,0.0,4.04,100,257,0
2026-08-02 11:15:20,3.4,77.5,582270.67,34.4,0.02,1.55,0.01,0.0,27.24,100,257,0
2026-08-02 11:15:26,0.3,77.6,581070.67,34.4,0.0,1.03,0.0,0.0,4.32,100,257,0
2026-08-02 11:15:32,0.0,77.6,579937.33,34.4,0.09,1.12,0.01,0.0,5.55,100,257,0
2026-08-02 11:15:38,0.1,77.3,588092.0,34.4,0.06,3.39,0.01,0.0,11.65,100,257,0
2026-08-02 11:15:44,3.0,77.4,584905.33,34.4,0.07,3.71,0.0,0.0,41.42,100,257,0
2026-08-02 11:15:50,0.6,77.7,579408.0,34.4,0.1,0.93,0.01,0.0,7.29,100,259,0
2026-08-02 11:15:56,8.5,77.9,573801.33,34.4,0.03,1.95,0.01,0.01,16.43,100,259,0
2026-08-02 11:16:02,0.1,77.8,576376.0,34.4,0.02,1.46,0.01,0.01,8.45,100,259,0
2026-08-02 11:16:08,0.1,77.8,576212.0,34.4,0.08,1.61,0.01,0.01,8.24,100,259,0
2026-08-02 11:16:14,0.1,77.7,577796.0,34.4,0.0,3.93,0.01,0.0,4.79,100,258,0
2026-08-02 11:16:20,0.0,77.9,573578.67,34.4,0.0,0.87,0.01,0.0,4.75,100,258,0
2026-08-02 11:16:26,3.1,77.8,574913.33,34.4,0.02,1.0,0.0,0.0,79.26,100,258,0
2026-08-02 11:16:32,5.4,77.6,579624.0,34.4,0.09,3.48,0.01,0.0,3.75,100,258,0
2026-08-02 11:16:38,0.7,77.8,576486.67,34.4,0.33,0.84,0.01,0.01,4.3,100,258,0
2026-08-02 11:16:44,0.0,77.8,575278.67,34.4,0.0,1.29,0.01,0.0,4.18,100,258,0
2026-08-02 11:16:50,0.3,77.8,576193.33,34.4,0.06,0.81,0.01,0.08,4.94,100,258,0
2026-08-02 11:16:56,6.8,77.8,576328.0,34.4,0.02,1.52,0.0,0.0,3.39,100,258,0
2026-08-02 11:17:02,2.7,77.9,574318.67,34.4,0.06,1.66,0.01,0.0,4.04,100,258,0
2026-08-02 11:17:08,0.5,78.0,571474.67,34.4,0.06,2.98,0.0,0.0,3.8,100,258,0
2026-08-02 11:17:15,0.1,78.0,571753.33,34.4,0.04,1.71,0.01,0.0,3.71,100,258,0
2026-08-02 11:17:21,0.4,78.0,571785.33,34.4,0.0,1.0,0.0,0.01,5.56,100,258,0
2026-08-02 11:17:27,0.0,77.8,576458.67,34.4,0.02,3.25,0.01,0.0,3.57,100,258,0
2026-08-02 11:17:33,0.0,77.8,574933.33,34.4,0.16,1.93,0.01,0.0,4.46,100,258,0
2026-08-02 11:17:39,3.8,77.8,576129.33,34.4,0.0,0.87,0.0,0.0,13.82,100,258,0
2026-08-02 11:17:45,0.9,77.5,583809.33,34.4,0.0,0.83,0.01,0.0,3.94,100,258,0
2026-08-02 11:17:51,0.0,77.7,577530.67,34.4,0.0,1.65,0.0,0.0,4.05,100,259,0
2026-08-02 11:17:57,0.4,77.8,575576.0,34.4,0.03,2.95,0.01,0.0,3.89,100,259,0
2026-08-02 11:18:03,0.0,77.8,576917.33,34.4,0.0,1.44,0.0,0.0,3.89,100,259,0
2026-08-02 11:18:09,3.3,77.9,573700.0,34.4,0.06,1.78,0.01,0.0,5.52,100,265,0
2026-08-02 11:18:15,2.6,77.8,575842.67,34.4,0.0,3.28,0.01,0.0,3.4,100,259,0
2026-08-02 11:18:21,2.1,77.9,573833.33,34.4,0.02,1.64,0.0,0.0,3.97,100,259,0
2026-08-02 11:18:27,0.0,77.8,574498.67,34.4,0.0,1.18,0.01,0.0,7.52,100,259,0
2026-08-02 11:18:33,0.0,77.8,574598.67,34.4,0.0,1.52,0.01,0.01,22.39,100,259,0
2026-08-02 11:18:39,0.5,78.5,558308.0,34.4,0.16,1.32,0.01,0.0,7.65,100,259,0
2026-08-02 11:18:45,3.3,77.5,583101.33,34.4,0.09,0.85,0.01,0.01,22.02,100,259,0
2026-08-02 11:18:51,0.5,77.6,581341.33,34.4,0.06,3.59,0.01,0.01,12.05,100,259,0
2026-08-02 11:18:57,0.3,77.6,580630.67,34.4,0.0,1.45,0.01,0.0,4.29,100,259,0
2026-08-02 11:19:03,5.2,77.6,582074.67,34.4,0.09,4.55,0.0,0.0,3.88,100,259,0
2026-08-02 11:19:09,29.2,78.3,563306.67,34.4,15.23,4.39,0.02,0.02,3.72,100,263,0
2026-08-02 11:19:15,0.9,78.1,567324.0,34.4,2.25,6.23,0.0,0.0,4.1,100,263,0
2026-08-02 11:19:21,3.7,78.1,568218.67,34.4,0.0,1.82,0.01,0.0,3.91,100,263,0
2026-08-02 11:19:27,0.0,78.0,569786.67,34.4,0.0,1.61,0.01,0.0,36.48,100,262,0
2026-08-02 11:19:33,0.1,78.1,568614.67,34.4,0.02,3.5,0.0,0.01,8.61,100,262,0
2026-08-02 11:19:39,0.7,78.0,570098.67,34.4,0.0,1.12,0.01,0.0,4.42,100,261,0
2026-08-02 11:19:45,0.0,78.0,569429.33,34.4,0.09,3.74,0.0,0.0,3.99,100,261,0
2026-08-02 11:19:51,1.5,77.8,576000.0,34.4,0.05,1.57,0.01,0.0,3.6,100,260,0
2026-08-02 11:19:57,3.0,77.8,576300.0,34.4,0.02,0.74,0.01,0.0,10.09,100,259,0
2026-08-02 11:20:03,0.0,77.9,573861.33,34.4,0.14,3.8,0.0,0.0,3.55,100,259,0
2026-08-02 11:20:09,0.0,77.9,572477.33,34.4,0.08,1.02,0.01,0.0,4.26,100,259,0
2026-08-02 11:20:15,7.0,78.3,563980.0,34.4,342.4,1.57,0.01,0.0,4.42,100,260,0
2026-08-02 11:20:21,0.5,78.6,553724.0,34.4,0.84,5.52,0.01,0.0,9.47,100,260,0
2026-08-02 11:20:27,1.0,78.6,555122.67,34.4,0.09,1.28,0.0,0.0,6.08,100,266,0
2026-08-02 11:20:33,3.0,78.7,551784.0,34.4,0.02,2.79,0.01,0.0,3.54,100,260,0
2026-08-02 11:20:39,1.4,78.4,560080.0,34.4,0.0,0.8,0.01,0.0,4.55,100,260,0
2026-08-02 11:20:45,0.6,77.7,577994.67,34.4,0.27,3.86,0.0,0.0,6.83,100,259,0
2026-08-02 11:20:51,0.8,77.8,574781.33,34.4,0.0,2.21,0.01,0.0,10.95,100,259,0
2026-08-02 11:20:57,0.0,77.8,574684.0,34.4,0.0,0.78,0.0,0.01,5.2,100,259,0
2026-08-02 11:21:03,2.5,77.8,574453.33,34.4,0.06,4.14,0.01,0.0,3.68,100,259,0
2026-08-02 11:21:09,0.1,77.8,575692.0,34.4,0.09,2.27,0.01,0.01,4.41,100,259,0
2026-08-02 11:21:15,0.1,77.9,574036.0,34.4,0.0,1.52,0.0,0.0,6.46,100,259,0
2026-08-02 11:21:21,2.1,77.8,575606.67,34.4,0.13,1.78,0.01,0.0,3.8,100,259,0
2026-08-02 11:21:27,0.5,77.8,575841.33,34.4,0.09,3.43,0.0,0.0,6.52,100,259,0
2026-08-02 11:21:33,2.3,77.8,575813.33,34.4,0.0,1.52,0.01,0.0,5.17,100,259,0
2026-08-02 11:21:39,2.7,77.8,575920.0,34.4,0.05,3.56,0.01,0.0,6.24,100,259,0
2026-08-02 11:21:45,0.0,77.8,575476.0,34.4,0.23,3.05,0.0,0.0,6.4,100,259,0
2026-08-02 11:21:51,3.2,77.5,583101.33,34.4,0.03,1.0,0.01,0.07,4.7,100,259,0
2026-08-02 11:21:57,0.0,77.7,577518.67,34.4,0.14,1.73,0.01,0.0,4.05,100,259,0
2026-08-02 11:22:03,0.4,77.8,576505.33,34.4,0.46,1.55,0.01,0.0,4.24,100,259,0
2026-08-02 11:22:09,0.3,77.7,578986.67,34.4,0.09,1.31,0.02,0.01,12.31,100,259,0
2026-08-02 11:22:15,3.5,77.8,576768.0,34.4,0.11,3.55,0.0,0.0,3.4,100,259,0
2026-08-02 11:22:21,0.7,77.7,578544.0,34.4,0.05,4.03,0.01,0.01,4.45,100,259,0
2026-08-02 11:22:27,0.8,77.7,578082.67,34.4,0.21,1.86,0.02,0.0,4.11,100,259,0
2026-08-02 11:22:33,2.1,77.8,576772.0,34.4,0.12,1.66,0.0,0.0,3.26,100,259,0
2026-08-02 11:22:39,0.4,77.7,578048.0,34.4,0.02,0.96,0.01,0.0,3.69,100,259,0
2026-08-02 11:22:45,0.0,77.6,580706.67,34.4,0.06,1.62,0.0,0.0,3.97,100,263,0
2026-08-02 11:22:52,2.3,77.8,575920.0,34.4,0.0,3.53,0.01,0.0,4.19,100,259,0
2026-08-02 11:22:58,0.3,77.9,574146.67,34.4,0.06,0.95,0.0,0.0,4.89,100,259,0
2026-08-02 11:23:04,0.0,77.9,574377.33,34.4,0.02,3.87,0.01,0.0,4.45,100,259,0
2026-08-02 11:23:10,0.4,77.8,576221.33,34.4,0.09,1.45,0.01,0.0,3.83,100,259,0
2026-08-02 11:23:16,0.0,77.7,578165.33,34.4,0.12,1.18,0.0,0.0,3.63,100,259,0
2026-08-02 11:23:22,4.9,77.7,578618.67,34.4,0.0,1.05,0.01,0.0,4.1,100,259,0
2026-08-02 11:23:28,0.3,77.9,573742.67,34.4,0.08,1.47,0.0,0.0,4.75,100,259,0
2026-08-02 11:23:34,0.7,77.8,575364.0,34.4,0.05,1.06,0.01,0.0,4.54,100,259,0
2026-08-02 11:23:40,0.3,77.9,573854.67,34.4,0.02,3.94,0.01,0.01,3.65,100,259,0
2026-08-02 11:23:46,0.5,77.8,574537.33,34.4,0.05,0.9,0.0,0.0,7.83,100,259,0
2026-08-02 11:23:52,0.0,77.9,572709.33,34.4,0.06,1.46,0.01,0.0,3.77,100,259,0
2026-08-02 11:23:58,2.6,77.7,579529.33,34.4,0.0,3.94,0.0,0.0,25.75,100,259,0
2026-08-02 11:24:04,0.1,77.7,578308.0,34.4,0.12,0.77,0.01,0.0,7.69,100,259,0
2026-08-02 11:24:10,0.1,77.6,580473.33,34.4,0.08,1.02,0.0,0.0,8.17,100,259,0
2026-08-02 11:24:16,1.2,77.5,584617.33,34.4,0.0,1.07,0.01,0.0,4.27,100,259,0
2026-08-02 11:24:22,0.0,77.7,577728.0,34.4,0.06,0.82,0.01,0.0,9.27,100,259,0
2026-08-02 11:24:28,0.0,77.7,577208.0,34.4,0.06,1.2,0.0,0.0,4.31,100,259,0
2026-08-02 11:24:34,3.5,77.8,576892.0,34.4,0.0,0.96,0.01,0.0,3.81,100,259,0
2026-08-02 11:24:40,0.1,77.9,573705.33,34.4,0.02,3.62,0.0,0.0,5.85,100,259,0
2026-08-02 11:24:46,0.1,77.8,575364.0,34.4,0.08,1.87,0.01,0.0,4.52,100,259,0
2026-08-02 11:24:52,0.1,77.9,573320.0,34.4,0.0,0.86,0.0,0.0,4.06,100,259,0
2026-08-02 11:24:58,0.3,77.9,573197.33,34.4,0.01,2.73,0.01,0.0,4.67,100,259,0
2026-08-02 11:25:04,0.0,77.9,573289.33,34.4,0.01,2.6,0.01,0.01,3.64,100,263,0
2026-08-02 11:25:10,7.2,77.9,572320.0,34.4,0.06,0.93,0.0,0.0,9.08,100,258,0
2026-08-02 11:25:16,0.0,77.7,578272.0,34.4,0.02,1.05,0.01,0.0,13.47,100,258,0
2026-08-02 11:25:22,0.0,77.7,579449.33,34.4,0.02,1.09,0.0,0.0,13.19,100,258,0
2026-08-02 11:25:28,7.5,78.2,565417.33,34.4,6.81,1.0,0.01,0.0,3.85,100,259,0
2026-08-02 11:25:34,3.8,78.1,568558.67,34.4,0.84,1.84,0.0,0.0,4.19,100,258,0
2026-08-02 11:25:40,8.8,78.0,570797.33,34.4,0.11,3.53,0.01,0.0,3.44,100,258,0
2026-08-02 11:25:46,0.0,78.0,569820.0,34.4,0.0,1.28,0.0,0.0,3.67,100,258,0
2026-08-02 11:25:52,0.0,78.0,569584.0,34.4,0.05,4.37,0.01,0.0,4.46,100,258,0
2026-08-02 11:25:58,0.0,78.1,567874.67,34.4,0.02,0.79,0.01,0.0,4.27,100,258,0
2026-08-02 11:26:04,3.6,78.1,569008.0,34.4,0.0,1.82,0.0,0.01,3.92,100,258,0
2026-08-02 11:26:10,1.1,78.1,569077.33,34.4,0.06,0.99,0.01,0.01,6.09,100,258,0
2026-08-02 11:26:16,2.8,78.0,570289.33,34.4,0.05,1.57,0.0,0.0,4.5,100,258,0
2026-08-02 11:26:22,0.1,78.2,566629.33,34.4,0.05,3.89,0.01,0.0,3.87,100,258,0
2026-08-02 11:26:28,4.1,78.2,566493.33,34.4,0.06,0.89,0.0,0.0,6.08,100,258,0
2026-08-02 11:26:34,3.5,78.2,566520.0,34.4,0.0,1.48,0.01,0.0,3.71,100,258,0
2026-08-02 11:26:40,0.5,78.1,567060.0,34.4,0.06,3.59,0.01,0.01,4.96,100,258,0
2026-08-02 11:26:46,0.1,78.1,568356.0,34.4,0.05,1.51,0.0,0.0,3.52,100,258,0
2026-08-02 11:26:52,3.6,78.1,568174.67,34.4,0.0,1.22,0.01,0.07,4.49,100,258,0
2026-08-02 11:26:58,0.1,78.0,570892.0,34.4,0.0,1.38,0.0,0.0,9.66,100,258,0
2026-08-02 11:27:04,1.4,78.1,567642.67,34.4,0.0,0.86,0.01,0.0,3.77,100,258,0
2026-08-02 11:27:10,2.0,78.2,565804.0,34.4,0.08,1.07,0.01,0.01,6.42,100,258,0
2026-08-02 11:27:16,0.1,78.1,566930.67,34.4,0.0,3.77,0.0,0.0,4.16,100,258,0
2026-08-02 11:27:22,0.0,78.2,566302.67,34.4,6.02,1.53,0.01,0.01,3.38,100,263,0
2026-08-02 11:27:28,3.6,78.3,562828.0,34.4,0.04,4.54,0.0,0.0,3.83,100,262,0
2026-08-02 11:27:34,0.4,78.2,566296.0,34.4,0.0,1.61,0.01,0.0,3.22,100,258,0
2026-08-02 11:27:40,0.0,78.1,568113.33,34.4,0.0,0.77,0.0,0.0,6.85,100,258,0
2026-08-02 11:27:46,0.0,78.1,567266.67,34.4,0.06,1.69,0.01,0.0,5.08,100,258,0
2026-08-02 11:27:52,0.4,78.0,570288.0,34.4,0.19,0.84,0.01,0.0,3.6,100,257,0
2026-08-02 11:27:58,3.7,78.1,567420.0,34.4,0.0,3.71,0.0,0.0,4.74,100,257,0
2026-08-02 11:28:04,3.9,78.1,567178.67,34.4,0.12,1.46,0.01,0.0,3.6,100,257,0
2026-08-02 11:28:10,0.0,78.2,565962.67,34.4,0.06,3.38,0.0,0.0,4.65,100,257,0
2026-08-02 11:28:16,1.2,78.1,567270.67,34.4,0.02,1.83,0.01,0.0,3.9,100,257,0
2026-08-02 11:28:22,0.5,78.2,566412.0,34.4,0.0,1.55,0.01,0.0,4.01,100,257,0
2026-08-02 11:28:28,0.9,78.1,567124.0,34.4,0.03,4.41,0.0,0.0,3.62,100,257,0
2026-08-02 11:28:34,3.3,78.1,569068.0,34.4,0.0,1.77,0.01,0.01,7.01,100,257,0
2026-08-02 11:28:40,4.8,78.8,549593.33,34.4,0.02,0.69,0.0,0.0,3.44,100,257,0
2026-08-02 11:28:46,0.0,77.0,595882.67,34.4,0.17,1.31,0.01,0.0,3.55,100,257,0
2026-08-02 11:28:53,0.0,77.2,591209.33,34.4,0.0,4.64,0.0,0.0,4.08,100,257,0
2026-08-02 11:28:59,0.0,77.4,587258.67,34.4,0.12,0.94,0.01,0.0,6.62,100,257,0
2026-08-02 11:29:05,0.0,77.4,585142.67,34.4,0.09,1.1,0.01,0.0,8.87,100,257,0
2026-08-02 11:29:11,3.8,77.4,586405.33,34.4,0.09,1.07,0.0,0.0,4.1,100,257,0
2026-08-02 11:29:17,2.5,77.3,589754.67,34.4,0.0,1.64,0.01,0.0,7.52,100,257,0
2026-08-02 11:29:23,0.1,77.3,587885.33,34.4,0.02,3.76,0.0,0.0,4.33,100,257,0
2026-08-02 11:29:29,3.4,77.4,585086.67,34.4,0.0,1.46,0.01,0.0,3.94,100,257,0
2026-08-02 11:29:35,0.0,77.5,583762.67,34.4,0.05,3.68,0.01,0.0,4.41,100,257,0
2026-08-02 11:29:41,0.1,77.4,586569.33,34.4,0.02,2.21,0.0,0.0,4.96,100,257,0
2026-08-02 11:29:47,2.6,77.3,589889.33,34.4,0.0,1.43,0.01,0.01,4.99,100,257,0
2026-08-02 11:29:53,0.1,77.5,582998.67,34.4,0.0,1.09,0.0,0.0,5.08,100,257,0
2026-08-02 11:29:59,1.0,77.5,583474.67,34.4,0.03,0.92,0.01,0.0,25.16,100,257,0
2026-08-02 11:30:05,0.4,77.2,590332.0,34.4,0.06,3.15,0.0,0.0,5.74,100,257,0
2026-08-02 11:30:11,0.1,77.5,583976.0,34.4,0.0,1.04,0.01,0.0,14.07,100,257,0
2026-08-02 11:30:17,3.0,77.5,584794.67,34.4,0.0,1.11,0.01,0.0,32.21,100,257,0
2026-08-02 11:30:23,4.8,77.4,586856.0,34.4,0.0,1.46,0.0,0.0,7.84,100,257,0
2026-08-02 11:30:29,5.1,77.4,585360.0,34.4,0.09,3.81,0.01,0.0,5.52,100,257,0
2026-08-02 11:30:35,0.0,77.5,583556.0,34.4,0.0,0.82,0.0,0.0,4.18,100,257,0
2026-08-02 11:30:41,0.0,77.4,585245.33,34.4,0.03,0.98,0.01,0.0,4.35,100,257,0
2026-08-02 11:30:47,0.1,77.4,587064.0,34.4,0.05,1.64,0.0,0.0,6.15,100,257,0
2026-08-02 11:30:53,2.8,77.2,592212.0,34.4,0.06,0.84,0.01,0.01,3.81,100,257,0
2026-08-02 11:30:59,2.0,77.4,585748.0,34.4,0.0,1.12,0.01,0.0,4.4,100,257,0
2026-08-02 11:31:05,1.1,77.5,583896.0,34.4,0.06,3.71,0.0,0.01,3.93,100,257,0
2026-08-02 11:31:11,0.8,77.6,580121.33,34.4,0.0,1.3,0.01,0.0,4.96,100,257,0
2026-08-02 11:31:17,0.0,77.4,586998.67,34.4,0.17,4.97,0.01,0.01,4.38,100,257,0
2026-08-02 11:31:23,0.5,77.6,581365.33,34.4,0.02,1.94,0.01,0.0,4.3,100,257,0
2026-08-02 11:31:29,6.7,77.5,582813.33,34.4,0.03,3.02,0.01,0.0,4.06,100,257,0
2026-08-02 11:31:35,0.0,77.6,582098.67,34.4,0.03,1.28,0.0,0.0,3.88,100,257,0
2026-08-02 11:31:41,0.0,77.5,584681.33,34.4,0.05,1.46,0.01,0.0,4.25,100,257,0
2026-08-02 11:31:47,0.0,77.6,581856.0,34.4,0.02,4.0,0.0,0.0,3.88,100,257,0
2026-08-02 11:31:53,0.1,77.6,580492.0,34.4,0.09,3.45,0.01,0.08,4.02,100,257,0
2026-08-02 11:31:59,0.4,77.6,582018.67,34.4,0.05,2.21,0.0,0.0,6.39,100,257,0
2026-08-02 11:32:05,6.3,77.2,590041.33,34.4,0.34,1.28,0.01,0.0,3.35,100,257,0
2026-08-02 11:32:11,0.0,77.5,584298.67,34.4,0.16,1.75,0.0,0.01,4.15,100,257,0
2026-08-02 11:32:17,0.0,77.5,584469.33,34.4,0.07,1.16,0.01,0.0,3.95,100,257,0
2026-08-02 11:32:23,1.2,77.5,583454.67,34.4,0.0,3.16,0.0,0.0,6.12,100,257,0
2026-08-02 11:32:29,9.9,77.6,581673.33,34.4,0.06,1.47,0.01,0.0,3.5,100,257,0
2026-08-02 11:32:35,1.9,77.7,577988.0,34.4,0.08,0.91,0.01,0.0,4.1,100,263,0
2026-08-02 11:32:41,2.9,77.5,583858.67,34.4,0.55,3.99,0.0,0.0,4.41,100,257,0
2026-08-02 11:32:47,0.0,77.5,583605.33,34.4,0.02,0.75,0.01,0.0,4.7,100,257,0
2026-08-02 11:32:53,0.5,77.6,581261.33,34.4,0.06,1.11,0.0,0.0,3.89,100,258,0
2026-08-02 11:32:59,0.7,77.6,579624.0,34.4,0.0,0.77,0.01,0.0,4.54,100,258,0
2026-08-02 11:33:05,0.7,77.7,578528.0,34.4,0.12,1.68,0.01,0.0,7.67,100,258,0
2026-08-02 11:33:11,4.7,77.8,576302.67,34.4,0.0,3.82,0.0,0.01,81.31,100,258,0
2026-08-02 11:33:17,0.5,77.8,575210.67,34.4,0.0,0.88,0.01,0.0,4.76,100,258,0
2026-08-02 11:33:23,0.0,77.8,575389.33,34.4,0.0,0.86,0.01,0.01,4.19,100,258,0
2026-08-02 11:33:29,0.3,77.8,575117.33,34.4,0.25,4.16,0.01,0.03,5.3,100,258,0
2026-08-02 11:33:35,0.3,77.8,576413.33,34.4,0.02,1.51,0.0,0.01,3.94,100,258,0
2026-08-02 11:33:41,0.1,77.7,579449.33,34.4,0.0,1.72,0.01,0.0,4.48,100,258,0
2026-08-02 11:33:47,3.1,77.8,576568.0,34.4,0.13,1.43,0.01,0.0,5.48,100,258,0
2026-08-02 11:33:53,1.3,77.8,575456.0,34.4,0.16,1.02,0.0,0.0,31.72,100,258,0
2026-08-02 11:33:59,1.8,77.9,574244.0,34.4,0.0,3.45,0.01,0.0,46.77,100,258,0
2026-08-02 11:34:06,0.3,77.8,575680.0,34.4,0.06,2.19,0.0,0.0,3.86,100,258,0
2026-08-02 11:34:12,0.0,77.8,574896.0,34.4,0.04,3.59,0.01,0.0,13.04,100,258,0
2026-08-02 11:34:18,0.1,77.9,573749.33,34.4,0.07,2.36,0.01,0.01,8.26,100,258,0
2026-08-02 11:34:24,3.7,78.0,571358.67,34.4,0.0,0.88,0.01,0.0,36.33,100,258,0
2026-08-02 11:34:30,8.8,78.4,558965.33,34.4,369.07,3.23,0.01,0.0,3.85,100,263,0
2026-08-02 11:34:36,0.1,78.7,551848.0,34.4,510.49,2.13,0.0,0.0,14.06,100,263,0
2026-08-02 11:34:42,0.4,78.7,551385.33,34.4,0.11,3.29,0.01,0.0,3.61,100,263,0
2026-08-02 11:34:48,0.3,79.9,520348.0,34.4,13.45,2.13,0.0,0.0,4.18,100,263,0
2026-08-02 11:34:54,8.9,80.3,510132.0,34.4,0.47,1.15,0.01,0.0,3.72,100,263,0
2026-08-02 11:35:00,2.9,81.7,475241.33,34.4,1.37,3.58,0.0,0.0,28.66,100,262,0
2026-08-02 11:35:06,0.5,81.7,474620.0,34.4,0.68,2.4,0.01,0.0,5.11,100,262,0
2026-08-02 11:35:12,0.6,80.9,495098.67,34.4,0.0,1.04,0.01,0.01,3.86,100,262,0
2026-08-02 11:35:18,0.3,80.9,496089.33,34.4,0.06,1.6,0.0,0.0,3.6,100,262,0
2026-08-02 11:35:24,0.1,80.8,497881.33,34.4,0.0,1.07,0.01,0.01,5.9,100,262,0
2026-08-02 11:35:30,11.5,83.8,420936.0,34.4,96.37,3.44,0.04,0.23,3.63,100,267,0
2026-08-02 11:35:36,0.8,83.5,427058.67,34.4,2.87,5.31,0.03,0.13,3.94,100,266,0
2026-08-02 11:35:42,2.5,83.5,428688.0,34.4,2.14,2.07,0.0,0.0,3.46,100,266,0
2026-08-02 11:35:48,0.5,83.6,425677.33,34.4,0.12,2.53,0.01,0.0,20.43,100,266,0
2026-08-02 11:35:54,0.5,83.3,431985.33,34.4,0.18,1.52,0.01,0.0,10.91,100,266,0
2026-08-02 11:36:00,10.0,83.6,424658.67,34.4,0.85,3.42,0.01,0.0,23.39,100,268,0
2026-08-02 11:36:06,13.7,83.9,418225.33,34.4,2.68,7.43,0.01,0.04,3.46,100,264,0
2026-08-02 11:36:12,8.3,82.8,446813.33,34.4,0.26,1.5,0.01,0.0,6.28,100,264,0
2026-08-02 11:36:18,2.7,84.1,411606.67,34.4,0.13,4.16,0.0,0.0,3.01,100,264,0
2026-08-02 11:36:24,1.4,84.3,406414.67,34.4,0.06,1.3,0.01,0.0,5.3,100,264,0
2026-08-02 11:36:30,1.9,82.4,457538.67,34.4,1.74,1.53,0.01,0.02,52.12,100,262,0
2026-08-02 11:36:36,12.8,82.4,457444.0,34.4,0.27,2.8,0.01,0.01,6.06,100,261,0
2026-08-02 11:36:42,10.4,83.7,421445.33,34.4,0.15,2.08,0.01,0.0,3.91,100,261,0
2026-08-02 11:36:48,12.3,82.5,455024.0,34.4,0.06,1.85,0.0,0.01,3.82,100,261,0
2026-08-02 11:36:54,6.4,84.3,408441.33,34.4,0.09,4.16,0.01,0.07,3.82,100,261,0
2026-08-02 11:37:00,3.3,82.7,448582.67,34.4,0.24,1.0,0.0,0.0,4.01,100,260,0
2026-08-02 11:37:06,4.6,82.4,456886.67,34.4,0.12,1.59,0.01,0.0,11.23,100,260,0
2026-08-02 11:37:12,0.5,81.8,473014.67,34.4,0.09,3.42,0.01,0.0,16.93,100,260,0
2026-08-02 11:37:18,3.6,81.8,472981.33,34.4,0.03,2.09,0.0,0.0,25.64,100,260,0
2026-08-02 11:37:24,1.3,81.7,473404.0,34.4,0.0,1.09,0.01,0.0,9.94,100,260,0
2026-08-02 11:37:30,1.8,81.9,469253.33,34.4,3.11,1.55,0.01,0.02,34.55,100,260,0
2026-08-02 11:37:36,1.3,81.8,472594.67,34.4,0.06,3.84,0.01,0.0,4.25,100,260,0
2026-08-02 11:37:42,1.0,81.8,472689.33,34.4,0.06,1.45,0.01,0.0,3.17,100,260,0
2026-08-02 11:37:48,4.3,81.8,470900.0,34.4,0.02,0.84,0.0,0.0,6.43,100,260,0
2026-08-02 11:37:54,1.5,81.8,471428.0,34.4,0.02,0.93,0.01,0.0,4.05,100,260,0
2026-08-02 11:38:00,1.5,82.0,467756.0,34.4,0.62,3.86,0.0,0.01,16.96,100,260,0
2026-08-02 11:38:06,1.6,81.8,471961.33,34.4,0.06,1.47,0.01,0.0,4.04,100,260,0
2026-08-02 11:38:12,2.7,81.9,469090.67,34.4,0.06,1.89,0.0,0.0,3.42,100,260,0
2026-08-02 11:38:18,1.5,81.8,471006.67,34.4,0.0,1.66,0.01,0.0,6.45,100,260,0
2026-08-02 11:38:24,5.2,81.9,470577.33,34.4,1.36,4.07,0.01,0.0,3.31,100,260,0
2026-08-02 11:38:30,1.5,82.3,459349.33,34.4,11.33,1.74,0.02,0.03,4.19,100,263,0
2026-08-02 11:38:36,0.3,82.2,462610.67,34.4,0.16,3.13,0.01,0.0,3.87,100,263,0
2026-08-02 11:38:43,1.0,82.7,447530.67,34.4,1.33,2.89,0.0,0.0,6.84,100,263,0
2026-08-02 11:38:49,0.8,81.5,479341.33,34.4,0.8,2.68,0.01,0.0,24.36,100,263,0
2026-08-02 11:38:55,2.4,81.5,479638.67,34.4,0.0,1.51,0.01,0.0,4.69,100,263,0
2026-08-02 11:39:01,3.5,81.6,477942.67,34.4,0.19,3.9,0.0,0.0,13.18,100,263,0
2026-08-02 11:39:07,0.7,81.7,475520.0,34.4,17.47,1.59,0.01,0.0,8.28,100,264,0
2026-08-02 11:39:13,7.4,81.7,474934.67,34.4,0.26,0.91,0.0,0.0,15.83,100,264,0
2026-08-02 11:39:19,1.0,81.5,479149.33,34.4,6.13,4.05,0.01,0.01,11.52,100,264,0
2026-08-02 11:39:25,1.4,81.5,480020.0,34.4,0.11,1.57,0.0,0.0,8.2,100,264,0
2026-08-02 11:39:31,1.5,81.4,482712.0,34.4,1.32,1.95,0.01,0.0,7.47,100,262,0
2026-08-02 11:39:37,3.8,81.5,479824.0,34.4,0.02,1.68,0.01,0.0,4.64,100,262,0
2026-08-02 11:39:43,1.0,81.3,484038.67,34.4,0.02,0.98,0.0,0.0,4.15,100,262,0
2026-08-02 11:39:49,1.6,81.4,482813.33,34.4,0.03,3.3,0.01,0.0,4.6,100,262,0
2026-08-02 11:39:55,3.7,81.4,481896.0,34.4,10.88,0.81,0.01,0.01,3.36,100,261,0
2026-08-02 11:40:01,3.8,81.5,478730.67,34.4,0.23,1.53,0.01,0.0,5.98,100,261,0
2026-08-02 11:40:07,3.9,81.5,479068.0,34.4,0.18,2.83,0.0,0.0,3.9,100,267,0
2026-08-02 11:40:13,3.8,81.4,481368.0,34.4,0.0,1.7,0.01,0.0,3.39,100,261,0
2026-08-02 11:40:19,3.0,81.2,486860.0,34.4,0.46,3.03,0.01,0.0,4.47,100,261,0
2026-08-02 11:40:25,2.0,81.2,487404.0,34.4,6.99,16.27,0.0,0.0,4.08,100,261,0
2026-08-02 11:40:31,3.1,81.3,484964.0,34.4,0.34,1.95,0.01,0.01,6.11,100,261,0
2026-08-02 11:40:37,0.5,81.3,484674.67,34.4,0.02,1.86,0.0,0.0,4.01,100,261,0
2026-08-02 11:40:43,3.6,81.2,488480.0,34.4,0.84,1.34,0.01,0.0,4.76,100,261,0
2026-08-02 11:40:49,8.2,81.3,485384.0,34.4,0.0,3.74,0.0,0.0,11.09,100,261,0
2026-08-02 11:40:55,1.2,81.5,479605.33,34.4,3.04,2.71,0.02,0.01,3.38,100,261,0
2026-08-02 11:41:01,1.4,81.6,476172.0,34.4,0.0,1.54,0.01,0.0,3.73,100,261,0
2026-08-02 11:41:07,0.9,81.5,478962.67,34.4,0.19,1.11,0.0,0.01,3.55,100,261,0
2026-08-02 11:41:13,1.4,81.5,479581.33,34.4,0.09,1.67,0.01,0.0,27.84,100,261,0
2026-08-02 11:41:19,4.7,81.7,474853.33,34.4,0.0,1.54,0.0,0.0,4.71,100,261,0
2026-08-02 11:41:25,1.7,81.5,478488.0,34.4,0.09,3.86,0.01,0.0,6.47,100,261,0
2026-08-02 11:41:31,0.5,81.4,482506.67,34.4,1.02,1.62,0.0,0.0,3.74,100,260,0
2026-08-02 11:41:37,1.3,81.5,479292.0,34.4,0.53,3.7,0.01,0.0,3.81,100,260,0
2026-08-02 11:41:43,1.4,81.5,480250.67,34.4,0.06,2.19,0.01,0.0,4.13,100,260,0
2026-08-02 11:41:49,1.0,81.5,480984.0,34.4,0.0,1.5,0.01,0.09,3.85,100,260,0
2026-08-02 11:41:55,6.3,81.6,477448.0,34.4,0.06,1.37,0.01,0.0,3.67,100,260,0
2026-08-02 11:42:01,2.0,81.6,477225.33,34.4,0.0,4.02,0.0,0.0,6.09,100,260,0
2026-08-02 11:42:07,3.5,80.6,503057.33,34.4,0.06,1.41,0.01,0.0,7.41,100,260,0
2026-08-02 11:42:13,2.4,76.2,616449.33,34.4,0.06,3.67,0.01,0.0,4.12,100,260,0
2026-08-02 11:42:19,4.7,76.2,617040.0,34.4,0.06,1.84,0.0,0.0,3.34,100,260,0
2026-08-02 11:42:25,0.3,76.4,612526.67,34.4,0.03,0.84,0.01,0.0,3.3,100,260,0
2026-08-02 11:42:31,9.5,76.4,611414.67,34.4,1.0,1.98,0.01,0.0,6.01,100,259,0
2026-08-02 11:42:37,2.0,76.3,613848.0,34.4,0.05,0.87,0.01,0.0,3.45,100,259,0
2026-08-02 11:42:43,2.5,77.9,573117.33,34.4,63.26,4.37,0.01,0.03,3.92,100,263,0
2026-08-02 11:42:49,1.4,77.5,584702.67,34.4,0.57,2.01,0.01,0.0,26.83,100,263,0
2026-08-02 11:42:55,1.7,77.6,580160.0,34.4,0.2,5.23,0.01,0.01,4.69,100,262,0
2026-08-02 11:43:01,3.6,77.6,581526.67,34.4,0.67,2.93,0.01,0.0,6.66,100,262,0
2026-08-02 11:43:07,3.0,77.5,582645.33,34.4,0.14,1.87,0.0,0.0,4.57,100,262,0
2026-08-02 11:43:13,2.1,77.5,582524.0,34.4,0.05,3.93,0.01,0.0,3.84,100,261,0
2026-08-02 11:43:19,0.7,76.9,597990.67,34.4,0.0,1.98,0.0,0.0,3.99,100,261,0
2026-08-02 11:43:25,1.7,76.8,600786.67,34.4,0.08,2.0,0.01,0.0,14.05,100,260,0
2026-08-02 11:43:31,2.2,76.7,603709.33,34.4,0.27,3.68,0.01,0.0,7.12,100,260,0
2026-08-02 11:43:37,4.3,76.6,605754.67,34.4,0.07,2.47,0.0,0.0,3.47,100,260,0
2026-08-02 11:43:43,1.5,76.6,606304.0,34.4,0.81,1.69,0.01,0.0,5.81,100,259,0
2026-08-02 11:43:49,2.4,75.0,648774.67,34.4,0.46,3.91,0.0,0.0,3.92,100,258,0
2026-08-02 11:43:55,1.4,75.3,640232.0,34.4,0.0,1.58,0.0,0.0,11.12,100,258,0
2026-08-02 11:44:01,1.3,75.4,638128.0,34.4,0.3,1.57,0.01,0.01,4.41,100,258,0
2026-08-02 11:44:07,4.3,75.4,638941.33,34.4,0.06,3.64,0.01,0.0,3.38,100,258,0
2026-08-02 11:44:13,4.8,75.2,641982.67,34.4,0.5,4.04,0.0,0.0,3.61,100,258,0
2026-08-02 11:44:20,4.0,75.4,638745.33,34.4,0.06,1.62,0.01,0.01,3.43,100,258,0
2026-08-02 11:44:26,2.2,75.4,637566.67,34.4,0.19,3.84,0.0,0.0,4.05,100,258,0
2026-08-02 11:44:32,0.9,75.5,635766.67,34.4,0.15,2.71,0.01,0.0,3.82,100,258,0
2026-08-02 11:44:38,0.7,75.5,636082.67,34.4,0.0,3.45,0.0,0.0,104.74,100,258,0
2026-08-02 11:44:44,1.3,75.5,635130.67,34.4,0.02,2.25,0.01,0.0,13.43,100,262,0
2026-08-02 11:44:50,4.7,75.5,634964.0,34.4,0.12,1.63,0.0,0.0,8.84,100,258,0
2026-08-02 11:44:56,1.4,75.4,637394.67,34.4,0.05,1.49,0.01,0.0,5.76,100,258,0
2026-08-02 11:45:02,1.4,75.4,638536.0,34.4,0.0,3.26,0.01,0.0,10.25,100,258,0
2026-08-02 11:45:08,2.1,75.4,637258.67,34.4,0.07,1.92,0.0,0.0,20.41,100,258,0
2026-08-02 11:45:14,3.5,75.4,636981.33,34.4,0.2,4.66,0.01,0.0,4.23,100,258,0
2026-08-02 11:45:20,5.7,75.5,634118.67,34.4,0.02,1.38,0.0,0.0,4.01,100,258,0
2026-08-02 11:45:26,1.6,75.4,636954.67,34.4,0.0,0.89,0.01,0.0,3.98,100,258,0
2026-08-02 11:45:32,2.2,75.3,639376.0,34.4,0.0,1.8,0.0,0.01,3.99,100,258,0
2026-08-02 11:45:38,0.7,75.6,633628.0,34.4,0.03,0.89,0.01,0.0,3.82,100,258,0
2026-08-02 11:45:44,2.1,75.6,632372.0,34.4,0.08,1.59,0.01,0.0,5.2,100,258,0
2026-08-02 11:45:50,1.2,75.4,637838.67,34.4,14.9,3.38,0.0,0.0,4.74,100,258,0
2026-08-02 11:45:56,4.7,75.5,634977.33,34.4,1.2,1.7,0.01,0.01,4.39,100,260,0
2026-08-02 11:46:02,3.2,75.5,634990.67,34.4,0.0,0.96,0.0,0.0,4.25,100,260,0
2026-08-02 11:46:08,1.2,75.7,631285.33,34.4,0.06,4.84,0.01,0.01,3.61,100,260,0
2026-08-02 11:46:14,6.0,75.8,628374.67,34.4,0.51,2.15,0.01,0.0,4.41,100,259,0
2026-08-02 11:46:20,1.7,75.6,633038.67,34.4,0.0,1.02,0.0,0.0,3.86,100,259,0
2026-08-02 11:46:26,1.4,75.7,630890.67,34.4,0.02,1.28,0.01,0.0,3.21,100,259,0
2026-08-02 11:46:32,4.7,75.6,632998.67,34.4,0.04,3.6,0.0,0.0,6.62,100,259,0
2026-08-02 11:46:38,4.3,75.7,630504.0,34.4,0.64,1.68,0.01,0.01,4.27,100,259,0
2026-08-02 11:46:44,2.3,75.5,635350.67,34.4,0.0,3.58,0.0,0.0,4.39,100,259,0
2026-08-02 11:46:50,1.0,75.4,637225.33,34.4,0.04,1.93,0.01,0.09,3.75,100,259,0
2026-08-02 11:46:56,1.8,75.4,637298.67,34.4,0.0,1.75,0.01,0.0,4.01,100,259,0
2026-08-02 11:47:02,1.0,75.6,633312.0,34.4,0.03,1.52,0.0,0.0,3.38,100,259,0
2026-08-02 11:47:08,5.0,75.3,640680.0,34.4,0.06,4.1,0.01,0.0,5.17,100,259,0
2026-08-02 11:47:14,2.1,75.2,642065.33,34.4,0.35,1.59,0.0,0.0,4.29,100,259,0
2026-08-02 11:47:20,1.3,75.3,641574.67,34.4,0.12,0.88,0.01,0.0,3.43,100,259,0
2026-08-02 11:47:26,3.5,75.3,640668.0,34.4,0.0,0.96,0.01,0.0,3.28,100,259,0
2026-08-02 11:47:32,3.4,75.4,638580.0,34.4,9.41,4.1,0.01,0.01,4.36,100,260,0
2026-08-02 11:47:38,4.8,75.4,637561.33,34.4,0.06,2.07,0.01,0.0,3.34,100,260,0
2026-08-02 11:47:44,2.0,75.5,634806.67,34.4,1.98,1.75,0.01,0.01,4.41,100,260,0
2026-08-02 11:47:50,2.0,75.6,633801.33,34.4,1.03,1.0,0.01,0.04,4.55,100,261,0
2026-08-02 11:47:56,3.6,75.4,637421.33,34.4,0.06,0.77,0.01,0.01,3.95,100,261,0
2026-08-02 11:48:02,1.9,75.6,632969.33,34.4,0.0,3.94,0.0,0.0,4.42,100,261,0
2026-08-02 11:48:08,1.9,75.6,632698.67,34.4,0.4,1.68,0.01,0.0,4.98,100,261,0
2026-08-02 11:48:14,5.0,75.7,630526.67,34.4,0.02,5.02,0.0,0.0,3.46,100,261,0
2026-08-02 11:48:20,0.4,75.6,633664.0,34.4,0.03,1.26,0.01,0.0,3.95,100,261,0
2026-08-02 11:48:26,1.4,75.4,637890.67,34.4,0.0,1.48,0.0,0.0,4.02,100,261,0
2026-08-02 11:48:32,2.5,75.4,637436.0,34.4,0.99,2.11,0.01,0.0,3.74,100,260,0
2026-08-02 11:48:38,2.5,75.9,625053.33,34.4,0.27,3.89,0.01,0.0,4.01,100,260,0
2026-08-02 11:48:44,1.6,75.0,649208.0,34.4,0.0,1.48,0.01,0.01,4.73,100,260,0
2026-08-02 11:48:50,4.8,74.9,650621.33,34.4,0.23,1.02,0.01,0.02,5.03,100,260,0
2026-08-02 11:48:56,0.7,75.1,644941.33,34.4,0.08,3.3,0.0,0.01,6.95,100,260,0
2026-08-02 11:49:02,2.6,75.1,644488.0,34.4,0.05,2.11,0.01,0.0,5.3,100,260,0
2026-08-02 11:49:08,2.3,75.1,645921.33,34.4,0.14,1.45,0.0,0.0,3.41,100,260,0
2026-08-02 11:49:14,0.5,74.7,655738.67,34.4,0.03,4.19,0.01,0.0,4.45,100,260,0
2026-08-02 11:49:20,0.3,74.9,651146.67,34.4,0.0,1.7,0.01,0.0,5.38,100,260,0
2026-08-02 11:49:26,4.4,74.7,654990.67,34.4,0.02,1.34,0.0,0.0,6.11,100,260,0
2026-08-02 11:49:32,3.0,74.9,651741.33,34.4,0.0,4.31,0.01,0.0,5.76,100,260,0
2026-08-02 11:49:38,2.1,74.9,651709.33,34.4,0.17,2.3,0.0,0.0,4.41,100,260,0
2026-08-02 11:49:44,1.5,74.8,653053.33,34.4,0.0,1.41,0.01,0.0,7.55,100,260,0
2026-08-02 11:49:50,0.1,74.8,653053.33,34.4,0.09,1.09,0.01,0.01,3.07,100,259,0
2026-08-02 11:49:57,2.7,74.9,650842.67,34.4,0.03,3.83,0.0,0.0,4.06,100,265,0
2026-08-02 11:50:03,4.3,74.8,652881.33,34.4,0.0,1.55,0.01,0.0,3.85,100,259,0
2026-08-02 11:50:09,1.2,74.9,652008.0,34.4,0.12,4.0,0.0,0.0,4.01,100,259,0
2026-08-02 11:50:15,0.5,74.7,654972.0,34.4,0.11,1.88,0.01,0.01,56.64,100,259,0
2026-08-02 11:50:21,1.3,74.7,656513.33,34.4,0.0,0.88,0.01,0.0,4.9,100,259,0
2026-08-02 11:50:27,1.0,74.7,654997.33,34.4,0.0,1.69,0.01,0.0,4.26,100,259,0
2026-08-02 11:50:33,3.2,74.6,659572.0,34.4,0.1,1.59,0.01,0.0,3.94,100,259,0
2026-08-02 11:50:39,1.2,74.9,651730.67,34.4,0.34,4.25,0.0,0.0,3.53,100,260,0
2026-08-02 11:50:45,2.6,74.8,652944.0,34.4,0.02,1.14,0.01,0.0,3.45,100,259,0
2026-08-02 11:50:51,0.7,75.0,648033.33,34.4,0.02,3.84,0.0,0.0,5.29,100,259,0
2026-08-02 11:50:57,2.4,74.9,651074.67,34.4,0.14,2.91,0.01,0.01,4.34,100,261,0
2026-08-02 11:51:03,2.8,74.8,652297.33,34.4,0.06,2.12,0.0,0.0,4.09,100,261,0
2026-08-02 11:51:09,3.0,75.0,647768.0,34.4,0.06,1.01,0.01,0.01,4.4,100,261,0
2026-08-02 11:51:15,3.3,75.0,647672.0,34.4,4.14,3.98,0.02,0.16,5.34,100,261,0
2026-08-02 11:51:21,6.2,76.4,612345.33,34.4,126.38,81.16,0.05,0.16,3.8,100,262,0
2026-08-02 11:51:27,4.9,77.2,590938.67,34.4,116.92,176.7,0.02,0.14,6.17,100,261,0
2026-08-02 11:51:33,1.3,77.6,580646.67,34.4,51.5,59.68,0.07,0.05,19.17,100,261,0
2026-08-02 11:51:39,1.6,77.6,581689.33,34.4,0.02,1.59,0.01,0.0,3.72,100,261,0
2026-08-02 11:51:45,3.5,77.7,577862.67,34.4,0.06,2.27,0.0,0.0,3.87,100,261,0
2026-08-02 11:51:51,3.9,77.7,577809.33,34.4,0.31,3.45,0.02,0.09,4.06,100,261,0
2026-08-02 11:51:57,2.5,77.5,583797.33,34.4,0.06,1.27,0.01,0.0,4.25,100,261,0
2026-08-02 11:52:03,0.8,77.3,588612.0,34.4,0.09,2.08,0.0,0.0,4.2,100,261,0
2026-08-02 11:52:09,0.9,77.4,585730.67,34.4,0.11,1.35,0.01,0.0,4.71,100,261,0
2026-08-02 11:52:15,2.2,77.5,583965.33,34.4,0.05,3.51,0.0,0.0,11.34,100,261,0
2026-08-02 11:52:21,4.1,77.6,581114.67,34.4,0.56,3.05,0.01,0.0,5.1,100,261,0
2026-08-02 11:52:27,0.8,77.5,583156.0,34.4,0.06,1.64,0.01,0.0,48.7,100,261,0
2026-08-02 11:52:33,1.7,77.4,585778.67,34.4,0.0,1.89,0.0,0.0,3.79,100,261,0
2026-08-02 11:52:39,0.4,77.5,583013.33,34.4,0.06,4.04,0.01,0.01,3.85,100,261,0
2026-08-02 11:52:45,0.8,77.5,583370.67,34.4,0.06,1.69,0.0,0.0,3.75,100,261,0
2026-08-02 11:52:51,4.2,77.5,582670.67,34.4,0.0,1.08,0.01,0.0,18.88,100,261,0
2026-08-02 11:52:57,2.8,77.6,579893.33,34.4,0.08,4.39,0.01,0.0,4.93,100,261,0
2026-08-02 11:53:03,1.3,77.5,582728.0,34.4,0.03,1.91,0.0,0.0,4.58,100,261,0
2026-08-02 11:53:09,1.3,77.6,581289.33,34.4,0.08,2.14,0.01,0.0,5.95,100,261,0
2026-08-02 11:53:15,0.8,77.7,579474.67,34.4,0.06,4.15,0.0,0.0,3.86,100,261,0
2026-08-02 11:53:21,3.3,77.1,593357.33,34.4,0.0,1.91,0.01,0.0,4.57,100,261,0
2026-08-02 11:53:27,11.8,77.2,590080.0,34.4,0.0,1.64,0.0,0.0,3.87,100,261,0
2026-08-02 11:53:33,0.8,77.3,588084.0,34.4,0.0,3.43,0.01,0.0,30.89,100,261,0
2026-08-02 11:53:39,0.8,77.3,588029.33,34.4,0.13,3.11,0.01,0.0,138.3,100,261,0
2026-08-02 11:53:45,0.5,77.4,585492.0,34.4,0.0,1.73,0.0,0.01,5.94,100,261,0
2026-08-02 11:53:51,1.4,77.2,590604.0,34.4,0.0,1.07,0.01,0.0,3.97,100,261,0
2026-08-02 11:53:57,0.1,77.1,592969.33,34.4,0.0,4.28,0.02,0.01,3.43,100,261,0
2026-08-02 11:54:03,5.2,77.5,584040.0,34.4,0.03,1.61,0.01,0.0,8.53,100,261,0
2026-08-02 11:54:09,1.4,77.5,583521.33,34.4,0.12,4.0,0.01,0.0,5.53,100,261,0
2026-08-02 11:54:15,0.4,77.3,589092.0,34.4,0.0,2.43,0.0,0.0,3.85,100,261,0
2026-08-02 11:54:21,0.6,77.1,593336.0,34.4,0.12,1.76,0.02,0.0,3.84,100,261,0
2026-08-02 11:54:27,5.5,77.2,591200.0,34.4,0.32,2.03,0.01,0.0,3.24,100,261,0
2026-08-02 11:54:34,20.0,80.0,518001.33,34.4,24.42,7.63,0.05,0.34,19.17,100,270,0
2026-08-02 11:54:40,4.3,81.0,491540.0,34.4,0.97,3.54,0.01,0.04,5.03,100,264,0
2026-08-02 11:54:46,2.5,80.7,500742.67,34.4,0.3,5.1,0.01,0.0,5.73,100,264,0
2026-08-02 11:54:52,2.7,79.1,543241.33,34.4,0.03,1.68,0.01,0.0,7.41,100,264,0
2026-08-02 11:54:58,0.5,79.2,539898.67,34.4,0.11,1.75,0.0,0.01,7.44,100,264,0
2026-08-02 11:55:04,3.0,79.1,541037.33,34.4,0.22,2.14,0.01,0.0,52.68,100,263,0
2026-08-02 11:55:10,5.9,78.1,569177.33,34.4,0.16,4.49,0.0,0.0,4.67,100,262,0
2026-08-02 11:55:16,1.0,77.4,584824.0,34.4,0.0,1.21,0.01,0.0,4.22,100,262,0
2026-08-02 11:55:22,1.4,77.4,586686.67,34.4,0.33,6.86,0.01,0.0,3.89,100,262,0
2026-08-02 11:55:28,0.7,77.2,590656.0,34.4,0.05,1.12,0.0,0.0,4.46,100,262,0
2026-08-02 11:55:34,2.9,77.3,587646.67,34.4,0.07,1.49,0.01,0.0,13.83,100,262,0
2026-08-02 11:55:40,14.2,78.6,554221.33,34.4,56.24,2.09,0.0,0.0,6.32,100,262,0
2026-08-02 11:55:46,8.2,78.8,550661.33,34.4,0.43,3.3,0.01,0.0,3.98,100,263,0
2026-08-02 11:55:52,2.1,78.6,555910.67,34.4,0.09,4.24,0.01,0.0,83.65,100,262,0
2026-08-02 11:55:58,1.4,78.7,551300.0,34.4,0.05,2.07,0.0,0.0,5.32,100,263,0
2026-08-02 11:56:04,5.0,78.4,559714.67,34.4,0.11,1.71,0.01,0.01,4.01,100,262,0
2026-08-02 11:56:10,2.2,77.9,573453.33,34.4,0.1,1.47,0.0,0.0,18.25,100,262,0
2026-08-02 11:56:16,1.3,78.0,570881.33,34.4,0.12,1.99,0.01,0.01,3.64,100,262,0
2026-08-02 11:56:22,2.2,77.7,577104.0,34.4,0.02,4.27,0.0,0.0,4.66,100,262,0
2026-08-02 11:56:28,5.8,77.6,579657.33,34.4,0.03,1.77,0.01,0.0,3.6,100,262,0
2026-08-02 11:56:34,3.0,77.4,585457.33,34.4,0.07,1.44,0.01,0.0,4.99,100,262,0
2026-08-02 11:56:40,0.4,77.6,581321.33,34.4,0.13,1.96,0.01,0.01,21.18,100,262,0
2026-08-02 11:56:46,2.0,77.7,577914.67,34.4,0.22,2.12,0.01,0.0,9.19,100,262,0
2026-08-02 11:56:52,0.5,77.6,581493.33,34.4,0.96,5.34,0.01,0.08,9.87,100,262,0
2026-08-02 11:56:58,0.5,77.7,579578.67,34.4,0.14,0.99,0.01,0.0,4.41,100,262,0
2026-08-02 11:57:04,6.0,77.8,575636.0,34.4,0.09,1.77,0.01,0.0,3.82,100,268,0
2026-08-02 11:57:10,7.7,77.7,578088.0,34.4,0.06,1.18,0.0,0.0,4.62,100,262,0
2026-08-02 11:57:16,0.7,77.6,582173.33,34.4,0.0,1.35,0.01,0.0,4.81,100,262,0
2026-08-02 11:57:22,4.2,77.7,577296.0,34.4,0.33,4.46,0.0,0.01,3.81,100,263,0
2026-08-02 11:57:28,0.9,77.6,579634.67,34.4,0.0,1.66,0.01,0.0,4.02,100,262,0
2026-08-02 11:57:34,0.5,77.8,576804.0,34.4,0.42,1.39,0.0,0.0,4.05,100,262,0
2026-08-02 11:57:40,1.2,77.6,580562.67,34.4,0.01,1.15,0.01,0.0,4.33,100,262,0
2026-08-02 11:57:46,8.4,77.7,577550.67,34.4,0.06,1.79,0.01,0.0,3.98,100,262,0
2026-08-02 11:57:52,3.1,77.6,581104.0,34.4,0.04,3.54,0.0,0.0,3.79,100,261,0
2026-08-02 11:57:58,1.3,77.5,582236.0,34.4,0.01,1.51,0.01,0.0,3.68,100,261,0
2026-08-02 11:58:04,2.0,77.5,584092.0,34.4,0.0,1.69,0.0,0.0,4.42,100,261,0
2026-08-02 11:58:10,1.3,77.3,587469.33,34.4,0.06,1.36,0.01,0.0,4.3,100,261,0
2026-08-02 11:58:16,1.0,77.5,584073.33,34.4,0.12,1.75,0.01,0.0,5.66,100,261,0
2026-08-02 11:58:22,2.2,77.6,580370.67,34.4,0.02,4.2,0.0,0.01,5.08,100,261,0
2026-08-02 11:58:28,10.5,77.7,579152.0,34.4,0.0,1.72,0.01,0.0,4.53,100,261,0
2026-08-02 11:58:34,0.9,77.5,582273.33,34.4,0.21,1.25,0.0,0.0,4.68,100,261,0
2026-08-02 11:58:41,35.4,78.9,547593.33,34.4,0.18,2.45,0.01,0.01,4.22,100,265,0
2026-08-02 11:58:47,3.0,77.5,583985.33,34.4,0.09,5.31,0.01,0.02,10.73,100,264,0
2026-08-02 11:58:53,2.2,76.6,607056.0,34.4,0.07,1.77,0.0,0.0,3.64,100,264,0
2026-08-02 11:58:59,3.5,76.7,603497.33,34.4,0.0,1.23,0.01,0.0,15.13,100,264,0
2026-08-02 11:59:05,5.3,76.9,600129.33,34.4,0.2,0.99,0.0,0.0,10.66,100,270,0
2026-08-02 11:59:11,5.9,76.9,598309.33,34.4,0.11,5.54,0.01,0.0,10.39,100,264,0
2026-08-02 11:59:17,1.3,76.9,598082.67,34.4,0.03,1.2,0.0,0.0,22.13,100,264,0
2026-08-02 11:59:23,0.5,76.9,598594.67,34.4,0.02,1.68,0.01,0.0,42.62,100,263,0
2026-08-02 11:59:29,1.8,76.7,604185.33,34.4,0.08,1.34,0.01,0.0,4.57,100,263,0
2026-08-02 11:59:35,1.0,76.8,600857.33,34.4,0.35,1.37,0.0,0.01,62.89,100,263,0
2026-08-02 11:59:41,1.6,77.0,597625.33,34.4,0.21,2.12,0.01,0.0,4.32,100,262,0
2026-08-02 11:59:47,13.1,77.0,596714.67,34.4,0.44,4.66,0.0,0.0,7.29,100,262,0
2026-08-02 11:59:53,4.5,77.1,594249.33,34.4,7.28,1.05,0.02,0.01,3.66,100,263,0
2026-08-02 11:59:59,2.3,77.0,595292.0,34.4,0.75,1.58,0.02,0.01,4.04,100,261,0
2026-08-02 12:00:05,1.8,77.2,591964.0,34.4,0.15,1.82,0.0,0.0,3.91,100,261,0
2026-08-02 12:00:11,0.3,77.1,594758.67,34.4,0.66,4.52,0.01,0.0,66.36,100,261,0
2026-08-02 12:00:17,2.9,76.9,598493.33,34.4,0.06,1.34,0.0,0.0,4.07,100,261,0
2026-08-02 12:00:23,2.8,77.0,595725.33,34.4,0.08,1.85,0.01,0.0,4.7,100,266,0
2026-08-02 12:00:29,7.0,77.0,595774.67,34.4,0.24,1.99,0.0,0.0,3.96,100,260,0
2026-08-02 12:00:35,4.9,76.7,602958.67,34.4,0.03,4.27,0.01,0.0,4.08,100,259,0
2026-08-02 12:00:41,1.9,76.9,598276.0,34.4,0.02,1.64,0.01,0.0,4.52,100,259,0
2026-08-02 12:00:47,0.5,76.7,604626.67,34.4,0.08,2.4,0.0,0.01,8.27,100,259,0
2026-08-02 12:00:53,3.7,76.7,603569.33,34.4,0.13,1.57,0.01,0.0,7.28,100,259,0
2026-08-02 12:00:59,2.8,76.7,603980.0,34.4,0.0,4.05,0.0,0.0,4.28,100,259,0
2026-08-02 12:01:05,7.1,76.8,601368.0,34.4,0.08,1.39,0.01,0.01,4.24,100,259,0
2026-08-02 12:01:11,4.7,76.9,599366.67,34.4,0.0,1.63,0.01,0.0,4.67,100,259,0
2026-08-02 12:01:17,2.9,76.9,599693.33,34.4,0.0,1.81,0.0,0.0,4.43,100,259,0
2026-08-02 12:01:23,1.2,76.7,604408.0,34.4,0.12,4.24,0.01,0.0,14.74,100,259,0
2026-08-02 12:01:29,0.9,76.6,606169.33,34.4,0.57,1.86,0.0,0.0,9.61,100,259,0
2026-08-02 12:01:35,2.0,76.8,600886.67,34.4,0.13,1.7,0.01,0.0,6.77,100,259,0
2026-08-02 12:01:41,1.7,76.9,598922.67,34.4,0.0,1.7,0.01,0.01,5.13,100,259,0
2026-08-02 12:01:47,5.6,76.9,597869.33,34.4,0.08,4.88,0.0,0.01,20.3,100,259,0
2026-08-02 12:01:53,0.8,76.8,602178.67,34.4,0.02,1.3,0.01,0.08,67.07,100,259,0
2026-08-02 12:02:00,1.3,76.7,603004.0,34.4,0.07,1.56,0.0,0.0,3.8,100,259,0
2026-08-02 12:02:06,1.7,76.9,599592.0,34.4,0.19,2.45,0.01,0.0,6.19,100,259,0
2026-08-02 12:02:12,3.8,76.2,617996.0,34.4,0.02,9.87,0.0,0.0,4.29,100,259,0
2026-08-02 12:02:18,1.8,76.1,620269.33,34.4,0.12,2.19,0.01,0.0,45.0,100,259,0
2026-08-02 12:02:24,6.2,76.2,617850.67,34.4,0.0,1.54,0.01,0.0,4.68,100,265,0
2026-08-02 12:02:30,6.3,76.1,620476.0,34.4,0.0,1.84,0.0,0.0,199.5,100,259,0
2026-08-02 12:02:36,4.7,76.1,618742.67,34.4,2.21,5.49,0.01,0.0,38.46,100,259,0
2026-08-02 12:02:42,1.7,76.2,616552.0,34.4,0.16,2.5,0.0,0.0,14.39,100,259,0
2026-08-02 12:02:48,3.0,76.2,616648.0,34.4,0.35,1.66,0.01,0.01,239.53,100,259,0
2026-08-02 12:02:54,2.2,76.1,618625.33,34.4,0.18,3.57,0.01,0.0,6.57,100,260,0
2026-08-02 12:03:00,8.5,76.3,613402.67,34.4,8.56,5.8,0.0,0.0,4.53,100,266,0
2026-08-02 12:03:06,6.9,76.3,615170.67,34.4,0.07,1.88,0.01,0.0,67.99,100,260,0
2026-08-02 12:03:12,6.9,76.3,614413.33,34.4,0.0,1.22,0.01,0.01,27.71,100,260,0
2026-08-02 12:03:18,1.3,76.4,613224.0,34.4,0.49,1.41,0.01,0.01,8.23,100,260,0
2026-08-02 12:03:24,3.6,76.4,612080.0,34.4,0.02,3.5,0.01,0.01,4.77,100,260,0
2026-08-02 12:03:30,1.4,76.3,615681.33,34.4,0.56,2.11,0.01,0.03,4.29,100,260,0
2026-08-02 12:03:36,1.8,76.4,611634.67,34.4,0.13,1.86,0.01,0.02,3.67,100,260,0
2026-08-02 12:03:42,5.4,76.4,610748.0,34.4,0.0,1.15,0.0,0.0,21.71,100,260,0
2026-08-02 12:03:49,7.7,76.3,615168.0,34.4,3.77,1.47,0.01,0.0,3.75,100,260,0
2026-08-02 12:03:55,2.1,76.4,611625.33,34.4,4.69,9.04,0.0,0.0,78.91,100,260,0
2026-08-02 12:04:01,1.7,76.5,609609.33,34.4,0.14,1.75,0.01,0.0,3.85,100,260,0
2026-08-02 12:04:07,1.3,76.7,603054.67,34.4,0.1,1.18,0.01,0.0,5.14,100,260,0
2026-08-02 12:04:13,1.2,76.8,602381.33,34.4,0.03,1.24,0.0,0.01,55.68,100,260,0
2026-08-02 12:04:19,6.6,77.2,591137.33,34.4,2.09,2.41,0.01,0.08,5.51,100,260,0
2026-08-02 12:04:25,5.2,77.1,593394.67,34.4,0.0,3.32,0.0,0.0,4.57,100,260,0
2026-08-02 12:04:31,2.8,77.3,589188.0,34.4,0.0,1.69,0.01,0.0,8.06,100,260,0
2026-08-02 12:04:37,1.0,77.1,594905.33,34.4,0.03,2.52,0.0,0.0,64.75,100,260,0
2026-08-02 12:04:43,20.7,79.7,525852.0,34.4,756.61,8.27,0.05,0.12,9.31,100,261,0
2026-08-02 12:04:49,3.5,81.6,477108.0,34.4,241.62,71.39,0.07,0.1,4.69,100,265,0
2026-08-02 12:04:55,1.5,81.5,480782.67,34.4,32.43,3.45,0.0,0.0,4.15,100,264,0
2026-08-02 12:05:01,5.9,81.5,479408.0,34.4,5.8,2.48,0.01,0.0,13.98,100,264,0
2026-08-02 12:05:07,2.8,81.5,479966.67,34.4,2.06,4.74,0.01,0.01,5.47,100,264,0
2026-08-02 12:05:13,2.4,81.4,481785.33,34.4,5.56,2.52,0.01,0.01,4.87,100,263,0
2026-08-02 12:05:19,0.9,80.2,512482.67,34.4,5.72,16.7,0.01,0.0,6.74,100,262,0
2026-08-02 12:05:25,1.8,80.3,511029.33,34.4,0.2,1.02,0.0,0.01,11.55,100,262,0
2026-08-02 12:05:31,3.1,80.1,516809.33,34.4,0.3,1.92,0.01,0.0,34.94,100,262,0
2026-08-02 12:05:37,4.8,80.3,510560.0,34.4,0.28,3.88,0.0,0.0,3.81,100,268,0
2026-08-02 12:05:43,11.1,80.9,495772.0,34.4,40.6,16.37,0.01,0.01,7.93,100,263,0
2026-08-02 12:05:49,3.6,81.2,486336.0,34.4,23.1,2.54,0.02,0.01,4.33,100,263,0
2026-08-02 12:05:55,1.3,81.3,485485.33,34.4,27.39,2.1,0.01,0.0,9.06,100,263,0
2026-08-02 12:06:01,1.2,81.3,486168.0,34.4,26.1,4.88,0.01,0.0,3.94,100,263,0
2026-08-02 12:06:07,0.8,81.3,486234.67,34.4,29.29,2.03,0.01,0.01,8.67,100,263,0
2026-08-02 12:06:13,1.6,80.4,507529.33,34.4,25.14,2.59,0.01,0.0,13.77,100,261,0
2026-08-02 12:06:19,6.1,80.4,508866.67,34.4,7.62,6.37,0.0,0.0,4.5,100,267,0
2026-08-02 12:06:25,8.2,80.1,515389.33,34.4,11.88,1.1,0.01,0.0,3.42,100,261,0
2026-08-02 12:06:31,1.2,80.3,510490.67,34.4,0.66,1.65,0.01,0.01,62.27,99,261,0
2026-08-02 12:06:37,5.2,80.2,513984.0,34.4,4.23,2.11,0.01,0.01,13.98,99,261,0
2026-08-02 12:06:43,5.5,80.1,515533.33,34.4,16.33,2.14,0.01,0.0,4.49,99,262,0
2026-08-02 12:06:50,1.8,81.2,488182.67,34.4,6.82,6.29,0.01,0.02,10.76,99,262,0
2026-08-02 12:06:56,2.2,81.2,488656.0,34.4,43.91,1.74,0.02,0.09,18.88,99,262,0
2026-08-02 12:07:02,6.5,81.2,486522.67,34.4,40.88,1.15,0.01,0.0,3.6,99,262,0
2026-08-02 12:07:08,2.5,81.1,488921.33,34.4,23.54,2.36,0.0,0.0,4.26,99,262,0
2026-08-02 12:07:14,1.0,81.1,489566.67,34.4,3.99,1.64,0.01,0.0,3.93,99,262,0
2026-08-02 12:07:20,2.5,80.6,504313.33,34.4,26.7,6.21,0.0,0.0,4.44,99,261,0
2026-08-02 12:07:26,2.3,80.6,503393.33,34.4,10.77,2.73,0.01,0.01,14.76,99,261,0
2026-08-02 12:07:32,1.2,80.5,505093.33,34.4,0.22,1.27,0.0,0.0,4.68,99,261,0
2026-08-02 12:07:38,0.9,80.6,502482.67,34.4,0.16,4.41,0.01,0.0,4.65,99,261,0
2026-08-02 12:07:44,13.8,80.5,504960.0,34.4,0.14,3.96,0.01,0.0,43.66,99,261,0
2026-08-02 12:07:50,2.3,80.6,502424.0,34.4,0.09,1.69,0.0,0.0,7.09,99,261,0
2026-08-02 12:07:56,0.7,80.8,498784.0,34.4,0.11,1.61,0.01,0.0,4.17,99,261,0
2026-08-02 12:08:02,0.5,80.5,504872.0,34.4,0.25,1.21,0.0,0.0,31.21,99,261,0
2026-08-02 12:08:08,4.3,80.6,502553.33,34.4,0.75,6.45,0.01,0.1,4.8,99,261,0
2026-08-02 12:08:14,1.0,80.8,497785.33,34.4,0.25,1.64,0.01,0.01,4.6,99,262,0
2026-08-02 12:08:20,4.7,80.6,503777.33,34.4,23.88,1.97,0.0,0.0,3.96,99,267,0
2026-08-02 12:08:26,7.0,80.7,500260.0,34.4,2.54,1.06,0.01,0.0,3.74,99,261,0
2026-08-02 12:08:32,2.5,80.8,498497.33,34.4,0.18,1.91,0.0,0.0,20.35,99,261,0
2026-08-02 12:08:38,16.4,81.3,484004.0,34.4,0.23,4.47,0.01,0.0,11.31,99,261,0
2026-08-02 12:08:44,1.3,80.1,516578.67,34.4,34.17,3.26,0.0,0.0,25.3,99,262,0
2026-08-02 12:08:50,4.0,80.3,511556.0,34.4,23.62,1.93,0.01,0.0,17.63,99,261,0
2026-08-02 12:08:56,0.5,80.3,511492.0,34.4,0.16,3.85,0.01,0.0,19.68,99,261,0
2026-08-02 12:09:02,5.8,80.0,518225.33,34.4,0.08,1.16,0.0,0.0,4.43,99,261,0
2026-08-02 12:09:08,5.4,80.1,517214.67,34.4,0.3,1.28,0.01,0.0,4.24,98,261,0
2026-08-02 12:09:14,2.5,80.1,515425.33,34.4,2.06,3.65,0.0,0.01,3.78,98,261,0
2026-08-02 12:09:20,0.8,80.2,512669.33,34.4,0.23,1.85,0.01,0.0,5.45,98,261,0
2026-08-02 12:09:26,1.0,80.2,514746.67,34.4,0.08,1.73,0.01,0.0,4.58,98,261,0
2026-08-02 12:09:32,0.4,80.1,515240.0,34.4,0.17,4.21,0.0,0.01,3.52,98,261,0
2026-08-02 12:09:38,1.0,80.2,514604.0,34.4,0.09,0.95,0.01,0.0,4.55,98,261,0
2026-08-02 12:09:44,7.0,80.3,509757.33,34.4,0.23,1.95,0.0,0.0,3.72,98,261,0
2026-08-02 12:09:50,2.3,80.0,519860.0,34.4,0.32,1.61,0.01,0.0,3.44,98,261,0
2026-08-02 12:09:56,2.7,79.8,523210.67,34.4,0.54,1.66,0.0,0.0,25.5,98,260,0
2026-08-02 12:10:02,0.5,80.0,519693.33,34.4,0.22,4.9,0.01,0.0,4.04,98,260,0
2026-08-02 12:10:08,0.8,80.0,519453.33,34.4,0.42,2.29,0.01,0.0,4.3,98,260,0
2026-08-02 12:10:14,2.6,80.0,519492.0,34.4,0.19,3.8,0.0,0.0,4.28,98,260,0
2026-08-02 12:10:20,6.2,80.0,519050.67,34.4,0.2,1.29,0.01,0.0,9.39,98,266,0
2026-08-02 12:10:26,7.0,79.8,523753.33,34.4,0.16,1.6,0.0,0.0,4.15,98,260,0
2026-08-02 12:10:32,2.6,79.8,525148.0,34.4,0.08,1.95,0.01,0.0,15.33,98,260,0
2026-08-02 12:10:39,2.5,79.9,522524.0,34.4,0.14,4.54,0.0,0.0,9.65,98,260,0
2026-08-02 12:10:45,0.8,80.1,516424.0,34.4,0.08,1.14,0.01,0.01,3.67,98,260,0
2026-08-02 12:10:51,5.8,80.4,507438.67,34.4,0.25,1.62,0.01,0.0,5.16,98,263,0
2026-08-02 12:10:57,2.4,80.4,509472.0,34.4,0.17,2.05,0.0,0.0,4.34,98,263,0
2026-08-02 12:11:03,20.3,81.2,487821.33,34.4,7.71,7.19,0.04,0.02,5.08,98,264,0
2026-08-02 12:11:09,4.4,82.7,449790.67,34.4,108.78,55.82,0.02,0.03,152.41,97,266,0
2026-08-02 12:11:15,3.6,82.6,449982.67,34.4,11.22,5.41,0.01,0.0,4.53,97,266,0
2026-08-02 12:11:21,27.2,84.5,402508.0,34.4,507.31,3.88,0.02,0.11,4.16,97,273,0
2026-08-02 12:11:27,27.8,85.2,383649.33,34.4,238.27,427.01,0.13,1.05,3.52,97,276,0
2026-08-02 12:11:33,81.1,88.7,293130.67,34.4,222.83,246.41,0.29,3.26,17.91,97,280,0
2026-08-02 12:11:39,62.1,94.9,131082.67,34.4,113.11,22.84,0.35,1.69,5.6,97,284,0
2026-08-02 12:11:45,64.1,92.5,193809.33,34.4,81.22,234.2,0.27,2.83,13.85,97,285,0
2026-08-02 12:11:51,30.8,93.0,180309.33,34.4,105.06,16.14,0.16,1.24,9.52,97,287,0
2026-08-02 12:11:57,79.3,89.7,266118.67,34.4,287.98,263.06,0.45,2.75,7.24,97,295,0
2026-08-02 12:12:03,100.0,97.2,72410.67,34.4,970.68,173.5,0.19,1.42,4.23,97,307,1
2026-08-02 12:12:09,100.0,96.0,104417.33,34.4,662.58,31.45,0.22,0.44,9.89,96,302,1
2026-08-02 12:12:16,100.0,93.6,164686.67,34.4,214.46,82.51,0.57,5.99,4.99,96,301,1
2026-08-02 12:12:22,100.0,96.7,85208.0,34.4,1267.57,198.54,1.07,11.47,10.64,96,302,1
2026-08-02 12:12:28,88.8,95.1,126772.0,34.4,350.76,221.1,1.49,24.81,28.17,96,302,1
2026-08-02 12:12:34,52.7,96.4,93960.0,34.4,448.09,185.63,1.61,22.92,10.34,95,307,1
2026-08-02 12:12:40,37.2,87.3,329256.0,34.4,478.32,269.1,0.83,13.45,5.71,95,306,0
2026-08-02 12:12:46,21.4,88.9,287176.0,34.4,123.7,88.96,0.56,8.03,5.97,95,307,0
2026-08-02 12:12:52,31.3,91.9,210156.0,34.4,180.85,165.56,0.3,3.65,30.13,95,306,0
2026-08-02 12:12:58,31.6,92.2,202872.0,34.5,818.15,401.24,0.03,0.2,13.86,95,309,0
2026-08-02 12:13:04,33.1,91.3,226154.67,34.5,525.67,139.86,0.02,0.03,63.07,95,307,0
2026-08-02 12:13:10,44.8,89.8,264497.33,34.5,680.48,77.07,0.06,0.02,3.99,95,308,0
2026-08-02 12:13:16,33.3,94.3,147369.33,34.5,296.43,123.93,0.03,0.04,3.75,95,307,0
2026-08-02 12:13:22,75.3,94.5,141777.33,34.5,497.68,163.91,0.44,4.61,3.41,94,308,0
2026-08-02 12:13:28,36.9,95.4,120553.33,34.5,1363.89,238.83,0.43,4.87,5.79,94,306,1
2026-08-02 12:13:34,22.3,76.6,607317.33,34.5,532.53,115.02,0.04,0.25,3.87,94,305,0
2026-08-02 12:13:40,4.5,74.3,667005.33,34.5,129.37,111.3,0.02,0.01,3.86,94,304,0
2026-08-02 12:13:46,1.3,75.2,643702.67,34.5,60.55,7.3,0.01,0.0,5.06,94,304,0
2026-08-02 12:13:52,7.2,75.4,637306.67,34.5,6.81,5.36,0.0,0.0,4.08,94,304,0
2026-08-02 12:13:58,1.7,77.4,585557.33,34.5,64.38,2.37,0.02,0.02,9.41,94,304,0
2026-08-02 12:14:04,1.6,78.3,562662.67,34.5,21.94,0.91,0.02,0.02,3.78,94,304,0
2026-08-02 12:14:10,21.4,80.0,519793.33,34.5,166.22,2.37,0.01,0.0,3.85,94,304,0
2026-08-02 12:14:16,1.8,80.4,507081.33,34.5,6.53,1.11,0.03,0.03,7.92,94,304,0
2026-08-02 12:14:22,11.7,80.4,507282.67,34.5,18.4,20.65,0.0,0.0,52.8,93,304,0
2026-08-02 12:14:28,1.2,83.7,423822.67,34.5,151.53,2.07,0.01,0.0,4.71,93,304,0
2026-08-02 12:14:34,8.0,84.5,402460.0,34.5,13.51,1.93,0.0,0.0,4.76,93,304,0
2026-08-02 12:14:40,4.3,84.7,398062.67,34.5,21.37,1.32,0.02,0.01,101.62,93,304,0
2026-08-02 12:14:47,1.2,81.2,487105.33,34.5,445.88,375.53,0.01,0.01,29.5,93,304,0
2026-08-02 12:14:53,0.9,81.7,473449.33,34.5,27.88,5.01,0.01,0.01,3.59,93,304,0
2026-08-02 12:14:59,1.7,83.3,433300.0,34.5,20.4,2.64,0.02,0.01,5.87,93,304,0
2026-08-02 12:15:05,9.1,86.6,347589.33,34.5,204.05,1.77,0.0,0.0,51.82,93,304,0
2026-08-02 12:15:11,1.3,86.4,351865.33,34.5,45.5,2.2,0.02,0.01,4.64,93,304,0
2026-08-02 12:15:17,25.6,85.6,374322.67,34.5,34.51,5.88,0.01,0.0,8.13,93,303,0
2026-08-02 12:15:23,5.3,85.5,376374.67,34.5,18.23,17.36,0.0,0.0,3.97,92,303,0
2026-08-02 12:15:29,1.6,87.1,334832.0,34.5,96.85,4.29,0.01,0.0,103.68,92,303,0
2026-08-02 12:15:35,3.2,87.3,329061.33,34.5,139.58,37.19,0.0,0.0,18.91,92,303,0
2026-08-02 12:15:41,0.8,87.4,326981.33,34.5,9.52,2.0,0.02,0.01,4.23,92,303,0
2026-08-02 12:15:47,0.8,87.2,330744.0,34.5,8.93,1.99,0.0,0.0,4.22,92,303,0
2026-08-02 12:15:53,3.1,84.8,393169.33,34.5,93.53,243.41,0.03,0.03,4.25,92,304,0
2026-08-02 12:15:59,11.8,85.9,366128.0,34.5,70.43,4.73,0.02,0.02,5.08,92,304,0
2026-08-02 12:16:05,7.5,87.7,317852.0,34.5,133.0,2.47,0.01,0.01,4.4,92,304,0
2026-08-02 12:16:11,3.7,87.8,316325.33,34.5,37.69,3.04,0.01,0.0,8.12,92,304,0
2026-08-02 12:16:17,5.4,87.6,320620.0,34.5,36.62,2.69,0.0,0.0,4.73,92,304,0
2026-08-02 12:16:23,11.6,88.5,299393.33,34.5,44.08,5.65,0.01,0.0,3.67,91,303,0
2026-08-02 12:16:29,4.9,87.8,315541.33,34.5,51.62,1.99,0.01,0.0,5.04,91,303,0
2026-08-02 12:16:35,10.6,86.5,349397.33,34.5,39.42,67.5,0.02,0.01,4.21,91,302,0
2026-08-02 12:16:41,7.9,87.4,328026.67,34.5,68.38,6.74,0.02,0.03,102.65,91,305,0
2026-08-02 12:16:47,3.8,87.4,326981.33,34.5,31.93,1.93,0.01,0.0,3.93,91,304,0
2026-08-02 12:16:53,10.2,87.3,328780.0,34.5,7.78,1.73,0.02,0.09,3.94,91,304,0
2026-08-02 12:16:59,2.9,85.8,367758.67,34.5,25.7,1.99,0.03,0.03,5.14,91,304,0
2026-08-02 12:17:05,1.2,86.3,355776.0,34.5,8.59,5.51,0.01,0.0,4.12,91,303,0
2026-08-02 12:17:11,13.6,86.5,350585.33,34.5,98.04,3.1,0.03,0.05,397.13,91,303,1
2026-08-02 12:17:18,12.8,85.3,381850.67,34.5,28.48,2.56,0.0,0.0,23.01,91,308,0
2026-08-02 12:17:24,6.4,84.8,393376.0,34.5,2.76,5.47,0.01,0.0,72.43,91,302,0
2026-08-02 12:17:30,1.6,84.9,392845.33,34.5,3.16,2.29,0.0,0.0,117.41,91,302,0
2026-08-02 12:17:36,2.6,84.7,397784.0,34.5,6.08,2.12,0.01,0.0,143.55,91,301,0
2026-08-02 12:17:42,3.8,84.5,403172.0,34.5,313.51,6.28,0.01,0.0,161.12,91,300,0
2026-08-02 12:17:48,1.0,84.5,402114.67,34.5,55.46,1.8,0.01,0.01,5.51,90,300,0
2026-08-02 12:17:54,0.3,84.6,400054.67,34.5,55.55,1.74,0.01,0.0,8.03,90,301,0
2026-08-02 12:18:00,8.2,84.8,393194.67,34.5,53.64,1.98,0.02,0.01,26.11,90,301,0
2026-08-02 12:18:07,8.7,84.9,390564.0,34.5,56.19,4.86,0.02,0.01,4.32,90,300,0
2026-08-02 12:18:13,1.4,84.9,390670.67,34.5,24.76,2.61,0.0,0.0,5.58,90,300,0
2026-08-02 12:18:19,5.9,85.1,385749.33,34.5,42.71,1.98,0.01,0.01,4.28,90,301,0
2026-08-02 12:18:25,3.6,85.1,386609.33,34.5,48.59,4.41,0.01,0.01,4.24,90,300,0
2026-08-02 12:18:31,0.8,84.9,390810.67,34.5,32.0,5.13,0.0,0.0,3.59,90,300,0
2026-08-02 12:18:37,2.7,85.0,389332.0,34.5,28.3,1.81,0.01,0.0,8.21,90,300,0
2026-08-02 12:18:43,7.0,86.6,348042.67,34.5,160.43,1.38,0.02,0.01,68.86,90,300,0
2026-08-02 12:18:49,3.6,85.6,372464.0,34.5,41.46,3.92,0.01,0.03,5.1,89,300,0
2026-08-02 12:18:55,0.6,85.7,371621.33,34.5,0.84,5.07,0.0,0.0,4.55,89,300,0
2026-08-02 12:19:01,1.2,85.9,366028.0,34.5,2.01,1.87,0.03,0.02,4.63,89,300,0
2026-08-02 12:19:07,2.7,86.0,364150.67,34.5,2.15,3.25,0.01,0.0,10.65,89,300,0
2026-08-02 12:19:13,5.1,87.9,314752.0,34.5,166.75,10.34,0.04,0.04,5.91,89,304,0
2026-08-02 12:19:19,6.0,87.1,333818.67,34.5,42.17,5.21,0.01,0.0,4.84,89,304,0
2026-08-02 12:19:25,8.6,87.2,330904.0,34.5,4.74,10.79,0.0,0.01,4.58,89,310,0
2026-08-02 12:19:31,6.2,87.1,334828.0,34.5,0.97,2.73,0.01,0.0,5.07,89,303,0
2026-08-02 12:19:37,4.0,85.9,365033.33,34.5,1.48,5.68,0.01,0.0,4.92,89,303,0
2026-08-02 12:19:43,3.1,85.7,370756.0,34.5,3.67,5.05,0.0,0.0,4.11,89,302,0
2026-08-02 12:19:49,7.1,85.8,367961.33,34.5,2.02,2.62,0.01,0.0,5.93,89,302,0
2026-08-02 12:19:55,0.7,84.5,402826.67,34.5,79.88,293.28,0.01,0.01,4.24,89,302,0
2026-08-02 12:20:01,4.5,84.6,398632.0,34.5,27.01,4.65,0.02,0.01,49.04,89,301,0
2026-08-02 12:20:07,0.8,84.7,397493.33,34.5,12.36,2.95,0.01,0.01,4.91,89,303,0
2026-08-02 12:20:13,9.6,84.7,395565.33,34.5,0.43,1.42,0.0,0.0,7.19,88,303,0
2026-08-02 12:20:19,4.1,85.4,377692.0,34.5,326.87,3.47,0.01,0.01,5.41,88,304,0
2026-08-02 12:20:25,1.6,85.4,377484.0,34.5,74.49,2.1,0.01,0.01,4.74,88,304,0
2026-08-02 12:20:31,4.3,85.5,376588.0,34.5,73.5,3.3,0.02,0.01,4.44,88,304,0
2026-08-02 12:20:37,2.5,85.5,375809.33,34.5,67.76,8.26,0.01,0.01,4.93,88,303,0
2026-08-02 12:20:43,0.4,85.2,382604.0,34.5,0.98,1.39,0.01,0.0,67.78,88,302,0
2026-08-02 12:20:49,4.4,84.8,393762.67,34.5,6.94,1.87,0.01,0.0,4.76,88,301,0
2026-08-02 12:20:55,6.8,85.2,384910.67,34.5,6.52,1.81,0.0,0.0,4.36,88,302,0
2026-08-02 12:21:01,5.0,85.1,387105.33,34.5,7.63,3.14,0.03,0.02,68.4,88,302,0
2026-08-02 12:21:07,2.0,85.1,386240.0,34.5,4.54,5.39,0.0,0.01,5.17,88,302,0
2026-08-02 12:21:13,5.5,85.2,383606.67,34.5,2.13,3.02,0.01,0.01,6.27,88,302,0
2026-08-02 12:21:19,5.0,85.1,387630.67,34.5,27.56,9.72,0.01,0.0,8.39,88,301,0
2026-08-02 12:21:25,2.5,85.3,381617.33,34.5,87.32,24.66,0.01,0.02,88.54,87,301,0
2026-08-02 12:21:32,5.4,85.5,375429.33,34.5,70.38,5.81,0.01,0.0,4.43,87,301,0
2026-08-02 12:21:38,6.0,85.8,367170.67,34.5,76.77,16.44,0.01,0.01,5.01,87,301,0
2026-08-02 12:21:44,2.5,86.0,364346.67,34.5,57.54,2.42,0.03,0.02,4.57,87,301,0
2026-08-02 12:21:50,6.8,85.9,365472.0,34.5,43.21,2.03,0.01,0.01,8.88,87,301,0
2026-08-02 12:21:56,1.8,85.8,368726.67,34.5,33.66,4.81,0.03,0.09,6.16,87,301,0
2026-08-02 12:22:02,2.1,85.8,367833.33,34.5,45.29,1.93,0.01,0.01,4.15,87,301,0
2026-08-02 12:22:08,2.3,86.0,363644.0,34.5,52.07,1.79,0.02,0.03,5.14,87,301,0
2026-08-02 12:22:14,17.4,82.2,460750.67,34.5,46.42,30.9,0.01,0.0,6.7,87,301,0
2026-08-02 12:22:20,10.9,82.3,459026.67,34.5,23.68,2.22,0.01,0.01,5.13,87,301,0
2026-08-02 12:22:26,4.0,82.5,455029.33,34.5,6.52,4.31,0.01,0.0,5.38,86,301,0
2026-08-02 12:22:32,1.8,82.9,442498.67,34.5,36.84,2.02,0.03,0.03,3.89,86,301,0
2026-08-02 12:22:38,6.0,83.0,440098.67,34.5,3.59,2.04,0.01,0.0,37.05,86,301,0
2026-08-02 12:22:44,5.1,82.7,448389.33,34.5,0.62,2.39,0.01,0.0,4.72,86,301,0
2026-08-02 12:22:50,2.9,83.0,441446.67,34.5,0.4,4.46,0.0,0.0,18.46,86,301,0
2026-08-02 12:22:56,0.5,83.0,442074.67,34.5,1.93,1.65,0.01,0.01,4.22,86,301,0
2026-08-02 12:23:02,9.9,83.2,435286.67,34.5,2.0,2.01,0.04,0.02,36.88,86,301,0
2026-08-02 12:23:08,6.1,83.1,437810.67,34.5,1.04,2.03,0.01,0.0,4.02,86,301,0
2026-08-02 12:23:14,5.6,83.1,437004.0,34.5,1.92,5.17,0.01,0.0,28.46,86,301,0
2026-08-02 12:23:20,3.0,83.3,433577.33,34.5,0.43,2.12,0.0,0.0,48.34,86,301,0
2026-08-02 12:23:26,4.8,83.2,435388.0,34.5,0.52,1.82,0.01,0.0,29.23,86,301,0
2026-08-02 12:23:32,1.7,83.0,440438.67,34.5,1.45,5.12,0.0,0.0,43.99,86,301,0
2026-08-02 12:23:38,0.4,83.3,433862.67,34.5,0.7,1.67,0.01,0.0,12.33,86,301,0
2026-08-02 12:23:44,7.3,83.5,426904.0,34.5,1.33,1.8,0.0,0.0,104.46,86,302,0
2026-08-02 12:23:50,0.7,83.6,425950.67,34.5,1.03,2.5,0.01,0.0,65.75,85,301,0
2026-08-02 12:23:56,5.6,83.5,428773.33,34.5,0.37,7.38,0.01,0.0,48.85,85,301,0
2026-08-02 12:24:03,3.0,83.5,426840.0,34.5,1.54,1.95,0.02,0.01,4.56,85,301,0
2026-08-02 12:24:09,3.3,83.4,429917.33,34.5,1.65,2.82,0.01,0.0,34.4,85,301,0
2026-08-02 12:24:15,0.4,83.6,425641.33,34.5,0.64,4.61,0.0,0.0,4.53,85,301,0
2026-08-02 12:24:21,1.3,83.4,430944.0,34.5,0.82,1.73,0.01,0.01,125.39,85,305,0
2026-08-02 12:24:27,15.4,84.1,412554.67,34.5,38.8,1.92,0.01,0.01,4.95,85,301,0
2026-08-02 12:24:33,2.6,84.0,414152.0,34.5,2.13,1.95,0.01,0.01,75.92,85,301,0
2026-08-02 12:24:39,4.2,83.9,417024.0,34.5,0.68,1.61,0.01,0.0,4.92,85,301,0
2026-08-02 12:24:45,1.2,83.9,417310.67,34.5,2.27,5.32,0.0,0.0,4.52,84,301,0
2026-08-02 12:24:51,0.4,84.1,412125.33,34.5,0.85,1.49,0.01,0.0,33.29,84,301,0
2026-08-02 12:24:57,3.9,84.1,411525.33,34.5,0.96,2.22,0.03,0.02,4.82,84,301,0
2026-08-02 12:25:03,4.2,84.3,406125.33,34.5,17.7,29.21,0.01,0.0,59.8,84,304,0
2026-08-02 12:25:09,6.5,84.3,408450.67,34.5,1.24,5.08,0.01,0.0,9.21,84,301,0
2026-08-02 12:25:15,9.8,84.1,411846.67,34.5,0.67,2.4,0.0,0.0,83.63,84,300,0
2026-08-02 12:25:21,2.7,84.2,410220.0,34.5,2.79,3.39,0.01,0.0,52.3,84,300,0
2026-08-02 12:25:27,17.3,84.4,404132.0,34.5,13.5,1.97,0.0,0.0,14.72,84,301,0
2026-08-02 12:25:33,3.2,84.1,411945.33,34.5,3.9,3.08,0.01,0.01,13.27,84,300,0
2026-08-02 12:25:39,17.5,84.0,415317.33,34.5,5.89,2.78,0.01,0.0,129.24,84,300,0
2026-08-02 12:25:45,1.4,84.1,411554.67,34.5,15.19,3.95,0.0,0.0,4.77,84,305,0
2026-08-02 12:25:51,14.4,84.0,415288.0,34.5,17.6,1.64,0.01,0.0,5.1,84,300,0
2026-08-02 12:25:57,2.2,84.1,412521.33,34.5,2.25,2.01,0.01,0.01,5.05,84,300,0
2026-08-02 12:26:04,3.6,84.3,408345.33,34.5,29.87,1.92,0.02,0.01,54.26,84,300,0
2026-08-02 12:26:10,0.3,84.4,405280.0,34.5,45.21,5.79,0.01,0.01,4.99,84,300,0
2026-08-02 12:26:16,1.8,84.2,409785.33,34.5,43.42,1.19,0.01,0.0,103.29,83,300,0
2026-08-02 12:26:22,0.9,84.4,405668.0,34.5,36.12,4.27,0.01,0.0,4.42,83,300,0
2026-08-02 12:26:28,0.6,84.2,408694.67,34.5,25.87,2.02,0.01,0.01,11.42,83,303,0
2026-08-02 12:26:34,14.4,84.3,406878.67,34.5,9.55,1.72,0.01,0.01,40.11,83,300,0
2026-08-02 12:26:40,0.5,84.2,410776.0,34.5,0.58,5.8,0.01,0.0,4.64,83,300,0
2026-08-02 12:26:46,7.5,84.1,413473.33,34.5,8.34,1.94,0.01,0.0,4.23,83,300,0
2026-08-02 12:26:52,0.8,84.1,412025.33,34.5,0.31,1.46,0.01,0.07,32.79,83,300,0
2026-08-02 12:26:58,7.3,84.3,408306.67,34.5,2.12,2.39,0.04,0.04,5.13,83,300,0
2026-08-02 12:27:04,2.2,84.3,407424.0,34.5,27.89,4.49,0.01,0.0,4.41,83,300,0
2026-08-02 12:27:10,1.6,84.3,408338.67,34.5,15.95,2.0,0.0,0.0,5.91,83,300,0
2026-08-02 12:27:16,4.9,84.2,408505.33,34.5,24.18,1.91,0.01,0.0,42.75,83,300,0
2026-08-02 12:27:22,2.2,84.7,396105.33,34.5,16.0,1.32,0.0,0.0,76.8,82,306,0
2026-08-02 12:27:28,2.1,84.5,400764.0,34.5,37.89,5.0,0.01,0.0,438.82,82,304,1
2026-08-02 12:27:35,4.1,84.4,404505.33,34.5,41.36,1.95,0.01,0.0,20.67,82,300,0
2026-08-02 12:27:41,0.3,84.4,405582.67,34.5,24.49,2.88,0.0,0.0,25.25,82,300,0
2026-08-02 12:27:47,4.6,84.3,408092.0,34.5,29.77,2.07,0.01,0.0,69.38,82,299,0
2026-08-02 12:27:53,7.8,84.1,411978.67,34.5,12.79,4.36,0.0,0.0,277.3,82,298,0
2026-08-02 12:27:59,7.2,84.1,412349.33,34.5,11.18,1.84,0.01,0.0,81.14,82,298,0
2026-08-02 12:28:05,7.3,84.2,409973.33,34.5,7.79,1.55,0.01,0.01,5.72,82,298,0
2026-08-02 12:28:11,0.4,84.3,408101.33,34.5,25.38,1.89,0.01,0.0,31.87,82,298,0
2026-08-02 12:28:17,4.2,84.1,412326.67,34.5,20.88,2.05,0.01,0.0,136.95,82,298,0
2026-08-02 12:28:23,0.4,83.9,418221.33,34.5,2.2,4.56,0.01,0.0,1648.28,82,298,1
2026-08-02 12:28:31,1.6,83.9,416928.0,34.5,7.29,3.17,0.01,0.01,108.44,81,298,0
2026-08-02 12:28:37,7.9,84.7,397217.33,34.5,1.71,2.96,0.01,0.01,5.82,81,298,0
2026-08-02 12:28:43,1.8,85.8,369150.67,34.5,99.3,4.79,0.01,0.0,5.44,81,298,0
2026-08-02 12:28:49,1.4,84.8,395073.33,34.5,0.53,7.94,0.0,0.0,4.11,81,298,0
2026-08-02 12:28:55,1.3,85.0,390169.33,34.5,0.34,1.9,0.01,0.0,4.5,81,298,0
2026-08-02 12:29:01,1.6,85.0,390242.67,34.5,0.84,1.78,0.03,0.01,5.45,81,303,0
2026-08-02 12:29:07,7.4,84.9,391670.67,34.5,5.88,5.74,0.01,0.0,10.46,81,298,0
2026-08-02 12:29:13,3.0,85.0,390201.33,34.5,0.43,1.98,0.01,0.0,5.4,81,298,0
2026-08-02 12:29:19,0.7,85.0,388812.0,34.5,0.6,2.2,0.0,0.0,4.3,81,298,0
2026-08-02 12:29:25,4.9,85.1,386310.67,34.5,0.47,1.44,0.01,0.01,106.25,81,298,0
2026-08-02 12:29:31,2.5,85.0,389286.67,34.5,0.52,5.74,0.0,0.0,43.79,81,298,0
2026-08-02 12:29:38,0.5,85.3,380145.33,34.5,0.9,3.14,0.01,0.0,4.71,81,298,0
2026-08-02 12:29:44,1.0,85.1,385734.67,34.5,0.54,1.52,0.01,0.0,5.17,81,298,0
2026-08-02 12:29:50,6.3,85.2,382912.0,34.5,0.14,1.18,0.0,0.0,36.11,81,298,0
2026-08-02 12:29:56,3.4,85.3,381308.0,34.5,0.9,4.69,0.01,0.01,4.72,81,298,0
2026-08-02 12:30:02,0.3,85.2,382661.33,34.5,2.14,2.11,0.01,0.0,19.17,80,297,0
2026-08-02 12:30:08,6.8,85.3,382069.33,34.5,6.32,1.43,0.01,0.0,4.24,80,297,0
2026-08-02 12:30:14,4.9,85.3,380845.33,34.5,0.41,5.51,0.01,0.0,4.18,80,297,0
2026-08-02 12:30:20,2.6,85.4,379566.67,34.5,11.95,2.11,0.0,0.0,4.15,80,297,0
2026-08-02 12:30:26,0.4,85.1,385141.33,34.5,21.21,3.9,0.01,0.0,25.5,80,297,0
2026-08-02 12:30:32,7.5,85.4,379752.0,34.5,5.11,2.23,0.01,0.01,5.54,80,297,0
2026-08-02 12:30:38,3.7,85.4,378893.33,34.5,27.35,4.76,0.01,0.01,5.43,80,297,0
2026-08-02 12:30:44,6.6,85.2,384584.0,34.5,18.15,2.4,0.0,0.0,4.14,80,297,0
2026-08-02 12:30:50,3.4,85.2,382656.0,34.5,0.86,4.84,0.01,0.0,17.63,80,297,0
2026-08-02 12:30:56,5.9,85.4,379268.0,34.5,34.91,3.0,0.01,0.0,11.47,80,297,0
2026-08-02 12:31:02,3.5,85.5,374990.67,34.5,66.42,2.32,0.03,0.01,4.79,80,298,0
2026-08-02 12:31:08,0.3,85.3,380876.0,34.5,23.07,6.05,0.01,0.01,47.15,80,297,0
2026-08-02 12:31:14,9.0,85.2,382589.33,34.5,17.37,1.63,0.0,0.0,7.22,80,297,0
2026-08-02 12:31:20,4.3,85.3,381125.33,34.5,11.07,2.56,0.01,0.0,23.57,79,297,0
2026-08-02 12:31:26,0.5,85.3,380841.33,34.5,24.79,1.62,0.01,0.0,4.26,79,297,0
2026-08-02 12:31:32,5.0,85.4,379902.67,34.5,28.29,6.44,0.0,0.0,4.24,79,297,0
2026-08-02 12:31:38,2.2,85.4,379265.33,34.5,40.5,2.12,0.01,0.01,4.89,79,297,0
2026-08-02 12:31:44,0.5,85.3,381288.0,34.5,37.8,1.93,0.02,0.02,3.58,79,297,0
2026-08-02 12:31:50,2.6,85.3,380784.0,34.5,22.8,2.91,0.01,0.0,4.67,79,297,0
2026-08-02 12:31:56,14.5,85.6,374654.67,34.5,35.53,4.65,0.02,0.09,19.54,79,297,0
2026-08-02 12:32:02,0.3,84.1,411862.67,34.5,40.88,30.11,0.02,0.0,4.69,79,297,0
2026-08-02 12:32:08,3.5,84.3,407717.33,34.5,0.35,1.96,0.01,0.0,4.64,79,297,0
2026-08-02 12:32:14,8.1,84.4,404768.0,34.5,0.26,1.99,0.0,0.0,5.03,79,297,0
2026-08-02 12:32:20,20.6,85.2,382586.67,34.5,74.54,4.62,0.01,0.07,262.46,79,297,0
2026-08-02 12:32:27,1.4,84.7,397592.0,34.5,216.17,240.39,0.06,0.4,4.55,78,298,0
2026-08-02 12:32:33,6.9,84.8,394500.0,34.5,3.38,3.04,0.01,0.01,4.65,78,304,0
2026-08-02 12:32:39,9.3,85.0,389170.67,34.5,0.74,2.87,0.01,0.01,3.4,78,298,0
2026-08-02 12:32:45,5.0,85.1,387010.67,34.5,14.51,4.64,0.01,0.02,36.45,78,298,0
2026-08-02 12:32:51,31.5,85.6,372269.33,34.5,6.13,1.63,0.01,0.0,3.99,78,298,0
2026-08-02 12:32:57,26.6,87.3,330554.67,34.5,64.07,2.32,0.02,0.01,5.5,78,298,0
2026-08-02 12:33:03,1.7,86.7,346065.33,34.5,50.06,36.64,0.01,0.01,126.28,78,298,0
2026-08-02 12:33:09,8.8,84.1,411248.0,34.5,0.67,2.77,0.0,0.0,4.52,78,298,0
2026-08-02 12:33:15,8.0,84.4,404508.0,34.5,6.17,1.73,0.01,0.0,4.13,78,304,0
2026-08-02 12:33:21,10.1,84.5,402610.67,34.5,2.34,2.5,0.0,0.0,6.08,77,298,0
2026-08-02 12:33:27,9.0,84.9,391161.33,34.5,24.2,6.8,0.01,0.03,4.37,77,298,0
2026-08-02 12:33:33,12.9,85.2,385021.33,34.5,2.86,3.35,0.01,0.01,3.96,77,298,0
2026-08-02 12:33:39,20.2,86.7,344604.0,34.5,135.5,6.11,0.01,0.0,4.47,77,299,0
2026-08-02 12:33:45,3.1,87.1,335784.0,34.5,82.08,2.04,0.01,0.0,5.9,77,299,0
2026-08-02 12:33:51,2.2,86.8,343549.33,34.5,6.08,4.23,0.0,0.0,82.48,77,299,0
2026-08-02 12:33:57,13.4,87.3,328658.67,34.5,1.41,1.82,0.02,0.01,4.38,77,299,0
2026-08-02 12:34:03,5.1,86.5,350060.0,34.5,37.36,4.88,0.01,0.0,5.08,77,299,0
2026-08-02 12:34:09,7.3,86.5,349476.0,34.5,5.65,2.17,0.01,0.01,6.21,77,299,0
2026-08-02 12:34:15,1.3,86.7,345766.67,34.5,0.53,1.55,0.01,0.0,43.44,77,299,0
2026-08-02 12:34:21,8.3,86.6,348240.0,34.5,0.83,2.92,0.0,0.0,4.06,76,299,0
2026-08-02 12:34:27,15.2,87.1,333390.67,34.5,28.76,5.14,0.01,0.0,40.05,76,304,0
2026-08-02 12:34:33,11.6,85.1,387226.67,34.5,648.85,63.55,0.01,0.0,4.49,76,304,0
2026-08-02 12:34:39,17.2,85.2,382946.67,34.5,648.52,24.43,0.02,0.01,6.65,76,310,0
2026-08-02 12:34:45,25.7,87.8,316198.67,34.5,209.42,5.3,0.01,0.01,6.25,76,304,0
2026-08-02 12:34:51,2.1,86.2,358502.67,34.5,20.14,121.79,0.0,0.0,4.56,76,304,0
2026-08-02 12:34:57,12.7,89.2,279672.0,34.5,184.42,4.39,0.03,0.01,14.1,76,304,0
2026-08-02 12:35:03,2.0,89.1,282342.67,34.5,31.85,2.35,0.0,0.0,4.19,76,303,0
2026-08-02 12:35:09,1.0,89.1,282392.0,34.5,20.58,3.51,0.01,0.01,30.81,76,303,0
2026-08-02 12:35:16,2.2,89.1,283745.33,34.5,34.07,6.35,0.01,0.01,4.13,76,303,0
2026-08-02 12:35:22,7.6,89.2,280341.33,34.5,31.37,1.6,0.0,0.0,6.16,75,303,0
2026-08-02 12:35:28,11.0,89.2,279629.33,34.5,44.51,2.25,0.01,0.0,5.14,75,303,0
2026-08-02 12:35:34,6.9,89.5,271529.33,34.5,19.62,2.34,0.0,0.0,4.07,75,303,0
2026-08-02 12:35:40,2.6,87.9,313645.33,34.5,24.5,66.59,0.01,0.0,4.21,75,302,0
2026-08-02 12:35:46,10.2,87.6,321086.67,34.5,551.0,9.5,0.01,0.01,4.21,75,303,0
2026-08-02 12:35:52,4.0,87.7,318956.0,34.5,35.92,2.07,0.01,0.0,57.39,75,303,0
2026-08-02 12:35:58,3.2,87.9,314621.33,34.5,3.34,4.85,0.01,0.0,6.57,75,303,0
2026-08-02 12:36:04,2.6,87.8,316504.0,34.5,3.88,2.71,0.01,0.01,3.87,75,303,0
2026-08-02 12:36:10,6.8,87.8,317564.0,34.5,3.06,4.48,0.01,0.0,3.79,75,302,0
2026-08-02 12:36:16,8.5,87.0,337894.67,34.5,1.04,4.61,0.0,0.0,6.16,75,301,0
2026-08-02 12:36:22,4.3,87.1,334926.67,34.5,3.31,2.04,0.01,0.01,3.97,75,301,0
2026-08-02 12:36:28,4.8,87.2,331350.67,34.5,5.19,2.83,0.0,0.0,5.29,75,301,0
2026-08-02 12:36:34,6.8,87.3,330557.33,34.5,10.02,5.72,0.02,0.02,4.7,74,301,0
2026-08-02 12:36:40,5.5,87.2,333044.0,34.5,1.84,1.9,0.02,0.01,4.26,74,301,0
2026-08-02 12:36:46,0.9,87.2,331061.33,34.5,0.88,1.75,0.0,0.0,82.85,74,301,0
2026-08-02 12:36:52,10.8,87.2,331324.0,34.5,4.12,1.88,0.01,0.0,4.53,74,301,0
2026-08-02 12:36:58,4.0,87.3,328949.33,34.5,5.09,3.9,0.04,0.09,3.71,74,301,0
2026-08-02 12:37:04,8.1,87.6,322637.33,34.5,0.72,2.4,0.01,0.0,4.14,74,301,0
2026-08-02 12:37:10,0.9,87.3,328909.33,34.5,1.62,1.72,0.01,0.0,4.74,74,301,0
2026-08-02 12:37:16,2.9,87.4,327168.0,34.5,0.61,1.76,0.0,0.0,3.73,74,301,0
2026-08-02 12:37:22,4.7,87.6,321109.33,34.5,10.44,5.46,0.01,0.0,5.1,74,302,0
2026-08-02 12:37:28,0.9,87.5,324869.33,34.5,7.39,3.14,0.01,0.02,5.45,74,302,0
2026-08-02 12:37:34,12.3,87.7,319876.0,34.5,2.47,2.04,0.01,0.0,3.68,74,302,0
2026-08-02 12:37:40,2.0,87.5,323553.33,34.5,1.2,1.18,0.0,0.0,4.31,74,302,0
2026-08-02 12:37:46,7.9,87.0,337485.33,34.5,68.92,42.95,0.01,0.03,4.66,74,304,0
2026-08-02 12:37:52,2.9,87.0,336801.33,34.5,26.97,1.9,0.01,0.0,29.61,74,304,0
2026-08-02 12:37:58,4.3,87.0,336457.33,34.5,2.79,2.11,0.01,0.0,4.25,73,304,0
2026-08-02 12:38:04,5.3,87.1,333429.33,34.5,3.2,2.49,0.01,0.01,4.23,73,304,0
2026-08-02 12:38:10,1.0,87.1,334216.0,34.5,1.37,5.17,0.0,0.0,9.57,73,304,0
2026-08-02 12:38:16,7.5,87.2,332586.67,34.5,1.31,2.61,0.01,0.0,56.86,73,304,0
2026-08-02 12:38:22,3.6,87.3,329745.33,34.5,1.96,2.29,0.01,0.0,4.13,73,304,0
2026-08-02 12:38:28,6.7,86.8,341493.33,34.5,5.25,2.3,0.0,0.0,4.1,73,303,0
2026-08-02 12:38:34,6.9,86.8,342644.0,34.5,4.06,5.0,0.01,0.0,4.21,73,303,0
2026-08-02 12:38:41,0.8,88.2,306096.0,34.5,51.16,1.31,0.01,0.01,4.35,73,303,0
2026-08-02 12:38:47,2.7,87.1,335326.67,34.5,28.73,3.44,0.01,0.0,5.11,73,301,0
2026-08-02 12:38:53,1.5,86.8,341353.33,34.5,0.95,1.78,0.0,0.0,6.81,73,301,0
2026-08-02 12:38:59,4.1,87.0,336374.67,34.5,2.81,4.96,0.03,0.01,5.24,73,307,0
2026-08-02 12:39:05,8.3,87.0,338422.67,34.5,21.87,1.66,0.01,0.0,24.08,73,302,0
2026-08-02 12:39:11,4.2,87.3,330368.0,34.5,17.03,2.21,0.01,0.0,,72,307,0
2026-08-02 12:39:21,6.3,87.1,333633.33,34.5,1.75,2.25,0.01,0.0,23.14,72,301,0
2026-08-02 12:39:27,2.5,87.4,327984.0,34.5,2.37,5.21,0.02,0.01,8.12,72,301,0
2026-08-02 12:39:33,6.7,87.3,330196.0,34.5,1.29,1.47,0.0,0.0,15.48,72,301,0
2026-08-02 12:39:39,2.1,87.4,327482.67,34.5,0.43,1.62,0.01,0.0,4.41,72,301,0
2026-08-02 12:39:45,1.7,87.4,327853.33,34.5,17.04,1.71,0.02,0.03,6.12,72,301,0
2026-08-02 12:39:51,3.4,87.3,330521.33,34.5,0.77,6.34,0.01,0.0,4.14,72,301,0
2026-08-02 12:39:57,12.7,87.8,317550.67,34.5,29.06,2.16,0.02,0.02,3.46,72,310,0
2026-08-02 12:40:03,10.3,87.9,312870.67,34.5,68.67,2.32,0.01,0.02,38.93,72,303,0
2026-08-02 12:40:09,2.1,88.0,310322.67,34.5,38.33,2.04,0.01,0.0,3.66,72,303,0
2026-08-02 12:40:15,3.6,87.8,315376.0,34.5,22.33,5.81,0.0,0.01,5.78,71,303,0
2026-08-02 12:40:21,1.3,87.9,314444.0,34.5,32.21,1.9,0.01,0.0,4.7,71,303,0
2026-08-02 12:40:27,3.8,87.9,313193.33,34.5,39.37,5.61,0.01,0.0,4.24,71,303,0
2026-08-02 12:40:33,2.3,87.7,320049.33,34.5,27.79,2.2,0.01,0.0,12.36,71,302,0
2026-08-02 12:40:39,9.4,87.6,321264.0,34.5,8.0,3.62,0.01,0.01,5.19,71,300,0
2026-08-02 12:40:45,9.6,87.7,317734.67,34.5,8.73,3.38,0.0,0.0,4.01,71,300,0
2026-08-02 12:40:51,2.6,87.7,317972.0,34.5,0.84,4.65,0.01,0.0,6.24,71,300,0
2026-08-02 12:40:57,10.5,87.8,315761.33,34.5,10.8,2.79,0.03,0.01,31.87,71,300,0
2026-08-02 12:41:03,2.3,87.9,315069.33,34.5,27.71,2.36,0.01,0.0,3.45,71,300,0
2026-08-02 12:41:09,1.8,87.9,313805.33,34.5,43.53,4.94,0.01,0.01,9.31,71,300,0
2026-08-02 12:41:15,7.5,88.0,312126.67,34.5,34.17,1.93,0.0,0.0,4.47,71,300,0
2026-08-02 12:41:21,9.4,87.9,313190.67,34.5,46.94,2.0,0.01,0.0,,70,300,0
2026-08-02 12:41:31,2.6,86.9,340682.67,34.5,96.11,98.17,0.03,0.02,,70,300,0
2026-08-02 12:41:41,1.6,87.1,335028.0,34.5,86.2,4.83,0.03,0.03,10.82,70,300,0
2026-08-02 12:41:47,1.6,87.0,336414.67,34.5,51.61,5.95,0.01,0.01,46.56,70,300,0
2026-08-02 12:41:53,9.3,87.0,336608.0,34.5,13.98,2.27,0.01,0.0,10.18,70,306,0
2026-08-02 12:41:59,17.6,87.2,330966.67,34.5,48.02,2.31,0.04,0.11,3.66,70,300,0
2026-08-02 12:42:05,0.9,87.1,334153.33,34.5,59.46,7.75,0.01,0.0,4.53,70,300,0
2026-08-02 12:42:11,5.1,87.0,338005.33,34.5,14.51,2.26,0.02,0.01,4.32,69,300,0
2026-08-02 12:42:17,5.6,84.3,408392.0,34.5,27.12,2.02,0.0,0.0,7.32,69,300,0
2026-08-02 12:42:23,1.6,84.5,403172.0,34.5,29.18,7.07,0.01,0.01,5.0,69,300,0
2026-08-02 12:42:30,5.7,84.6,399544.0,34.5,49.2,25.08,0.03,0.03,4.27,69,300,0
2026-08-02 12:42:36,3.1,84.6,398980.0,34.5,1.1,2.04,0.01,0.0,95.63,69,306,0
2026-08-02 12:42:42,8.9,84.6,398856.0,34.5,0.85,2.51,0.01,0.01,4.16,69,300,0
2026-08-02 12:42:48,1.6,84.7,395889.33,34.5,0.44,2.06,0.01,0.0,,69,306,0
2026-08-02 12:42:58,9.9,84.7,397545.33,34.5,6.46,4.58,0.06,0.01,,69,300,0
2026-08-02 12:43:08,5.9,85.0,389920.0,34.5,4.25,2.29,0.03,0.01,22.75,69,300,0
2026-08-02 12:43:14,6.6,84.9,390501.33,34.5,2.66,2.08,0.03,0.02,26.79,69,300,0
2026-08-02 12:43:20,3.7,85.2,383902.67,34.5,0.86,1.86,0.0,0.0,24.01,69,300,0
2026-08-02 12:43:26,9.3,85.1,387016.0,34.5,1.11,4.83,0.0,0.0,,69,300,0
2026-08-02 12:43:36,3.2,85.3,380710.67,34.5,2.49,3.41,0.01,0.01,14.01,69,300,0
2026-08-02 12:43:42,3.6,85.3,380172.0,34.5,0.49,2.98,0.01,0.0,3.56,69,300,0
2026-08-02 12:43:48,0.8,85.7,371992.0,34.5,1.6,6.03,0.0,0.0,5.29,68,301,0
2026-08-02 12:43:54,1.8,85.3,381074.67,34.5,0.77,1.89,0.01,0.0,16.77,68,300,0
2026-08-02 12:44:00,3.9,85.4,378044.0,34.5,1.66,2.41,0.01,0.01,8.78,68,300,0
2026-08-02 12:44:06,6.4,85.5,374804.0,34.5,0.41,2.51,0.01,0.01,15.58,68,300,0
2026-08-02 12:44:12,2.6,85.4,377801.33,34.5,0.47,4.89,0.0,0.0,20.0,68,300,0
2026-08-02 12:44:18,1.0,85.4,379121.33,34.5,0.97,1.98,0.01,0.0,4.77,68,300,0
2026-08-02 12:44:24,4.5,85.5,375066.67,34.5,0.3,1.88,0.01,0.0,39.49,68,300,0
2026-08-02 12:44:30,6.5,85.5,375685.33,34.5,8.54,5.75,0.0,0.0,5.08,68,300,0
2026-08-02 12:44:36,7.1,85.5,375008.0,34.5,0.59,2.93,0.01,0.0,4.19,68,300,0
2026-08-02 12:44:42,6.7,85.5,376578.67,34.5,1.25,1.63,0.01,0.01,5.33,68,300,0
2026-08-02 12:44:48,6.3,85.5,374802.67,34.5,0.92,4.81,0.01,0.0,82.3,67,300,0
2026-08-02 12:44:54,5.7,85.4,379404.0,34.5,0.41,2.06,0.01,0.0,4.27,67,300,0
2026-08-02 12:45:00,3.2,85.5,376564.0,34.5,1.37,1.17,0.03,0.01,4.32,67,300,0
2026-08-02 12:45:06,0.9,85.4,378545.33,34.5,0.38,2.25,0.01,0.0,4.41,67,300,0
2026-08-02 12:45:12,1.2,85.5,377276.0,34.5,0.54,2.12,0.0,0.0,4.65,67,300,0
2026-08-02 12:45:18,7.3,85.5,376030.67,34.5,0.64,4.77,0.01,0.0,5.15,67,300,0
2026-08-02 12:45:24,3.8,85.6,372945.33,34.5,2.13,2.88,0.0,0.01,4.48,67,300,0
2026-08-02 12:45:30,7.4,85.3,381740.0,34.5,1.4,5.09,0.01,0.0,4.01,67,300,0
2026-08-02 12:45:36,4.0,85.4,378794.67,34.5,0.38,2.27,0.01,0.0,4.0,67,300,0
2026-08-02 12:45:42,7.7,85.5,375156.0,34.5,1.18,2.16,0.0,0.0,4.29,67,300,0
2026-08-02 12:45:49,3.2,85.6,374585.33,34.5,20.19,1.84,0.01,0.0,80.05,67,301,0
2026-08-02 12:45:55,3.9,85.3,380197.33,34.5,39.85,5.1,0.0,0.0,24.42,67,300,0
2026-08-02 12:46:01,1.3,85.5,377136.0,34.5,2.89,1.79,0.02,0.01,71.52,67,300,0
2026-08-02 12:46:07,4.7,85.5,377206.67,34.5,4.55,2.11,0.01,0.01,4.81,66,300,0
2026-08-02 12:46:13,6.7,85.6,374161.33,34.5,13.21,2.14,0.01,0.0,3.57,66,300,0
2026-08-02 12:46:19,7.3,85.7,371514.67,34.5,9.32,5.44,0.01,0.01,38.72,66,300,0
2026-08-02 12:46:25,11.1,85.7,369564.0,34.5,15.87,1.24,0.01,0.0,72.73,66,303,0
2026-08-02 12:46:31,6.2,85.8,368769.33,34.5,28.13,3.12,0.01,0.01,4.15,66,302,0
2026-08-02 12:46:37,1.6,86.0,363056.0,34.5,64.2,2.25,0.0,0.0,4.7,66,303,0
2026-08-02 12:46:43,2.1,85.8,368062.67,34.5,42.12,5.36,0.01,0.01,33.1,66,302,0
2026-08-02 12:46:49,1.3,85.8,368602.67,34.5,0.24,3.4,0.0,0.0,23.79,66,302,0
2026-08-02 12:46:55,10.4,85.7,370441.33,34.5,7.28,1.89,0.02,0.08,27.92,66,301,0
2026-08-02 12:47:01,9.4,85.2,384444.0,34.5,37.85,2.52,0.04,0.03,4.1,66,301,0
2026-08-02 12:47:07,2.1,84.5,403226.67,34.5,29.07,6.85,0.01,0.01,,66,300,0
2026-08-02 12:47:17,1.9,84.8,394712.0,34.5,1.97,3.87,0.01,0.0,64.4,65,300,0
2026-08-02 12:47:23,3.7,84.7,396945.33,34.5,0.43,1.84,0.0,0.0,24.98,65,300,0
2026-08-02 12:47:29,4.6,84.6,399814.67,34.5,0.99,5.43,0.01,0.0,23.14,65,300,0
2026-08-02 12:47:35,3.3,84.5,401146.67,34.5,1.37,2.37,0.01,0.01,22.74,65,300,0
2026-08-02 12:47:41,2.3,84.8,394336.0,34.5,1.01,1.79,0.01,0.0,13.65,65,300,0
2026-08-02 12:47:47,2.8,84.7,396334.67,34.5,1.58,2.01,0.02,0.01,23.41,65,306,0
2026-08-02 12:47:53,7.1,84.7,397752.0,34.5,0.42,4.75,0.01,0.0,23.11,65,300,0
2026-08-02 12:47:59,8.2,84.7,396178.67,34.5,1.16,3.1,0.02,0.01,22.79,65,300,0
2026-08-02 12:48:06,1.6,84.7,396938.67,34.5,0.35,2.29,0.0,0.0,23.56,65,300,0
2026-08-02 12:48:12,0.8,84.9,390712.0,34.5,0.71,2.31,0.01,0.0,23.2,65,300,0
2026-08-02 12:48:18,9.2,84.8,392930.67,34.5,4.39,6.04,0.02,0.01,28.56,65,300,0
2026-08-02 12:48:24,1.3,84.9,391058.67,34.5,0.53,2.2,0.01,0.0,23.76,64,300,0
2026-08-02 12:48:30,1.0,84.8,393653.33,34.5,0.39,1.93,0.0,0.0,5.29,64,304,0
2026-08-02 12:48:36,9.3,85.0,388860.0,34.5,2.01,4.51,0.01,0.0,4.44,64,300,0
2026-08-02 12:48:42,2.7,85.9,365469.33,34.5,1.54,5.36,0.01,0.0,16.5,64,300,0
2026-08-02 12:48:48,1.1,84.9,391740.0,34.5,30.84,2.68,0.02,0.03,4.87,64,300,0
2026-08-02 12:48:54,11.8,85.0,388621.33,34.5,1.3,2.6,0.01,0.0,3.87,64,300,0
2026-08-02 12:49:00,1.7,85.1,386538.67,34.5,4.52,5.13,0.06,0.05,4.5,64,300,0
2026-08-02 12:49:06,1.8,85.4,379690.67,34.5,0.37,2.1,0.01,0.0,6.28,64,300,0
2026-08-02 12:49:12,4.5,85.4,378609.33,34.5,0.85,2.25,0.0,0.0,4.42,64,300,0
2026-08-02 12:49:18,11.9,85.4,377641.33,34.5,26.16,31.04,0.01,0.0,5.15,64,300,0
2026-08-02 12:49:24,2.0,84.8,393696.0,34.5,2.95,5.85,0.01,0.0,4.5,63,300,0
2026-08-02 12:49:30,0.9,85.0,388378.67,34.5,0.36,1.87,0.01,0.01,8.22,63,300,0
2026-08-02 12:49:36,7.1,85.1,386425.33,34.5,1.73,1.51,0.01,0.0,7.27,63,300,0
2026-08-02 12:49:42,1.6,85.3,380452.0,34.5,0.93,1.88,0.0,0.0,3.72,63,300,0
2026-08-02 12:49:48,2.5,85.4,379872.0,34.5,0.21,1.8,0.01,0.0,3.42,63,300,0
2026-08-02 12:49:54,4.7,85.1,385833.33,34.5,0.22,6.14,0.01,0.0,,63,300,0
2026-08-02 12:50:04,9.2,85.4,379338.67,34.5,1.32,1.83,0.03,0.01,,63,300,0
2026-08-02 12:50:14,1.0,85.4,378404.0,34.5,0.77,2.0,0.02,0.01,4.13,63,300,0
2026-08-02 12:50:20,6.1,85.1,386486.67,34.5,0.38,1.31,0.01,0.0,4.43,63,300,0
2026-08-02 12:50:26,6.5,85.2,383106.67,34.5,0.64,5.08,0.0,0.0,3.96,62,306,0
2026-08-02 12:50:32,10.0,85.0,390136.0,34.5,0.67,3.33,0.01,0.0,23.31,62,300,0
2026-08-02 12:50:38,3.1,85.1,387145.33,34.5,0.33,1.99,0.01,0.0,,62,300,0
2026-08-02 12:50:48,9.7,85.0,388973.33,34.5,2.14,2.55,0.03,0.02,23.37,62,300,0
2026-08-02 12:50:54,2.1,85.0,388968.0,34.5,0.47,4.6,0.01,0.0,,62,300,0
2026-08-02 12:51:04,6.8,85.4,378584.0,34.5,10.87,3.32,0.05,0.03,58.97,62,300,0
2026-08-02 12:51:10,1.4,85.3,380557.33,34.5,0.65,2.05,0.02,0.01,34.46,62,300,0
2026-08-02 12:51:16,1.3,85.3,380905.33,34.5,27.0,19.14,0.01,0.01,4.13,62,300,0
2026-08-02 12:51:22,3.4,85.5,377258.67,34.5,62.19,2.14,0.01,0.0,800.29,62,300,1
2026-08-02 12:51:29,4.2,85.5,377294.67,34.5,29.06,1.91,0.01,0.02,32.98,62,300,0
2026-08-02 12:51:35,8.8,85.4,378674.67,34.5,35.19,4.39,0.01,0.0,4.3,62,300,0
2026-08-02 12:51:41,2.1,85.5,376844.0,34.5,6.23,4.86,0.01,0.01,12.23,62,300,0
2026-08-02 12:51:47,2.5,85.5,376861.33,34.5,18.83,3.14,0.01,0.01,4.14,61,300,0
2026-08-02 12:51:53,6.7,85.4,378044.0,34.5,27.78,2.05,0.0,0.0,4.01,61,300,0
2026-08-02 12:51:59,5.2,85.4,378213.33,34.5,25.38,1.93,0.05,0.11,13.94,61,300,0
2026-08-02 12:52:05,4.1,85.6,374666.67,34.5,34.72,4.89,0.01,0.0,4.37,61,300,0
2026-08-02 12:52:11,3.8,85.6,373565.33,34.5,50.36,2.2,0.01,0.01,23.01,61,300,0
2026-08-02 12:52:17,6.3,85.5,376333.33,34.5,26.78,1.86,0.02,0.0,31.35,61,300,0
2026-08-02 12:52:24,1.7,85.6,374186.67,34.5,1.08,2.07,0.01,0.0,,61,305,0
2026-08-02 12:52:34,7.1,85.7,371894.67,34.5,10.59,5.86,0.03,0.01,24.01,61,299,0
2026-08-02 12:52:40,3.2,85.7,370982.67,34.5,44.6,1.71,0.03,0.02,53.58,61,299,0
2026-08-02 12:52:46,2.4,85.6,373152.0,34.5,38.34,1.46,0.01,0.01,31.26,60,299,0
2026-08-02 12:52:52,3.1,85.8,368534.67,34.5,42.45,1.73,0.01,0.0,,60,299,0
2026-08-02 12:53:02,1.2,85.9,364704.0,34.5,47.93,3.08,0.08,0.02,23.06,60,299,0
2026-08-02 12:53:08,0.7,85.9,366873.33,34.5,49.05,5.02,0.02,0.02,,60,299,0
2026-08-02 12:53:18,3.8,86.2,357036.0,34.5,41.69,2.5,0.02,0.02,36.34,60,299,0
2026-08-02 12:53:24,1.1,86.1,360876.0,34.5,70.9,2.05,0.04,0.05,,60,299,0
2026-08-02 12:53:34,2.2,86.2,358266.67,34.5,24.62,5.05,0.01,0.01,65.88,60,299,0
2026-08-02 12:53:40,0.8,86.1,360102.67,34.5,38.45,3.08,0.0,0.0,4.81,60,299,0
2026-08-02 12:53:46,7.8,86.1,359768.0,34.5,52.05,2.06,0.01,0.0,4.19,60,299,0
2026-08-02 12:53:52,4.3,86.1,359925.33,34.5,30.79,1.78,0.01,0.01,4.02,60,299,0
2026-08-02 12:53:58,6.4,86.2,358704.0,34.5,13.48,5.02,0.01,0.0,4.97,60,299,0
2026-08-02 12:54:04,5.6,86.1,360177.33,34.5,19.92,1.89,0.01,0.01,4.03,60,299,0
2026-08-02 12:54:10,3.0,86.1,360438.67,34.5,27.51,2.55,0.0,0.0,4.18,59,299,0
2026-08-02 12:54:16,1.4,86.2,358325.33,34.5,27.23,1.1,0.01,0.0,23.17,59,299,0
2026-08-02 12:54:22,6.6,86.1,360092.0,34.5,26.91,1.28,0.0,0.01,,59,299,0
2026-08-02 12:54:32,4.7,86.2,358785.33,34.5,4.59,8.13,0.01,0.0,5.31,59,299,0
2026-08-02 12:54:38,4.6,86.1,359362.67,34.5,37.04,2.67,0.01,0.0,,59,299,0
2026-08-02 12:54:48,0.9,86.2,357902.67,34.5,22.68,1.48,0.02,0.01,,59,299,0
2026-08-02 12:54:58,2.4,86.0,361986.67,34.5,20.12,3.09,0.04,0.01,,59,299,0
2026-08-02 12:55:08,4.6,86.1,359722.67,34.5,23.62,7.25,0.01,0.0,5.48,59,299,0
2026-08-02 12:55:14,3.0,86.4,351956.0,34.5,30.68,2.02,0.0,0.0,24.24,59,299,0
2026-08-02 12:55:20,1.7,86.3,354294.67,34.5,37.67,2.77,0.01,0.0,,58,299,0
2026-08-02 12:55:30,2.6,86.2,358554.67,34.6,42.4,8.39,0.02,0.01,,58,299,0
2026-08-02 12:55:40,2.2,86.3,355988.0,34.6,20.97,4.32,0.01,0.0,58.88,58,299,0
2026-08-02 12:55:46,10.8,86.1,359782.67,34.6,80.32,2.73,0.0,0.01,23.46,58,299,0
2026-08-02 12:55:52,1.0,86.2,358722.67,34.6,17.0,1.79,0.01,0.0,79.59,58,299,0
2026-08-02 12:55:59,9.1,86.4,352360.0,34.6,68.92,8.35,0.01,0.0,25.41,58,299,0
2026-08-02 12:56:05,6.6,86.5,350165.33,34.6,46.18,2.02,0.01,0.01,28.11,58,299,0
2026-08-02 12:56:11,1.7,86.3,354005.33,34.6,11.25,2.02,0.01,0.01,23.48,58,299,0
2026-08-02 12:56:17,9.7,86.4,352477.33,34.6,1.8,1.26,0.01,0.01,,58,299,0
2026-08-02 12:56:27,3.0,86.2,357158.67,34.6,21.11,8.73,0.02,0.01,5.12,57,300,0
2026-08-02 12:56:33,8.2,86.3,354150.67,34.6,37.08,2.27,0.02,0.01,367.74,57,301,1
2026-08-02 12:56:39,5.3,86.5,350869.33,34.6,26.58,3.38,0.01,0.0,89.0,57,301,0
2026-08-02 12:56:45,3.4,86.5,351034.67,34.6,33.98,1.12,0.01,0.0,75.97,57,301,0
2026-08-02 12:56:51,6.0,86.6,348801.33,34.6,33.68,7.63,0.01,0.01,4.17,57,301,0
2026-08-02 12:56:57,13.0,86.5,349028.0,34.6,22.57,2.0,0.03,0.1,4.25,57,301,0
2026-08-02 12:57:03,3.3,86.5,349824.0,34.6,33.51,1.97,0.0,0.0,4.8,57,301,0
2026-08-02 12:57:09,0.8,86.6,348504.0,34.6,18.36,3.09,0.01,0.0,20.88,57,301,0
2026-08-02 12:57:15,10.3,86.6,347261.33,34.6,34.01,7.41,0.01,0.0,4.31,57,301,0
2026-08-02 12:57:21,4.4,86.6,346413.33,34.6,62.59,2.75,0.01,0.01,4.24,56,301,0
2026-08-02 12:57:27,1.5,86.7,345252.0,34.6,6.48,1.52,0.01,0.0,12.6,56,301,0
2026-08-02 12:57:34,3.9,86.5,350645.33,34.6,30.73,1.9,0.0,0.0,7.04,56,300,0
2026-08-02 12:57:40,7.9,86.6,348117.33,34.6,9.7,7.63,0.01,0.0,14.33,56,300,0
2026-08-02 12:57:46,5.6,86.6,348724.0,34.6,31.59,2.36,0.01,0.0,,56,300,0
2026-08-02 12:57:56,7.3,86.4,351773.33,34.6,12.06,1.99,0.01,0.0,,56,300,0
2026-08-02 12:58:06,0.8,86.5,351016.0,34.6,30.05,15.48,0.03,0.01,,56,300,0
2026-08-02 12:58:16,2.3,86.5,350069.33,34.6,8.53,7.76,0.01,0.0,86.52,56,300,0
2026-08-02 12:58:22,5.2,86.7,345825.33,34.6,28.83,2.19,0.01,0.0,20.28,56,306,0
2026-08-02 12:58:28,7.0,86.6,347726.67,34.6,25.03,1.58,0.01,0.0,22.87,56,300,0
2026-08-02 12:58:34,3.2,86.5,350609.33,34.6,12.31,2.29,0.01,0.01,12.2,55,300,0
2026-08-02 12:58:40,1.3,86.9,340481.33,34.6,27.06,7.24,0.01,0.01,111.15,55,300,0
2026-08-02 12:58:46,6.4,86.0,363336.0,34.6,26.75,7.74,0.01,0.0,83.45,55,300,0
2026-08-02 12:58:52,4.3,86.2,357542.67,34.6,0.66,1.67,0.01,0.0,38.37,55,300,0
2026-08-02 12:58:58,1.7,86.2,357132.0,34.6,1.71,3.01,0.04,0.02,4.27,55,300,0
2026-08-02 12:59:04,22.2,86.4,352360.0,34.6,3.03,7.67,0.01,0.0,4.41,55,300,0
2026-08-02 12:59:10,3.7,86.3,354865.33,34.6,0.49,2.96,0.0,0.0,36.5,55,300,0
2026-08-02 12:59:16,6.3,86.2,358360.0,34.6,0.2,3.49,0.01,0.0,3.65,55,300,0
2026-08-02 12:59:22,0.4,86.2,356762.67,34.6,5.97,7.54,0.01,0.0,6.13,55,300,0
2026-08-02 12:59:28,2.6,86.0,361966.67,34.6,0.63,2.28,0.0,0.0,4.21,55,300,0
2026-08-02 12:59:34,2.4,86.3,354450.67,34.6,6.78,2.0,0.01,0.01,4.11,55,300,0
2026-08-02 12:59:40,4.0,86.1,359312.0,34.6,0.51,1.84,0.0,0.0,23.93,55,300,0
2026-08-02 12:59:46,7.5,86.5,351393.33,34.6,3.03,7.57,0.01,0.0,25.35,55,306,0
2026-08-02 12:59:52,6.8,86.4,353826.67,34.6,0.19,2.32,0.01,0.0,30.63,55,300,0
2026-08-02 12:59:58,3.1,86.5,350188.0,34.6,1.48,2.08,0.01,0.0,,54,299,0
2026-08-02 13:00:09,7.3,86.2,356976.0,34.6,3.25,8.0,0.03,0.02,,54,299,0
2026-08-02 13:00:19,13.6,86.5,351026.67,34.6,0.63,2.09,0.01,0.0,25.3,54,299,0
2026-08-02 13:00:25,1.4,86.5,349984.0,34.6,0.25,1.55,0.0,0.0,74.27,54,299,0
2026-08-02 13:00:31,8.7,86.4,352332.0,34.6,0.41,1.73,0.01,0.01,77.38,54,299,0
2026-08-02 13:00:37,2.0,86.2,359044.0,34.6,0.61,3.84,0.01,0.0,39.75,54,299,0
2026-08-02 13:00:43,4.7,86.0,362938.67,34.6,2.91,7.8,0.01,0.0,18.52,54,299,0
2026-08-02 13:00:49,1.7,86.4,353068.0,34.6,1.09,1.88,0.02,0.01,53.49,53,299,0
2026-08-02 13:00:55,1.1,86.2,357854.67,34.6,0.41,1.47,0.0,0.0,8.07,53,303,0
2026-08-02 13:01:01,8.3,86.4,352980.0,34.6,1.14,2.47,0.03,0.01,101.94,53,299,0
2026-08-02 13:01:07,3.4,86.4,351656.0,34.6,0.55,2.16,0.01,0.01,34.52,53,299,0
2026-08-02 13:01:13,2.9,86.5,350290.67,34.6,2.91,20.09,0.01,0.01,54.1,53,299,0
2026-08-02 13:01:19,3.7,86.5,349008.0,34.6,7.9,2.14,0.01,0.0,7.27,53,299,0
2026-08-02 13:01:25,7.5,86.4,353674.67,34.6,21.66,1.87,0.01,0.0,49.04,53,299,0
2026-08-02 13:01:31,1.3,86.5,351088.0,34.6,11.61,5.14,0.01,0.0,22.58,53,299,0
2026-08-02 13:01:37,9.0,86.7,346142.67,34.6,25.79,2.15,0.01,0.0,22.68,53,305,0
2026-08-02 13:01:43,16.3,86.5,351330.67,34.6,26.72,2.0,0.01,0.0,30.36,53,299,0
2026-08-02 13:01:49,6.3,86.7,343793.33,34.6,0.53,2.08,0.01,0.01,23.2,53,299,0
2026-08-02 13:01:55,1.6,86.6,348472.0,34.6,33.45,1.25,0.04,0.1,12.77,53,299,0
2026-08-02 13:02:01,6.0,86.8,342954.67,34.6,36.82,4.87,0.02,0.01,3.49,53,299,0
2026-08-02 13:02:08,5.2,85.4,377589.33,34.6,48.18,2.12,0.01,0.04,5.96,53,299,0
2026-08-02 13:02:14,5.4,85.9,364782.67,34.6,15.04,1.76,0.0,0.0,90.2,52,299,0
2026-08-02 13:02:20,7.9,85.9,365186.67,34.6,0.57,4.9,0.01,0.0,4.05,52,299,0
2026-08-02 13:02:26,7.4,86.2,358748.0,34.6,0.16,1.73,0.0,0.0,4.56,52,299,0
2026-08-02 13:02:32,5.1,87.3,328586.67,34.6,127.14,43.66,0.02,0.03,34.76,52,300,0
2026-08-02 13:02:38,2.8,87.7,318072.0,34.6,34.11,1.61,0.01,0.0,46.38,52,300,0
2026-08-02 13:02:44,4.9,87.6,321566.67,34.6,1.65,2.39,0.0,0.0,4.51,52,300,0
2026-08-02 13:02:50,2.3,87.5,322932.0,34.6,3.14,6.16,0.01,0.01,22.86,52,300,0
2026-08-02 13:02:56,9.1,87.6,322170.67,34.6,0.81,1.55,0.0,0.0,28.44,52,300,0
2026-08-02 13:03:02,5.0,87.7,317781.33,34.6,15.23,5.45,0.03,0.01,26.8,52,306,0
2026-08-02 13:03:08,8.4,87.4,326026.67,34.6,2.89,5.18,0.01,0.0,,52,299,0
2026-08-02 13:03:18,6.5,87.3,328360.0,34.6,3.32,1.23,0.02,0.03,,51,299,0
2026-08-02 13:03:28,7.3,87.4,326897.33,34.6,2.86,2.6,0.01,0.02,,51,299,0
2026-08-02 13:03:38,3.3,88.1,307812.0,34.6,216.8,4.36,0.06,0.14,,51,300,0
2026-08-02 13:03:48,1.8,85.5,374990.67,34.6,43.37,212.34,0.12,0.0,74.67,51,300,0
2026-08-02 13:03:54,0.5,85.3,381737.33,34.6,74.56,2.62,0.02,0.04,,51,300,0
2026-08-02 13:04:04,11.0,91.5,219720.0,34.6,77.29,1.47,0.49,0.04,122.63,51,300,0
2026-08-02 13:04:10,15.5,74.0,674098.67,34.6,133.2,261.75,0.69,0.02,1039.98,51,299,1
2026-08-02 13:04:17,2.1,74.8,652902.67,34.6,59.5,3.5,1.12,0.12,,50,304,0
2026-08-02 13:04:27,8.1,75.0,649612.0,34.6,3.08,5.43,0.33,0.0,,50,298,0
2026-08-02 13:04:37,7.0,75.2,643488.0,34.6,2.61,3.64,0.14,0.0,,50,298,0
2026-08-02 13:04:47,5.3,75.5,635316.0,34.6,57.35,1.5,0.01,0.0,36.64,50,298,0
2026-08-02 13:04:53,10.2,75.5,635529.33,34.6,1.14,1.71,0.1,0.01,24.45,50,298,0
2026-08-02 13:05:00,5.8,75.6,631856.0,34.6,7.67,4.92,0.39,0.04,12.68,50,298,0
2026-08-02 13:05:06,5.1,75.9,625893.33,34.6,19.95,2.18,1.05,0.02,30.85,50,298,0
2026-08-02 13:05:12,5.6,75.9,623864.0,34.6,21.33,7.4,0.01,0.02,49.52,50,298,0
2026-08-02 13:05:18,5.6,76.7,605489.33,34.6,65.4,3.09,0.01,0.0,5.47,50,298,0
2026-08-02 13:05:24,2.6,76.6,607484.0,34.6,0.87,2.07,0.01,0.01,52.69,49,298,0
2026-08-02 13:05:30,4.5,76.6,606494.67,34.6,1.4,5.92,0.01,0.0,5.38,49,298,0
2026-08-02 13:05:36,6.7,76.9,600104.0,34.6,1.06,1.34,0.01,0.0,92.21,49,298,0
2026-08-02 13:05:42,2.1,76.6,606694.67,34.6,4.96,1.15,0.0,0.0,,49,304,0
2026-08-02 13:05:52,7.0,76.9,600180.0,34.6,2.1,3.84,0.02,0.02,22.16,49,298,0
2026-08-02 13:05:58,11.5,75.3,640056.0,34.6,1.55,74.58,0.03,0.01,,49,298,0
2026-08-02 13:06:08,5.9,75.7,629540.0,34.6,7.63,3.85,0.01,0.01,,49,298,0
2026-08-02 13:06:18,7.7,75.8,627069.33,34.6,0.87,2.3,0.01,0.0,,48,298,0
2026-08-02 13:06:28,1.4,75.8,626970.67,34.6,1.21,4.63,0.02,0.01,,48,298,0
2026-08-02 13:06:38,6.4,76.0,622744.0,34.6,1.22,2.01,0.05,0.03,8.32,48,298,0
2026-08-02 13:06:44,16.1,78.8,550738.67,34.6,441.57,2.71,0.01,0.0,,48,301,0
2026-08-02 13:06:54,6.8,78.8,550997.33,34.6,47.68,3.76,0.04,0.02,,48,301,0
2026-08-02 13:07:04,14.0,83.9,417748.0,34.6,16.58,5.52,0.06,0.11,,48,301,0
2026-08-02 13:07:14,2.1,72.4,716745.33,34.6,33.98,30.66,0.01,0.0,39.78,48,300,0
2026-08-02 13:07:20,4.1,71.8,731389.33,34.6,1.93,4.33,0.01,0.0,22.47,48,299,0
2026-08-02 13:07:26,11.5,71.8,731029.33,34.6,4.4,4.74,0.01,0.01,47.83,48,300,0
2026-08-02 13:07:32,7.5,71.9,727957.33,34.6,2.78,2.42,0.03,0.01,4.2,48,300,0
2026-08-02 13:07:38,10.5,72.2,720782.67,34.6,0.94,1.66,0.0,0.0,67.25,48,300,0
2026-08-02 13:07:44,0.7,72.1,724160.0,34.6,3.55,5.67,0.02,0.02,24.5,47,299,0
2026-08-02 13:07:51,6.1,72.1,723678.67,34.6,0.71,1.78,0.01,0.01,4.67,47,299,0
2026-08-02 13:07:57,1.8,72.3,719618.67,34.6,10.23,1.13,0.01,0.0,,47,299,0
2026-08-02 13:08:07,0.8,72.6,710877.33,34.6,5.85,2.52,0.02,0.01,,47,299,0
2026-08-02 13:08:17,5.4,72.6,709818.67,34.6,6.01,5.64,0.01,0.02,24.36,47,299,0
2026-08-02 13:08:23,1.5,72.6,711126.67,34.6,3.31,2.68,0.0,0.04,3.89,47,299,0
2026-08-02 13:08:29,1.0,72.4,716196.0,34.6,1.79,2.56,0.01,0.0,,47,299,0
2026-08-02 13:08:39,0.8,73.5,686377.33,34.6,35.29,6.32,0.01,0.0,65.36,47,299,0
2026-08-02 13:08:45,4.6,72.7,708872.0,34.6,1.29,7.24,0.0,0.0,3.52,46,299,0
2026-08-02 13:08:51,2.1,72.8,704662.67,34.6,0.32,1.83,0.01,0.01,,46,299,0
2026-08-02 13:09:01,6.0,73.0,700433.33,34.6,3.92,3.89,0.05,0.06,23.67,46,299,0
2026-08-02 13:09:07,8.7,73.1,696805.33,34.6,0.86,5.19,0.0,0.0,41.54,46,299,0
2026-08-02 13:09:13,9.5,73.5,686702.67,34.6,1.7,1.78,0.01,0.0,21.19,46,300,0
2026-08-02 13:09:19,4.0,73.1,696534.67,34.6,3.36,2.39,0.01,0.0,,46,299,0
2026-08-02 13:09:29,7.7,73.5,687154.67,34.6,21.34,5.24,0.01,0.0,4.03,46,299,0
2026-08-02 13:09:35,3.7,73.6,684817.33,34.6,0.57,2.17,0.0,0.0,4.01,46,299,0
2026-08-02 13:09:41,0.6,73.7,682061.33,34.6,0.34,1.78,0.01,0.0,13.98,46,299,0
2026-08-02 13:09:47,2.8,73.6,685814.67,34.6,0.31,1.61,0.01,0.0,9.7,46,299,0
2026-08-02 13:09:53,2.5,73.7,683333.33,34.6,3.47,5.71,0.0,0.0,4.84,46,299,0
2026-08-02 13:09:59,8.3,74.0,675156.0,34.6,2.41,2.89,0.01,0.0,,45,299,0
2026-08-02 13:10:09,1.0,74.8,652773.33,34.6,6.34,2.25,0.02,0.01,32.34,45,299,0
2026-08-02 13:10:15,3.7,74.8,652845.33,34.6,3.14,5.54,0.0,0.0,,45,299,0
2026-08-02 13:10:25,1.7,74.8,654725.33,34.6,6.68,5.39,0.01,0.01,44.95,45,299,0
2026-08-02 13:10:31,2.8,74.8,654536.0,34.6,0.46,1.17,0.01,0.0,26.03,45,299,0
2026-08-02 13:10:37,13.4,74.9,651149.33,34.6,0.95,1.56,0.0,0.0,25.29,45,305,0
2026-08-02 13:10:43,7.5,74.8,653980.0,34.6,1.1,5.83,0.03,0.01,23.31,45,299,0
2026-08-02 13:10:49,5.6,74.7,657242.67,34.6,24.58,1.67,0.01,0.0,,45,303,0
2026-08-02 13:10:59,11.4,75.5,634177.33,34.6,28.87,7.18,0.04,0.02,,45,303,0
2026-08-02 13:11:09,8.1,75.8,628032.0,34.6,1.29,4.48,0.01,0.01,,44,303,0
2026-08-02 13:11:19,1.8,75.6,633537.33,34.6,0.58,1.5,0.01,0.01,6.8,44,303,0
2026-08-02 13:11:25,14.6,75.1,645722.67,34.6,27.25,2.25,0.01,0.02,3.66,44,303,0
2026-08-02 13:11:32,7.0,75.2,643666.67,34.6,1.91,5.76,0.01,0.01,45.84,44,301,0
2026-08-02 13:11:38,1.3,75.4,638626.67,34.6,3.28,2.07,0.01,0.0,71.39,44,301,0
2026-08-02 13:11:44,2.6,75.5,635496.0,34.6,2.51,1.2,0.01,0.01,3.47,44,301,0
2026-08-02 13:11:50,8.3,75.5,635693.33,34.6,5.57,2.07,0.01,0.0,,44,301,0
2026-08-02 13:12:00,1.8,76.3,614082.67,34.6,130.44,6.27,0.08,0.07,,44,298,0
2026-08-02 13:12:10,1.3,76.2,617308.0,34.6,4.95,2.93,0.04,0.12,,44,298,0
2026-08-02 13:12:20,10.0,76.6,605826.67,34.6,17.55,2.82,0.02,0.05,34.59,43,298,0
2026-08-02 13:12:26,2.1,76.6,607385.33,34.6,14.36,27.57,0.01,0.01,,43,299,0
2026-08-02 13:12:36,1.7,76.7,603392.0,34.6,8.73,3.11,0.02,0.03,34.88,43,300,0
2026-08-02 13:12:42,4.2,76.5,609156.0,34.6,0.46,1.79,0.01,0.0,69.9,43,299,0
2026-08-02 13:12:48,5.6,76.5,609764.0,34.6,0.66,1.54,0.0,0.0,,43,298,0
2026-08-02 13:12:58,2.1,76.6,607132.0,34.6,7.38,7.84,0.04,0.02,5.02,43,298,0
2026-08-02 13:13:04,4.7,76.9,600168.0,34.6,0.44,2.01,0.01,0.01,4.82,43,298,0
2026-08-02 13:13:10,5.2,76.7,604201.33,34.6,0.55,2.36,0.0,0.0,4.25,43,298,0
2026-08-02 13:13:16,8.8,76.8,600446.67,34.6,1.27,6.04,0.01,0.0,5.14,43,298,0
2026-08-02 13:13:22,17.1,78.1,567472.0,34.6,92.46,2.78,0.0,0.01,3.99,42,300,0
2026-08-02 13:13:28,3.9,78.7,553394.67,34.6,22.81,2.18,0.01,0.01,4.5,42,301,0
2026-08-02 13:13:34,2.6,78.2,566512.0,34.6,1.22,2.18,0.02,0.01,4.41,42,301,0
2026-08-02 13:13:40,1.7,78.0,570553.33,34.6,2.68,7.1,0.0,0.0,3.89,42,301,0
2026-08-02 13:13:46,9.9,78.2,566597.33,34.6,0.17,1.17,0.01,0.0,4.17,42,301,0
2026-08-02 13:13:52,8.6,78.0,570021.33,34.6,0.43,3.76,0.01,0.0,33.79,42,300,0
2026-08-02 13:13:58,6.8,77.3,587656.0,34.6,1.05,1.99,0.02,0.02,4.34,42,299,0
2026-08-02 13:14:04,13.5,77.4,586504.0,34.6,3.14,8.12,0.01,0.0,3.87,42,299,0
2026-08-02 13:14:10,4.9,77.4,586609.33,34.6,0.2,2.11,0.01,0.01,4.37,42,299,0
2026-08-02 13:14:16,2.9,77.2,590245.33,34.6,0.84,1.3,0.01,0.0,4.73,42,299,0
2026-08-02 13:14:22,0.9,77.4,584920.0,34.6,0.12,1.95,0.0,0.0,15.87,41,299,0
2026-08-02 13:14:28,2.7,77.9,573422.67,34.6,0.55,1.3,0.02,0.01,4.35,41,300,0
2026-08-02 13:14:34,7.8,77.9,572053.33,34.6,2.88,7.33,0.01,0.0,5.75,41,300,0
2026-08-02 13:14:40,2.1,77.9,572929.33,34.6,0.92,3.74,0.0,0.0,4.19,41,300,0
2026-08-02 13:14:46,10.5,78.0,569660.0,34.6,1.85,2.39,0.02,0.01,124.94,41,300,0
2026-08-02 13:14:53,2.0,77.9,574341.33,34.6,20.0,26.79,0.0,0.0,4.58,41,300,0
2026-08-02 13:14:59,4.8,77.4,585134.67,34.6,1.87,4.7,0.03,0.02,3.64,41,299,0
2026-08-02 13:15:05,3.1,77.5,583368.0,34.6,0.03,1.8,0.01,0.01,61.77,41,299,0
2026-08-02 13:15:11,1.0,77.4,585974.67,34.6,1.93,1.75,0.01,0.01,4.53,41,299,0
2026-08-02 13:15:17,5.6,77.5,583890.67,34.6,0.56,6.46,0.01,0.0,4.75,41,299,0
2026-08-02 13:15:23,2.7,77.4,585366.67,34.6,0.29,2.49,0.0,0.0,62.11,41,299,0
2026-08-02 13:15:29,11.4,77.3,587709.33,34.6,0.23,1.26,0.01,0.0,3.78,41,299,0
2026-08-02 13:15:35,1.2,77.4,587333.33,34.6,0.48,5.86,0.0,0.0,3.93,41,299,0
2026-08-02 13:15:41,1.6,77.3,588584.0,34.6,0.08,1.64,0.01,0.0,38.86,41,299,0
2026-08-02 13:15:47,8.0,77.4,584924.0,34.6,0.25,1.72,0.01,0.0,4.64,40,299,0
2026-08-02 13:15:53,2.7,77.3,589866.67,34.6,1.27,3.47,0.02,0.01,4.55,40,299,0
2026-08-02 13:15:59,1.8,77.3,587816.0,34.6,0.33,4.88,0.02,0.01,4.26,40,299,0
2026-08-02 13:16:05,15.5,77.7,578341.33,34.6,0.6,1.79,0.01,0.01,3.57,40,299,0
2026-08-02 13:16:11,7.1,77.3,589388.0,34.6,0.12,2.2,0.01,0.01,4.82,40,299,0
2026-08-02 13:16:17,2.2,77.2,590466.67,34.6,0.46,1.87,0.01,0.0,5.1,40,299,0
2026-08-02 13:16:23,3.0,77.3,589685.33,34.6,1.77,1.38,0.01,0.0,60.08,40,298,0
2026-08-02 13:16:29,51.2,78.3,562964.0,34.6,48.99,5.89,0.01,0.01,8.49,40,306,0
2026-08-02 13:16:35,31.4,83.7,423717.33,34.6,78.34,5.87,0.05,0.32,4.24,40,303,0
2026-08-02 13:16:41,1.7,83.0,440158.67,34.6,1.62,25.18,0.01,0.0,3.88,40,303,0
2026-08-02 13:16:47,11.6,81.4,481466.67,34.6,0.96,2.03,0.0,0.0,19.19,39,303,0
2026-08-02 13:16:53,12.8,81.2,486798.67,34.6,1.09,6.21,0.01,0.0,34.63,39,303,0
2026-08-02 13:16:59,4.2,81.1,489900.0,34.6,0.93,2.14,0.05,0.04,5.54,39,302,0
2026-08-02 13:17:05,2.2,81.0,493752.0,34.6,0.76,2.32,0.01,0.01,6.63,39,301,0
2026-08-02 13:17:11,9.5,79.6,528796.0,34.6,5.43,20.46,0.01,0.08,4.01,39,301,0
2026-08-02 13:17:17,8.2,79.1,541493.33,34.6,0.06,2.2,0.0,0.0,60.15,39,301,0
2026-08-02 13:17:23,1.6,79.1,542713.33,34.6,0.09,2.0,0.01,0.0,118.3,39,301,0
2026-08-02 13:17:30,9.2,79.2,538734.67,34.6,0.28,1.97,0.0,0.0,3.92,39,301,0
2026-08-02 13:17:36,8.3,79.4,533100.0,34.6,1.22,1.65,0.01,0.01,4.58,39,300,0
2026-08-02 13:17:42,2.2,79.5,531845.33,34.6,1.07,5.07,0.0,0.0,29.43,39,300,0
2026-08-02 13:17:48,1.2,79.4,534257.33,34.6,0.36,1.66,0.01,0.0,3.68,39,300,0
2026-08-02 13:17:54,0.9,79.3,537013.33,34.6,0.0,1.64,0.01,0.0,4.14,39,300,0
2026-08-02 13:18:00,1.6,79.4,535076.0,34.6,0.54,2.12,0.01,0.01,4.05,38,300,0
2026-08-02 13:18:06,5.6,79.6,529257.33,34.6,1.59,5.85,0.01,0.0,3.98,38,300,0
2026-08-02 13:18:12,6.5,79.6,529242.67,34.6,0.41,1.75,0.01,0.01,3.93,38,300,0
2026-08-02 13:18:18,9.3,79.5,532020.0,34.6,0.0,1.7,0.01,0.0,4.49,38,300,0
2026-08-02 13:18:24,1.1,79.5,530608.0,34.6,0.27,1.89,0.01,0.0,75.66,38,300,0
2026-08-02 13:18:30,3.1,79.9,520333.33,34.6,14.52,5.23,0.0,0.0,3.81,38,302,0
2026-08-02 13:18:36,1.2,79.8,524516.0,34.6,0.19,2.29,0.01,0.0,8.18,38,301,0
2026-08-02 13:18:42,8.0,80.7,500789.33,34.6,0.29,1.87,0.0,0.0,5.33,38,301,0
2026-08-02 13:18:48,1.3,79.1,543272.0,34.6,0.88,17.79,0.01,0.02,3.68,38,301,0
2026-08-02 13:18:54,3.7,79.2,539013.33,34.6,3.12,4.92,0.01,0.01,5.92,38,301,0
2026-08-02 13:19:00,9.4,79.3,536438.67,34.6,0.87,1.74,0.04,0.02,79.22,38,301,0
2026-08-02 13:19:06,3.0,79.6,529829.33,34.6,6.68,2.78,0.01,0.01,3.53,37,301,0
2026-08-02 13:19:12,4.7,80.4,507502.67,34.6,28.01,12.02,0.02,0.02,61.61,37,303,0
2026-08-02 13:19:18,8.9,80.0,519908.0,34.6,0.84,5.89,0.01,0.0,4.35,37,303,0
2026-08-02 13:19:24,7.7,79.8,524162.67,34.6,0.1,2.23,0.0,0.0,4.71,37,303,0
2026-08-02 13:19:30,0.8,79.6,528421.33,34.6,0.14,1.93,0.01,0.0,52.63,37,301,0
2026-08-02 13:19:36,9.6,79.7,525860.0,34.6,0.53,7.66,0.01,0.0,3.99,37,305,0
2026-08-02 13:19:42,5.9,79.7,525364.0,34.6,0.31,1.93,0.0,0.0,7.93,37,301,0
2026-08-02 13:19:48,3.5,79.7,525477.33,34.6,0.0,1.14,0.01,0.0,3.6,37,301,0
2026-08-02 13:19:54,1.8,79.8,524912.0,34.6,0.16,2.83,0.0,0.0,6.19,37,301,0
2026-08-02 13:20:00,13.1,79.9,520041.33,34.6,2.07,5.69,0.02,0.01,5.2,37,299,0
2026-08-02 13:20:06,1.2,79.7,526693.33,34.6,0.21,1.91,0.0,0.0,21.55,37,299,0
2026-08-02 13:20:12,0.8,79.6,528730.67,34.6,0.02,2.07,0.01,0.01,4.34,37,299,0
2026-08-02 13:20:18,5.0,80.3,510264.0,34.6,0.2,1.81,0.01,0.01,4.15,36,300,0
2026-08-02 13:20:25,9.1,80.5,506004.0,34.6,0.19,1.23,0.0,0.0,32.02,36,300,0
2026-08-02 13:20:31,4.2,80.3,512157.33,34.6,2.69,6.98,0.01,0.0,4.39,36,300,0
2026-08-02 13:20:37,7.0,80.8,497012.0,34.6,11.79,2.44,0.0,0.0,13.58,36,303,0
2026-08-02 13:20:43,6.5,81.3,486088.0,34.6,8.08,3.42,0.01,0.03,8.18,36,303,0
2026-08-02 13:20:49,1.6,80.4,509398.67,34.6,1.08,2.18,0.03,0.02,82.75,36,302,0
2026-08-02 13:20:55,2.3,80.4,507142.67,34.6,3.44,8.11,0.0,0.0,13.8,36,302,0
2026-08-02 13:21:01,4.7,80.5,505312.0,34.6,2.61,4.31,0.02,0.01,5.42,36,302,0
2026-08-02 13:21:07,16.5,81.3,484656.0,34.6,0.29,2.2,0.01,0.02,59.2,36,302,0
2026-08-02 13:21:13,0.5,78.2,566602.67,34.6,0.43,3.99,0.01,0.01,8.74,36,302,0
2026-08-02 13:21:19,2.2,78.3,563912.0,34.6,0.39,1.62,0.01,0.01,4.05,36,301,0
2026-08-02 13:21:25,4.0,78.6,555298.67,34.6,1.07,4.74,0.01,0.02,3.78,35,301,0
2026-08-02 13:21:31,9.6,78.9,547324.0,34.6,11.7,16.18,0.01,0.0,6.1,35,302,0
2026-08-02 13:21:37,3.9,78.7,551649.33,34.6,1.81,3.2,0.0,0.0,5.18,35,302,0
2026-08-02 13:21:43,0.7,78.5,558772.0,34.6,0.46,2.32,0.01,0.01,3.99,35,299,0
2026-08-02 13:21:49,5.7,78.3,563522.67,34.6,0.04,3.91,0.0,0.0,49.05,35,299,0
2026-08-02 13:21:55,2.1,78.4,560145.33,34.6,0.42,1.26,0.01,0.01,3.76,35,299,0
2026-08-02 13:22:01,1.3,78.4,560128.0,34.6,1.62,2.03,0.02,0.01,3.67,35,299,0
2026-08-02 13:22:07,0.8,78.5,556592.0,34.6,0.13,1.43,0.02,0.01,48.84,35,299,0
2026-08-02 13:22:13,3.7,78.5,557572.0,34.6,0.31,1.72,0.02,0.08,5.28,35,299,0
2026-08-02 13:22:19,18.8,74.3,665922.67,34.6,0.45,12.27,0.0,0.0,6.05,35,299,0
2026-08-02 13:22:25,8.8,73.6,684885.33,34.6,0.0,2.33,0.01,0.0,4.98,34,299,0
2026-08-02 13:22:31,13.7,73.7,682429.33,34.6,0.26,1.22,0.01,0.01,4.53,34,299,0
2026-08-02 13:22:37,2.4,73.6,685412.0,34.6,2.49,2.19,0.01,0.01,9.1,34,299,0
2026-08-02 13:22:43,1.2,73.6,684217.33,34.6,1.04,5.63,0.0,0.0,6.13,34,299,0
2026-08-02 13:22:49,1.0,73.6,685822.67,34.6,0.19,3.55,0.01,0.0,50.89,34,299,0
2026-08-02 13:22:55,0.9,73.6,683790.67,34.6,0.99,1.22,0.01,0.0,5.52,34,299,0
2026-08-02 13:23:01,10.6,73.7,681573.33,34.6,1.55,1.97,0.05,0.03,4.33,34,299,0
2026-08-02 13:23:07,0.9,74.1,672744.0,34.6,0.19,2.32,0.01,0.01,146.33,34,305,0
2026-08-02 13:23:14,15.8,73.9,677004.0,34.6,0.5,4.65,0.0,0.0,46.23,34,299,0
2026-08-02 13:23:20,1.6,73.9,678016.0,34.6,0.11,2.09,0.01,0.0,4.0,34,299,0
2026-08-02 13:23:26,1.8,73.9,677225.33,34.6,0.18,1.98,0.01,0.0,3.93,34,299,0
2026-08-02 13:23:32,4.8,74.1,672514.67,34.6,0.55,4.9,0.0,0.0,6.15,34,299,0
2026-08-02 13:23:38,0.8,74.0,675298.67,34.6,0.36,2.07,0.01,0.0,4.05,34,299,0
2026-08-02 13:23:44,1.2,73.9,675693.33,34.6,0.12,1.07,0.0,0.0,3.83,34,299,0
2026-08-02 13:23:50,5.1,74.2,670334.67,34.6,0.6,1.28,0.01,0.01,31.92,33,299,0
2026-08-02 13:23:56,8.9,74.1,671158.67,34.6,0.06,1.54,0.01,0.0,5.64,33,299,0
2026-08-02 13:24:02,2.0,74.1,672548.0,34.6,1.09,4.55,0.01,0.0,3.96,33,299,0
2026-08-02 13:24:08,1.4,74.0,675124.0,34.6,0.28,2.65,0.01,0.0,28.83,33,299,0
2026-08-02 13:24:14,1.9,74.0,675104.0,34.6,0.63,1.11,0.01,0.01,4.15,33,299,0
2026-08-02 13:24:20,2.6,74.0,674646.67,34.6,0.0,3.1,0.01,0.0,4.83,33,299,0
2026-08-02 13:24:26,7.6,73.9,676366.67,34.6,0.08,1.75,0.0,0.0,3.42,33,299,0
2026-08-02 13:24:32,6.2,74.1,672696.0,34.6,0.29,4.96,0.01,0.0,3.57,33,299,0
2026-08-02 13:24:38,8.9,74.0,673452.0,34.6,0.0,2.17,0.01,0.0,5.43,33,299,0
2026-08-02 13:24:44,10.0,74.2,668377.33,34.6,0.56,1.04,0.0,0.0,4.36,32,299,0
2026-08-02 13:24:50,6.2,74.0,673262.67,34.6,0.12,1.79,0.01,0.0,3.52,32,299,0
2026-08-02 13:24:56,2.3,74.1,670894.67,34.6,0.27,2.43,0.0,0.0,4.83,32,299,0
2026-08-02 13:25:02,1.7,74.3,666657.33,34.6,1.27,5.04,0.03,0.01,7.18,32,299,0
2026-08-02 13:25:08,5.4,74.2,669740.0,34.6,0.41,1.89,0.01,0.01,4.72,32,299,0
2026-08-02 13:25:14,4.6,74.1,670808.0,34.6,0.92,1.86,0.01,0.01,9.71,32,298,0
2026-08-02 13:25:20,6.4,74.2,668938.67,34.6,0.38,2.98,0.01,0.01,108.35,32,298,0
2026-08-02 13:25:26,5.9,74.2,669376.0,34.6,0.07,4.95,0.0,0.0,4.24,32,298,0
2026-08-02 13:25:32,4.2,74.1,670540.0,34.6,8.02,2.39,0.01,0.0,4.24,32,298,0
2026-08-02 13:25:38,3.0,74.1,672573.33,34.6,0.12,1.92,0.0,0.0,41.64,32,298,0
2026-08-02 13:25:44,7.9,74.2,669733.33,34.6,0.12,2.98,0.01,0.0,3.87,32,298,0
2026-08-02 13:25:50,0.8,74.3,667784.0,34.6,1.3,5.27,0.01,0.0,4.54,32,298,0
2026-08-02 13:25:56,0.4,73.9,677237.33,34.6,0.23,1.28,0.0,0.0,9.47,32,298,0
2026-08-02 13:26:02,6.4,74.2,668908.0,34.6,1.02,3.03,0.01,0.0,66.35,32,298,0
2026-08-02 13:26:08,3.0,74.1,670732.0,34.6,0.73,1.82,0.01,0.01,3.66,32,298,0
2026-08-02 13:26:15,8.7,74.3,667554.67,34.6,0.34,2.36,0.01,0.0,4.45,31,298,0
2026-08-02 13:26:21,2.2,74.2,670140.0,34.6,0.11,1.77,0.01,0.01,8.02,31,298,0
2026-08-02 13:26:27,0.9,74.2,668134.67,34.6,0.66,2.05,0.02,0.0,4.38,31,298,0
2026-08-02 13:26:33,0.9,74.3,666518.67,34.6,1.64,5.46,0.01,0.0,4.79,31,298,0
2026-08-02 13:26:39,6.2,74.3,665430.67,34.6,0.87,1.44,0.0,0.0,4.36,31,298,0
2026-08-02 13:26:45,14.0,74.4,665030.67,34.6,0.42,2.36,0.01,0.0,45.35,31,298,0
2026-08-02 13:26:51,1.8,74.2,668780.0,34.6,0.03,1.46,0.0,0.01,4.25,31,298,0
2026-08-02 13:26:57,11.1,74.5,660810.67,34.6,1.23,4.88,0.03,0.01,3.4,31,298,0
2026-08-02 13:27:03,0.6,74.4,663056.0,34.6,0.55,1.52,0.0,0.01,4.04,31,298,0
2026-08-02 13:27:09,8.3,74.3,666882.67,34.6,0.2,4.11,0.02,0.09,4.04,31,298,0
2026-08-02 13:27:15,0.9,74.3,665628.0,34.6,0.18,1.2,0.01,0.0,3.56,31,298,0
2026-08-02 13:27:21,1.3,74.5,661348.0,34.6,6.47,1.84,0.01,0.0,6.73,31,304,0
2026-08-02 13:27:27,6.9,75.6,632850.67,34.6,22.76,5.08,0.0,0.0,4.03,30,304,0
2026-08-02 13:27:33,6.9,75.4,638138.67,34.6,0.83,1.98,0.0,0.0,5.42,30,299,0
2026-08-02 13:27:39,5.3,75.3,640586.67,34.6,4.65,1.52,0.02,0.01,4.13,30,299,0
2026-08-02 13:27:45,3.0,75.4,638436.0,34.6,3.8,2.3,0.01,0.0,6.9,30,299,0
2026-08-02 13:27:51,7.1,75.4,638257.33,34.6,0.14,4.22,0.0,0.0,4.0,30,300,0
2026-08-02 13:27:57,5.6,75.2,643322.67,34.6,0.54,2.23,0.01,0.0,4.92,30,300,0
2026-08-02 13:28:03,0.9,75.3,640290.67,34.6,0.09,2.04,0.0,0.01,22.05,30,299,0
2026-08-02 13:28:09,10.2,75.3,639301.33,34.6,0.06,1.61,0.01,0.0,5.17,30,299,0
2026-08-02 13:28:15,13.1,75.2,642640.0,34.6,0.12,2.14,0.01,0.0,4.92,30,299,0
2026-08-02 13:28:21,5.7,75.1,646169.33,34.6,0.39,4.33,0.01,0.01,31.92,30,299,0
2026-08-02 13:28:27,1.8,75.3,641189.33,34.6,0.11,2.31,0.01,0.0,3.38,29,299,0
2026-08-02 13:28:33,1.8,75.2,643620.0,34.6,0.14,1.56,0.0,0.0,4.7,29,299,0
2026-08-02 13:28:39,3.2,76.1,621010.67,34.6,0.0,4.05,0.01,0.0,3.88,29,299,0
2026-08-02 13:28:45,1.4,74.8,654689.33,34.6,3.89,11.92,0.0,0.0,4.69,29,300,0
2026-08-02 13:28:51,3.7,74.9,651196.0,34.6,0.19,3.06,0.02,0.0,4.72,29,303,0
2026-08-02 13:28:57,25.4,75.3,640492.0,34.6,0.6,2.6,0.04,0.02,49.97,29,299,0
2026-08-02 13:29:03,13.4,75.2,642589.33,34.6,0.52,4.89,0.02,0.02,49.04,29,299,0
2026-08-02 13:29:09,9.9,75.2,643652.0,34.6,0.67,1.59,0.02,0.02,4.63,29,299,0
2026-08-02 13:29:15,3.1,74.7,656146.67,34.6,0.05,1.78,0.01,0.0,,29,299,0
2026-08-02 13:29:25,13.2,74.9,650296.0,34.6,0.99,3.55,0.04,0.02,23.63,29,299,0
2026-08-02 13:29:31,7.4,75.1,645546.67,34.6,0.25,2.18,0.0,0.0,3.86,29,299,0
2026-08-02 13:29:37,13.8,74.7,655660.0,34.6,1.52,6.02,0.01,0.0,4.63,29,299,0
2026-08-02 13:29:44,0.9,74.7,655552.0,34.6,0.17,1.7,0.0,0.0,4.69,29,299,0
2026-08-02 13:29:50,1.8,74.8,653042.67,34.6,0.26,3.63,0.01,0.01,24.03,28,303,0
2026-08-02 13:29:56,8.2,74.8,654112.0,34.6,0.28,1.55,0.0,0.0,21.21,28,299,0
2026-08-02 13:30:02,5.8,74.8,653249.33,34.6,0.49,1.76,0.02,0.01,4.47,28,299,0
2026-08-02 13:30:08,12.7,74.8,653558.67,34.6,0.48,5.77,0.01,0.0,51.41,28,299,0
2026-08-02 13:30:14,0.4,74.9,651465.33,34.6,0.13,1.63,0.0,0.0,4.34,28,299,0
2026-08-02 13:30:20,2.2,75.0,648102.67,34.6,0.47,2.08,0.01,0.01,5.31,28,299,0
2026-08-02 13:30:26,1.2,74.9,650937.33,34.6,0.08,1.45,0.0,0.01,4.49,28,299,0
2026-08-02 13:30:32,1.3,74.9,650312.0,34.6,0.25,1.54,0.01,0.0,4.46,28,299,0
2026-08-02 13:30:38,11.5,74.8,653481.33,34.6,1.9,5.8,0.01,0.0,4.18,28,299,0
2026-08-02 13:30:44,6.0,74.7,654990.67,34.6,0.16,1.44,0.0,0.0,4.83,27,299,0
2026-08-02 13:30:50,5.0,74.7,656393.33,34.6,0.02,1.26,0.01,0.0,15.4,27,300,0
2026-08-02 13:30:56,2.7,74.7,656261.33,34.6,0.08,1.1,0.0,0.0,43.98,27,299,0
2026-08-02 13:31:02,5.9,74.9,651238.67,34.6,0.42,1.64,0.03,0.02,5.12,27,299,0
2026-08-02 13:31:08,0.9,75.2,643549.33,34.6,2.44,7.09,0.01,0.01,48.83,27,299,0
2026-08-02 13:31:14,10.8,74.8,652653.33,34.6,0.12,1.34,0.01,0.01,4.53,27,299,0
2026-08-02 13:31:20,8.2,74.9,650785.33,34.6,0.16,2.19,0.01,0.0,55.63,27,299,0
2026-08-02 13:31:26,15.5,75.0,649602.67,34.6,0.71,1.28,0.0,0.0,72.72,27,299,0
2026-08-02 13:31:32,11.7,75.0,647526.67,34.6,3.19,9.36,0.01,0.01,4.45,27,299,0
2026-08-02 13:31:38,5.0,74.8,654038.67,34.6,0.06,1.22,0.0,0.0,124.61,27,299,0
2026-08-02 13:31:44,5.1,74.9,650742.67,34.6,0.21,1.82,0.01,0.01,4.08,27,299,0
2026-08-02 13:31:50,7.0,74.9,650616.0,34.6,0.05,2.11,0.0,0.0,12.28,27,299,0
2026-08-02 13:31:56,1.8,75.0,647904.0,34.6,0.6,5.38,0.01,0.0,5.8,27,299,0
2026-08-02 13:32:03,7.9,74.8,652548.0,34.6,0.95,1.87,0.03,0.02,27.41,27,299,0
2026-08-02 13:32:09,5.7,74.9,649957.33,34.6,0.42,1.72,0.02,0.09,3.59,27,299,0
2026-08-02 13:32:15,1.7,74.8,654269.33,34.6,0.02,2.28,0.01,0.0,4.61,27,299,0
2026-08-02 13:32:21,4.2,74.9,650230.67,34.6,0.23,4.98,0.01,0.01,3.95,26,299,0
2026-08-02 13:32:27,4.4,74.8,652492.0,34.6,0.0,1.88,0.01,0.0,4.32,26,299,0
2026-08-02 13:32:33,5.2,74.8,654382.67,34.6,1.99,1.26,0.01,0.01,6.08,26,299,0
2026-08-02 13:32:39,1.3,74.8,653121.33,34.6,0.11,1.75,0.01,0.0,9.48,26,298,0
2026-08-02 13:32:45,6.6,74.7,654940.0,34.6,0.28,4.79,0.0,0.0,4.34,26,304,0
2026-08-02 13:32:51,7.5,74.9,652221.33,34.6,0.13,1.82,0.01,0.01,4.17,26,298,0
2026-08-02 13:32:57,7.7,74.7,655901.33,34.6,0.52,3.29,0.03,0.01,4.41,26,298,0
2026-08-02 13:33:03,7.4,74.9,651713.33,34.6,0.26,1.34,0.01,0.01,38.04,26,298,0
2026-08-02 13:33:09,1.7,74.9,650605.33,34.6,2.58,8.46,0.0,0.0,4.89,26,298,0
2026-08-02 13:33:15,8.5,74.8,652813.33,34.6,0.11,1.12,0.01,0.01,4.32,26,298,0
2026-08-02 13:33:21,1.2,74.9,652181.33,34.6,0.19,1.85,0.01,0.0,20.44,26,298,0
2026-08-02 13:33:27,6.2,74.7,656274.67,34.6,2.71,2.61,0.02,0.04,4.14,25,298,0
2026-08-02 13:33:33,6.9,74.9,650429.33,34.6,0.46,1.51,0.01,0.01,4.89,25,298,0
2026-08-02 13:33:39,3.9,75.0,647516.0,34.6,0.44,5.38,0.01,0.0,3.47,25,298,0
2026-08-02 13:33:45,1.2,75.2,642640.0,34.6,0.05,1.61,0.01,0.0,47.88,25,298,0
2026-08-02 13:33:51,1.3,75.2,644092.0,34.6,0.17,1.66,0.01,0.0,5.06,25,298,0
2026-08-02 13:33:57,1.4,75.1,644794.67,34.6,2.61,1.06,0.01,0.01,5.05,25,298,0
2026-08-02 13:34:03,9.4,75.3,640061.33,34.6,0.56,1.93,0.0,0.0,4.19,25,298,0
2026-08-02 13:34:09,2.7,75.3,640892.0,34.6,1.49,4.95,0.03,0.02,4.01,25,298,0
2026-08-02 13:34:15,8.2,75.1,644514.67,34.6,0.12,1.49,0.0,0.01,3.96,25,298,0
2026-08-02 13:34:21,10.9,75.0,649102.67,34.6,0.11,1.36,0.01,0.01,26.33,25,298,0
2026-08-02 13:34:27,13.9,75.9,623844.0,34.6,73.49,2.05,0.01,0.01,4.35,25,302,0
2026-08-02 13:34:33,9.5,76.0,621604.0,34.6,532.17,5.95,0.0,0.0,13.99,24,303,0
2026-08-02 13:34:39,14.5,76.3,615100.0,34.6,602.03,5.49,0.01,0.0,3.43,24,303,0
2026-08-02 13:34:45,20.8,81.4,482876.0,34.6,257.03,1.52,0.0,0.0,3.62,24,303,0
2026-08-02 13:34:51,3.4,81.5,479010.67,34.6,530.24,260.56,0.01,0.0,4.14,24,303,0
2026-08-02 13:34:57,17.9,82.6,452477.33,34.6,7.49,2.98,0.03,0.02,4.72,24,303,0
2026-08-02 13:35:03,6.7,82.5,454954.67,34.6,3.29,6.14,0.01,0.0,7.47,24,302,0
2026-08-02 13:35:09,8.1,82.0,466256.0,34.6,0.93,1.84,0.01,0.01,4.56,24,302,0
2026-08-02 13:35:15,6.1,82.0,467940.0,34.6,0.32,2.56,0.01,0.01,4.01,24,302,0
2026-08-02 13:35:21,2.6,82.1,463705.33,34.6,14.83,2.08,0.01,0.0,8.29,24,302,0
2026-08-02 13:35:27,4.1,82.0,467853.33,34.6,2.65,5.82,0.0,0.01,3.71,24,302,0
2026-08-02 13:35:34,10.5,81.7,474970.67,34.6,0.63,2.18,0.01,0.0,132.58,24,302,0
2026-08-02 13:35:40,7.8,82.0,466617.33,34.6,0.42,1.29,0.01,0.0,4.0,24,301,0
2026-08-02 13:35:46,17.4,82.2,460378.67,34.6,0.72,2.15,0.02,0.01,5.37,24,301,0
2026-08-02 13:35:52,2.0,82.1,463769.33,34.6,1.26,1.13,0.01,0.0,4.58,23,301,0
2026-08-02 13:35:58,2.0,82.1,463992.0,34.6,1.39,6.99,0.01,0.01,10.63,23,301,0
2026-08-02 13:36:04,4.3,82.2,461265.33,34.6,3.16,2.12,0.01,0.01,4.02,23,301,0
2026-08-02 13:36:10,8.2,82.2,461200.0,34.6,1.62,4.68,0.0,0.0,142.99,23,300,0
2026-08-02 13:36:16,2.7,80.6,503649.33,34.6,0.43,4.73,0.01,0.0,4.4,23,300,0
2026-08-02 13:36:22,9.4,81.3,485676.0,34.6,1.65,1.68,0.01,0.01,11.81,23,306,0
2026-08-02 13:36:28,14.5,81.2,488298.67,34.6,0.77,2.48,0.0,0.0,4.16,23,300,0
2026-08-02 13:36:34,27.0,81.4,483322.67,34.6,0.98,6.03,0.01,0.01,4.37,23,299,0
2026-08-02 13:36:40,3.8,80.7,500168.0,34.6,10.43,1.99,0.01,0.01,3.66,23,299,0
2026-08-02 13:36:46,1.0,80.8,496825.33,34.6,0.48,1.64,0.02,0.01,4.4,22,299,0
2026-08-02 13:36:52,0.8,80.8,497177.33,34.6,1.34,1.29,0.01,0.01,4.64,22,299,0
2026-08-02 13:36:58,8.6,80.9,496541.33,34.6,1.11,4.75,0.02,0.01,5.57,22,299,0
2026-08-02 13:37:04,8.6,81.0,492798.67,34.6,0.61,1.48,0.01,0.0,4.38,22,299,0
2026-08-02 13:37:10,16.3,81.2,488372.0,34.6,0.43,2.2,0.01,0.08,3.96,22,299,0
2026-08-02 13:37:16,4.7,80.9,495518.67,34.6,0.36,3.47,0.01,0.01,44.06,22,299,0
2026-08-02 13:37:22,7.7,81.0,492052.0,34.6,0.64,1.85,0.0,0.0,3.94,22,299,0
2026-08-02 13:37:28,5.5,81.3,485702.67,34.6,8.57,4.64,0.01,0.01,27.89,22,299,0
2026-08-02 13:37:34,1.6,81.1,489753.33,34.6,0.58,2.54,0.01,0.01,94.84,22,299,0
2026-08-02 13:37:40,0.5,81.2,488814.67,34.6,0.22,1.49,0.0,0.0,4.18,22,299,0
2026-08-02 13:37:46,2.2,81.1,490192.0,34.6,0.66,1.38,0.01,0.02,4.21,22,299,0
2026-08-02 13:37:52,6.7,81.2,487637.33,34.6,2.25,10.26,0.0,0.0,4.9,22,299,0
2026-08-02 13:37:59,5.5,81.4,481998.67,34.6,7.9,8.76,0.01,0.01,7.22,22,299,0
2026-08-02 13:38:05,5.2,81.4,482946.67,34.6,0.28,2.27,0.0,0.0,35.65,22,299,0
2026-08-02 13:38:11,6.7,81.3,486077.33,34.6,0.19,2.71,0.01,0.0,10.15,21,299,0
2026-08-02 13:38:17,11.5,81.2,486825.33,34.6,0.41,4.94,0.01,0.0,4.47,21,299,0
2026-08-02 13:38:23,8.0,81.3,486228.0,34.6,0.32,2.84,0.02,0.02,4.4,21,299,0
2026-08-02 13:38:29,1.9,81.9,470085.33,34.6,66.32,1.63,0.01,0.01,4.12,21,299,0
2026-08-02 13:38:35,6.3,82.3,460020.0,34.6,14.33,1.45,0.0,0.0,4.28,21,305,0
2026-08-02 13:38:41,7.8,83.2,435265.33,34.6,2.56,2.56,0.01,0.0,4.04,21,299,0
2026-08-02 13:38:47,2.1,82.0,467501.33,34.6,1.97,20.23,0.01,0.0,44.05,21,299,0
2026-08-02 13:38:53,4.1,82.0,467486.67,34.6,0.43,1.46,0.0,0.0,6.59,21,299,0
2026-08-02 13:38:59,5.5,82.3,458230.67,34.6,0.85,1.8,0.03,0.01,4.67,21,299,0
2026-08-02 13:39:05,7.1,81.9,469602.67,34.6,20.67,2.56,0.0,0.01,4.96,21,299,0
2026-08-02 13:39:11,2.1,82.2,462733.33,34.6,4.15,4.9,0.01,0.0,29.64,21,299,0
2026-08-02 13:39:17,1.9,82.3,458482.67,34.6,0.32,3.2,0.01,0.01,5.62,21,303,0
2026-08-02 13:39:23,31.5,86.6,348685.33,34.6,226.65,3.19,0.01,0.0,5.14,20,299,0
2026-08-02 13:39:29,2.6,85.9,365930.67,34.6,150.04,2.18,0.01,0.0,95.4,20,299,0
2026-08-02 13:39:35,8.7,86.2,357490.67,34.6,0.5,1.95,0.0,0.0,9.8,20,299,0
2026-08-02 13:39:41,4.7,86.2,357884.0,34.6,0.83,4.43,0.01,0.0,17.89,20,299,0
2026-08-02 13:39:47,8.1,86.1,361689.33,34.6,0.6,2.19,0.0,0.0,5.67,20,299,0
2026-08-02 13:39:53,2.6,86.2,357712.0,34.6,0.59,2.33,0.01,0.0,3.63,20,299,0
2026-08-02 13:39:59,1.8,87.2,332541.33,34.6,61.97,7.42,0.01,0.0,4.62,20,299,0
2026-08-02 13:40:05,6.5,87.5,325329.33,34.6,51.56,1.66,0.0,0.0,4.43,20,299,0
2026-08-02 13:40:11,5.8,87.2,332458.67,34.6,39.65,1.67,0.01,0.01,4.2,20,299,0
2026-08-02 13:40:17,1.2,87.1,334920.0,34.6,3.91,0.57,0.0,0.0,8.83,19,299,0
2026-08-02 13:40:23,2.2,87.1,335193.33,34.6,11.77,0.9,0.01,0.01,4.15,19,299,0
2026-08-02 13:40:29,0.5,87.2,331637.33,34.6,9.86,2.65,0.01,0.0,4.8,19,299,0
2026-08-02 13:40:35,0.7,87.1,334469.33,34.6,6.49,1.41,0.0,0.0,3.69,19,299,0
2026-08-02 13:40:41,7.0,87.0,335852.0,34.6,19.06,5.03,0.01,0.0,74.56,19,299,0
2026-08-02 13:40:48,11.2,87.1,333446.67,34.6,29.17,4.0,0.0,0.0,14.78,19,304,0
2026-08-02 13:40:54,14.0,87.0,337098.67,34.6,8.63,1.16,0.01,0.0,6.47,19,299,0
2026-08-02 13:41:00,4.6,86.9,338869.33,34.6,0.64,1.7,0.02,0.01,9.0,19,299,0
2026-08-02 13:41:06,0.9,87.1,335634.67,34.6,1.22,6.53,0.01,0.01,4.78,19,299,0
2026-08-02 13:41:12,8.1,87.2,332168.0,34.6,29.44,2.92,0.01,0.0,4.45,19,299,0
2026-08-02 13:41:18,1.6,86.9,340122.67,34.6,33.17,2.18,0.01,0.01,54.44,19,299,0
2026-08-02 13:41:24,1.8,87.3,330353.33,34.6,11.56,2.32,0.02,0.01,70.25,19,300,0
2026-08-02 13:41:30,6.7,87.2,332270.67,34.6,54.48,16.16,0.0,0.0,5.52,19,306,0
2026-08-02 13:41:36,10.6,87.1,334738.67,34.6,89.45,5.64,0.01,0.0,3.98,19,300,0
2026-08-02 13:41:42,2.2,87.0,336600.0,34.6,43.08,1.35,0.02,0.02,4.55,19,300,0
2026-08-02 13:41:48,5.5,87.1,335220.0,34.6,42.17,2.08,0.01,0.0,8.29,18,300,0
2026-08-02 13:41:54,4.7,87.1,333577.33,34.6,43.92,0.68,0.01,0.0,34.74,18,300,0
2026-08-02 13:42:00,5.7,87.4,325718.67,34.6,101.6,3.64,0.03,0.02,3.77,18,300,0
2026-08-02 13:42:06,10.0,87.4,326974.67,34.6,60.47,21.32,0.01,0.01,46.36,18,300,0
2026-08-02 13:42:12,4.9,87.6,321094.67,34.6,47.25,5.48,0.01,0.07,4.55,18,306,0
2026-08-02 13:42:18,16.3,87.7,318080.0,34.6,32.01,1.47,0.01,0.0,4.14,18,300,0
2026-08-02 13:42:24,5.2,87.8,316096.0,34.6,38.97,3.34,0.01,0.01,142.54,18,301,0
2026-08-02 13:42:30,4.7,87.7,320109.33,34.6,55.81,1.57,0.01,0.0,4.05,18,301,0
2026-08-02 13:42:36,6.2,87.5,324397.33,34.6,42.44,5.01,0.01,0.01,4.2,18,301,0
2026-08-02 13:42:42,11.9,87.5,323529.33,34.6,12.94,1.77,0.0,0.0,4.1,18,301,0
2026-08-02 13:42:48,8.8,87.6,320521.33,34.6,5.02,3.79,0.01,0.01,19.83,17,300,0
2026-08-02 13:42:54,8.4,87.8,315828.0,34.6,33.39,1.38,0.0,0.0,4.11,17,306,0
2026-08-02 13:43:00,6.3,87.5,324369.33,34.6,28.04,5.24,0.02,0.01,4.23,17,301,0
2026-08-02 13:43:06,1.3,87.5,323068.0,34.6,1.89,2.24,0.0,0.0,4.37,17,300,0
2026-08-02 13:43:12,1.2,87.5,323237.33,34.6,28.11,1.3,0.02,0.01,4.07,17,300,0
2026-08-02 13:43:18,0.8,83.8,419438.67,34.6,96.04,330.43,0.01,0.01,3.67,17,300,0
2026-08-02 13:43:25,4.6,83.7,421968.0,34.6,0.32,2.14,0.0,0.0,105.24,17,300,0
2026-08-02 13:43:31,2.8,83.6,424618.67,34.6,1.38,4.76,0.01,0.0,5.25,17,299,0
2026-08-02 13:43:37,1.7,83.7,422526.67,34.6,1.17,1.57,0.01,0.01,39.53,17,305,0
2026-08-02 13:43:43,8.8,83.6,424322.67,34.6,0.6,3.55,0.01,0.0,4.15,17,299,0
2026-08-02 13:43:49,3.8,83.7,422216.0,34.6,0.8,0.64,0.0,0.01,4.03,17,300,0
2026-08-02 13:43:55,4.5,84.5,402026.67,34.6,37.7,0.69,0.01,0.0,4.81,17,299,0
2026-08-02 13:44:01,20.7,84.6,398093.33,34.6,0.4,1.88,0.02,0.01,5.02,17,300,0
2026-08-02 13:44:07,9.9,84.4,405596.0,34.7,0.16,4.66,0.0,0.0,4.58,17,299,0
2026-08-02 13:44:13,0.9,84.5,402152.0,34.7,0.19,1.29,0.01,0.0,3.91,16,299,0
2026-08-02 13:44:19,0.5,84.5,401028.0,34.7,0.4,1.58,0.0,0.0,26.12,16,299,0
2026-08-02 13:44:25,11.4,84.6,398644.0,34.7,0.55,2.2,0.01,0.01,13.07,16,299,0
2026-08-02 13:44:31,5.5,84.5,401013.33,34.7,0.29,1.31,0.02,0.01,8.92,16,299,0
2026-08-02 13:44:37,1.9,84.5,403173.33,34.7,0.2,1.5,0.0,0.0,9.44,16,299,0
2026-08-02 13:44:43,2.0,84.5,402624.0,34.7,0.27,4.34,0.01,0.0,5.16,16,299,0
2026-08-02 13:44:49,1.8,84.7,397410.67,34.7,2.76,1.71,0.0,0.0,4.01,16,300,0
2026-08-02 13:44:55,1.4,84.7,396684.0,34.7,27.09,1.75,0.01,0.0,14.18,16,299,0
2026-08-02 13:45:01,3.4,84.6,400482.67,34.7,15.78,2.8,0.02,0.01,44.2,16,299,0
2026-08-02 13:45:07,8.1,84.8,395456.0,34.7,0.59,1.89,0.01,0.01,6.69,16,299,0
2026-08-02 13:45:13,3.2,84.8,395121.33,34.7,36.46,5.08,0.01,0.0,6.59,16,299,0
2026-08-02 13:45:19,3.3,84.9,391897.33,34.7,28.15,1.92,0.01,0.01,4.15,16,299,0
2026-08-02 13:45:25,4.6,84.8,394577.33,34.7,26.23,0.82,0.01,0.0,95.15,15,299,0
2026-08-02 13:45:31,4.5,84.7,397920.0,34.7,15.69,1.02,0.0,0.0,5.61,15,299,0
2026-08-02 13:45:37,8.4,84.6,398293.33,34.7,5.41,1.98,0.01,0.0,7.07,15,299,0
2026-08-02 13:45:43,2.8,84.8,394574.67,34.7,1.74,6.28,0.01,0.0,6.67,15,299,0
2026-08-02 13:45:49,5.4,84.7,396990.67,34.7,20.09,3.49,0.0,0.0,5.37,15,305,0
2026-08-02 13:45:55,8.4,84.6,400404.0,34.7,0.96,1.66,0.01,0.0,10.46,15,299,0
2026-08-02 13:46:01,0.5,84.6,399198.67,34.7,10.01,1.56,0.02,0.01,67.44,15,299,0
2026-08-02 13:46:08,0.6,84.8,394450.67,34.7,24.76,1.84,0.01,0.01,156.85,15,299,0
2026-08-02 13:46:14,1.2,84.7,397528.0,34.7,27.22,5.27,0.0,0.0,4.66,15,299,0
2026-08-02 13:46:20,4.0,84.7,396345.33,34.7,25.59,1.73,0.01,0.01,63.58,15,299,0
2026-08-02 13:46:26,1.4,84.8,395212.0,34.7,40.82,1.42,0.01,0.01,12.6,14,299,0
2026-08-02 13:46:32,9.1,85.0,389180.0,34.7,38.58,1.91,0.0,0.0,8.35,14,299,0
2026-08-02 13:46:38,11.2,84.8,394142.67,34.7,13.17,1.71,0.01,0.0,11.83,14,299,0
2026-08-02 13:46:44,3.2,84.9,392818.67,34.7,4.45,5.5,0.0,0.0,43.29,14,299,0
2026-08-02 13:46:50,2.6,84.9,390986.67,34.7,33.94,1.25,0.01,0.0,4.68,14,299,0
2026-08-02 13:46:56,3.0,85.2,385061.33,34.7,45.4,4.97,0.01,0.0,6.48,14,299,0
2026-08-02 13:47:02,7.0,84.9,390618.67,34.7,43.25,1.55,0.03,0.02,17.59,14,299,0
2026-08-02 13:47:08,1.2,85.1,387584.0,34.7,34.47,1.71,0.01,0.0,8.58,14,299,0
2026-08-02 13:47:14,7.5,85.0,389062.67,34.7,20.05,3.38,0.01,0.08,8.05,14,305,0
2026-08-02 13:47:20,8.8,85.1,387205.33,34.7,20.32,7.23,0.02,0.02,9.97,14,299,0
2026-08-02 13:47:26,0.9,85.3,381640.0,34.7,36.88,2.42,0.0,0.0,11.39,14,299,0
2026-08-02 13:47:32,2.2,85.1,387609.33,34.7,29.71,0.81,0.01,0.0,7.23,14,299,0
2026-08-02 13:47:38,3.0,85.1,387634.67,34.7,27.1,0.82,0.01,0.01,5.55,14,299,0
2026-08-02 13:47:44,14.6,85.4,378965.33,34.7,16.02,10.87,0.0,0.0,6.04,13,299,0
2026-08-02 13:47:50,0.8,85.2,383052.0,34.7,54.61,1.23,0.01,0.0,50.44,13,299,0
2026-08-02 13:47:56,0.7,85.0,388912.0,34.7,39.93,7.12,0.0,0.0,13.37,13,303,0
2026-08-02 13:48:02,9.6,85.5,376282.67,34.7,107.71,2.05,0.02,0.01,28.31,13,300,0
2026-08-02 13:48:08,3.6,85.3,381581.33,34.7,35.3,1.27,0.01,0.0,10.1,13,299,0
2026-08-02 13:48:14,0.8,85.2,382982.67,34.7,12.55,1.56,0.0,0.0,5.91,13,299,0
2026-08-02 13:48:20,3.7,85.1,385262.67,34.7,9.33,1.14,0.02,0.01,14.62,13,300,0
2026-08-02 13:48:27,4.9,85.3,382285.33,34.7,0.27,1.46,0.0,0.0,6.4,13,299,0
2026-08-02 13:48:33,0.8,85.3,381888.0,34.7,10.63,8.63,0.01,0.01,64.54,13,299,0
2026-08-02 13:48:39,5.1,86.7,343926.67,34.7,49.03,1.9,0.0,0.0,3.63,13,299,0
2026-08-02 13:48:45,13.3,85.3,381036.0,34.7,26.71,25.93,0.01,0.02,3.71,12,299,0
2026-08-02 13:48:51,9.2,85.4,379657.33,34.7,0.62,5.33,0.01,0.01,5.93,12,299,0
2026-08-02 13:48:57,6.4,85.4,378710.67,34.7,0.56,1.29,0.01,0.0,4.4,12,299,0
2026-08-02 13:49:03,1.3,85.6,373094.67,34.7,1.14,1.59,0.01,0.0,4.35,12,299,0
2026-08-02 13:49:09,4.0,85.7,371186.67,34.7,0.71,1.4,0.0,0.0,5.4,12,299,0
2026-08-02 13:49:15,0.8,85.5,376062.67,34.7,0.14,1.14,0.01,0.0,66.55,12,299,0
2026-08-02 13:49:21,1.6,85.5,377130.67,34.7,1.18,5.99,0.01,0.01,4.42,12,299,0
2026-08-02 13:49:27,8.5,85.7,371017.33,34.7,0.98,1.32,0.0,0.0,4.42,12,299,0
2026-08-02 13:49:33,21.8,85.8,368920.0,34.7,1.33,1.75,0.03,0.01,4.17,12,299,0
2026-08-02 13:49:39,5.3,85.7,371953.33,34.7,0.19,1.73,0.0,0.0,98.6,12,299,0
2026-08-02 13:49:45,1.6,85.6,374548.0,34.7,0.11,1.65,0.01,0.0,3.72,12,299,0
2026-08-02 13:49:51,3.3,85.5,375613.33,34.7,0.64,6.13,0.0,0.01,7.46,12,299,0
2026-08-02 13:49:57,1.8,85.8,368877.33,34.7,0.37,0.77,0.03,0.01,4.85,12,299,0
2026-08-02 13:50:03,1.7,85.8,367081.33,34.7,1.35,0.8,0.01,0.0,18.6,12,299,0
2026-08-02 13:50:09,10.3,85.8,368297.33,34.7,0.29,2.42,0.0,0.0,5.01,11,305,0
2026-08-02 13:50:15,7.0,85.8,367154.67,34.7,0.23,1.13,0.01,0.0,5.86,11,299,0
2026-08-02 13:50:21,3.5,85.7,371174.67,34.7,0.31,1.61,0.0,0.0,4.07,11,299,0
2026-08-02 13:50:27,2.5,85.9,365764.0,34.7,0.12,1.66,0.01,0.0,29.71,11,299,0
2026-08-02 13:50:33,9.2,85.8,367021.33,34.7,0.6,1.46,0.01,0.01,69.05,11,299,0
2026-08-02 13:50:39,2.6,85.9,364470.67,34.7,2.33,8.01,0.01,0.0,3.5,11,300,0
2026-08-02 13:50:45,5.1,86.0,363065.33,34.7,0.52,2.27,0.01,0.0,51.36,11,300,0
2026-08-02 13:50:51,4.4,85.8,368133.33,34.7,7.29,2.29,0.0,0.01,3.99,11,305,0
2026-08-02 13:50:57,9.5,85.5,375177.33,34.7,0.55,5.16,0.01,0.0,3.79,10,299,0
2026-08-02 13:51:04,2.3,85.6,373282.67,34.7,0.81,1.57,0.0,0.0,35.25,10,299,0
2026-08-02 13:51:10,4.1,85.7,370712.0,34.7,0.31,1.46,0.01,0.01,4.74,10,299,0
2026-08-02 13:51:16,4.8,86.0,363144.0,34.7,0.49,4.02,0.01,0.0,4.56,10,299,0
2026-08-02 13:51:22,4.1,84.7,396350.67,34.7,48.81,104.36,0.01,0.03,4.16,10,298,0
2026-08-02 13:51:28,1.2,85.1,385812.0,34.7,45.24,12.35,0.03,0.06,42.98,10,298,0
2026-08-02 13:51:34,5.0,85.4,379030.67,34.7,19.41,3.13,0.02,0.04,3.97,10,304,0
2026-08-02 13:51:40,6.9,85.6,373746.67,34.7,4.43,1.32,2.6,0.07,3.96,10,298,0
2026-08-02 13:51:46,15.6,85.5,376740.0,34.7,0.63,5.06,0.01,0.01,4.77,10,298,0
2026-08-02 13:51:52,3.5,85.3,380213.33,34.7,0.45,1.41,0.01,0.0,3.91,10,298,0
2026-08-02 13:51:58,2.3,85.5,375804.0,34.7,0.65,1.85,0.02,0.01,13.0,10,298,0
2026-08-02 13:52:04,2.1,85.5,376528.0,34.7,0.46,1.25,0.01,0.01,4.27,10,298,0
2026-08-02 13:52:10,9.1,85.5,374902.67,34.7,0.99,3.75,0.01,0.08,4.51,9,298,0
2026-08-02 13:52:16,2.3,85.5,376112.0,34.7,0.34,1.26,0.0,0.0,3.77,9,298,0
2026-08-02 13:52:22,9.2,85.3,381768.0,34.7,0.21,4.36,0.01,0.0,7.94,9,298,0
2026-08-02 13:52:28,3.6,85.7,371942.67,34.7,0.18,1.51,0.01,0.0,4.01,9,299,0
2026-08-02 13:52:34,0.9,85.5,376065.33,34.7,0.68,2.1,0.01,0.01,91.86,9,299,0
2026-08-02 13:52:40,3.9,85.5,375177.33,34.7,0.39,1.76,0.01,0.0,3.53,9,298,0
2026-08-02 13:52:46,6.9,85.4,377933.33,34.7,0.36,4.7,0.0,0.0,132.21,9,298,0
2026-08-02 13:52:52,3.1,85.6,372865.33,34.7,4.8,1.34,0.01,0.01,3.39,9,298,0
2026-08-02 13:52:58,4.9,85.9,364406.67,34.7,2.45,3.52,0.04,0.03,57.33,9,298,0
2026-08-02 13:53:04,9.5,86.9,339722.67,34.7,39.93,2.1,0.0,0.0,4.19,9,298,0
2026-08-02 13:53:10,2.5,86.9,340157.33,34.7,0.52,1.7,0.01,0.0,4.4,9,298,0
2026-08-02 13:53:16,33.3,87.3,328452.0,34.7,2.8,1.4,0.0,0.0,5.76,9,298,0
2026-08-02 13:53:22,35.1,88.4,302097.33,34.7,70.7,4.82,0.01,0.01,6.33,8,299,0
2026-08-02 13:53:28,2.2,87.7,318286.67,34.7,68.05,101.81,0.0,0.0,4.9,8,298,0
2026-08-02 13:53:34,3.2,85.6,373062.67,34.7,33.69,1.49,0.01,0.0,39.48,8,298,0
2026-08-02 13:53:41,4.5,85.8,368480.0,34.7,19.09,1.78,0.01,0.0,4.49,8,298,0
2026-08-02 13:53:47,2.3,85.9,365354.67,34.7,0.16,2.71,0.0,0.01,4.18,8,302,0
2026-08-02 13:53:53,7.5,85.8,368136.0,34.7,0.3,1.23,0.01,0.0,3.48,8,298,0
2026-08-02 13:53:59,5.9,85.8,368749.33,34.7,0.56,0.64,0.01,0.0,4.22,8,298,0
2026-08-02 13:54:05,3.0,85.7,370785.33,34.7,8.28,0.78,0.01,0.0,3.79,8,298,0
2026-08-02 13:54:11,1.0,85.8,367654.67,34.7,1.64,5.48,0.0,0.0,9.61,8,298,0
2026-08-02 13:54:17,0.7,85.9,366508.0,34.7,0.43,2.24,0.01,0.0,5.01,8,298,0
2026-08-02 13:54:23,5.8,85.8,369356.0,34.7,0.64,1.39,0.01,0.0,4.22,8,298,0
2026-08-02 13:54:29,4.8,85.7,370845.33,34.7,8.98,1.98,0.01,0.01,4.16,7,298,0
2026-08-02 13:54:35,7.1,85.8,367649.33,34.7,0.52,4.91,0.01,0.01,3.38,7,298,0
2026-08-02 13:54:41,5.4,86.1,359644.0,34.7,0.18,1.34,0.0,0.0,4.34,7,298,0
2026-08-02 13:54:47,2.3,86.0,362044.0,34.7,0.3,1.76,0.01,0.0,12.65,7,298,0
2026-08-02 13:54:53,3.3,85.9,364374.67,34.7,1.69,2.05,0.01,0.01,3.74,7,298,0
2026-08-02 13:54:59,2.7,86.1,359880.0,34.7,0.5,1.37,0.01,0.0,4.08,7,298,0
2026-08-02 13:55:05,3.5,86.2,358056.0,34.7,2.9,7.75,0.01,0.0,4.64,7,298,0
2026-08-02 13:55:11,1.8,86.3,354998.67,34.7,0.56,1.26,0.01,0.0,4.13,7,298,0
2026-08-02 13:55:17,5.2,86.1,359485.33,34.7,0.29,1.3,0.01,0.0,4.86,7,302,0
2026-08-02 13:55:23,8.5,86.2,358309.33,34.7,0.35,1.55,0.01,0.01,4.39,7,299,0
2026-08-02 13:55:29,7.3,86.2,357765.33,34.7,1.39,1.79,0.01,0.0,3.82,7,299,0
2026-08-02 13:55:35,1.0,86.3,354290.67,34.7,5.24,17.09,0.01,0.01,4.26,7,298,0
2026-08-02 13:55:41,20.0,87.2,330790.67,34.7,46.23,1.37,0.0,0.0,6.25,6,301,0
2026-08-02 13:55:47,1.8,88.0,310173.33,34.7,55.46,2.48,0.01,0.0,3.88,6,300,0
2026-08-02 13:55:53,0.1,88.1,308213.33,34.7,0.25,1.94,0.0,0.0,68.69,6,300,0
2026-08-02 13:55:59,4.0,87.9,314372.0,34.7,5.18,1.02,0.02,0.01,232.24,6,306,0
2026-08-02 13:56:05,8.1,88.0,311117.33,34.7,0.62,1.03,0.01,0.01,4.5,6,300,0
2026-08-02 13:56:11,7.2,87.9,313861.33,34.7,0.66,4.27,0.0,0.01,29.23,6,300,0
2026-08-02 13:56:17,3.5,87.8,315476.0,34.7,2.48,6.79,0.01,0.0,7.16,6,300,0
2026-08-02 13:56:24,12.2,87.6,320949.33,34.7,0.45,1.88,0.01,0.01,3.73,6,301,0
2026-08-02 13:56:30,0.1,87.8,317221.33,34.7,0.8,1.88,0.01,0.0,20.26,6,301,0
2026-08-02 13:56:36,58.5,89.5,271316.0,34.7,123.12,2.65,0.01,0.01,5.9,6,308,0
2026-08-02 13:56:42,20.7,88.5,296948.0,34.7,295.96,56.87,0.17,0.2,4.33,6,307,0
2026-08-02 13:56:48,21.0,87.9,313686.67,34.7,21.56,68.13,0.12,0.06,3.1,6,307,0
2026-08-02 13:56:54,10.8,87.7,318412.0,34.7,1.7,3.54,0.0,0.0,3.32,6,306,0
2026-08-02 13:57:00,12.6,87.6,321660.0,34.7,7.48,5.81,0.01,0.01,4.59,6,306,0
2026-08-02 13:57:06,16.8,87.9,314605.33,34.7,2.47,3.18,0.0,0.0,4.16,6,306,0
2026-08-02 13:57:12,29.6,89.0,285213.33,34.7,38.72,5.85,0.02,0.08,4.23,7,306,0
2026-08-02 13:57:18,26.8,93.2,176730.67,34.7,603.29,54.43,0.02,0.02,3.76,7,307,0
2026-08-02 13:57:24,51.1,89.5,272629.33,34.7,292.55,16.61,0.04,0.07,7.62,7,310,0
2026-08-02 13:57:30,17.4,83.3,433898.67,34.7,37.01,160.66,0.01,0.02,4.46,7,305,0
2026-08-02 13:57:36,25.3,87.4,325846.67,34.7,483.48,6.94,0.01,0.01,6.23,7,312,0
2026-08-02 13:57:42,36.5,87.5,324324.0,34.7,439.27,46.87,0.07,0.37,3.86,8,310,0
2026-08-02 13:57:48,16.7,86.0,363772.0,34.7,40.93,119.68,0.01,0.0,4.22,8,309,0
2026-08-02 13:57:54,38.0,87.3,329001.33,34.7,79.44,3.75,0.03,0.06,47.68,8,309,0
2026-08-02 13:58:00,11.9,88.1,309901.33,34.7,16.63,6.31,0.07,0.06,55.81,9,309,0
2026-08-02 13:58:06,12.7,88.0,309953.33,34.7,4.61,3.43,0.01,0.01,17.41,9,309,0
2026-08-02 13:58:12,9.4,88.3,303033.33,34.7,46.48,7.09,0.01,0.0,29.12,9,308,0
2026-08-02 13:58:18,9.5,87.2,332008.0,34.7,2.59,2.68,0.0,0.0,3.86,9,307,0
2026-08-02 13:58:24,8.3,86.7,345005.33,34.7,5.21,2.48,0.01,0.0,22.87,9,307,0
2026-08-02 13:58:30,11.1,87.0,337478.67,34.7,3.68,5.63,0.01,0.0,3.34,10,307,0
2026-08-02 13:58:36,8.5,86.9,338864.0,34.7,7.95,2.57,0.02,0.02,3.98,10,306,0
2026-08-02 13:58:42,16.3,88.1,307658.67,34.7,115.29,3.39,0.01,0.0,4.25,10,305,0
2026-08-02 13:58:48,11.0,86.8,342141.33,34.7,46.74,4.99,0.0,0.0,3.62,10,304,0
2026-08-02 13:58:54,11.3,88.0,311226.67,34.7,594.32,284.87,0.01,0.0,3.78,10,304,0
2026-08-02 13:59:00,41.4,92.2,202832.0,34.7,644.72,24.37,0.05,0.04,3.32,10,300,0
2026-08-02 13:59:06,26.3,88.7,294297.33,34.7,369.7,287.33,0.01,0.01,3.79,10,300,0
2026-08-02 13:59:12,8.4,89.3,278034.67,34.7,24.64,5.46,0.01,0.0,3.97,10,300,0
2026-08-02 13:59:18,8.6,89.6,269325.33,34.7,27.53,6.19,0.0,0.0,3.42,11,300,0
2026-08-02 13:59:24,11.8,89.4,275469.33,34.7,28.87,0.63,0.01,0.01,4.67,11,300,0
2026-08-02 13:59:30,10.0,89.5,271520.0,34.7,9.74,0.9,0.0,0.0,3.42,11,300,0
2026-08-02 13:59:36,3.1,90.8,239378.67,34.7,61.2,4.32,0.02,0.02,3.51,11,300,0
2026-08-02 13:59:42,2.2,91.2,228990.67,34.7,21.1,5.59,0.01,0.01,13.92,11,300,0
2026-08-02 13:59:48,0.9,91.2,227774.67,34.7,14.55,1.7,0.0,0.0,5.48,12,300,0
2026-08-02 13:59:54,0.1,91.6,217989.33,34.7,9.04,1.45,0.01,0.0,4.44,12,300,0
2026-08-02 14:00:00,17.8,92.5,195194.67,34.7,183.58,2.01,0.02,0.01,3.56,12,300,0
2026-08-02 14:00:06,0.3,86.0,362428.0,34.7,279.52,135.61,0.02,0.02,4.75,12,300,0
2026-08-02 14:00:12,0.7,84.3,407156.0,34.7,15.14,5.02,0.01,0.0,33.77,12,300,0
2026-08-02 14:00:18,3.7,84.7,397497.33,34.7,21.55,1.63,0.0,0.0,6.55,13,300,0
2026-08-02 14:00:24,9.0,85.6,372193.33,34.7,61.35,2.37,0.01,0.0,3.57,13,300,0
2026-08-02 14:00:30,11.3,85.3,381560.0,34.7,42.7,1.53,0.0,0.0,37.12,14,299,0
2026-08-02 14:00:37,3.8,85.6,374522.67,34.7,8.24,4.79,0.02,0.02,32.72,14,299,0
2026-08-02 14:00:43,1.0,85.6,373618.67,34.7,6.67,1.72,0.0,0.0,3.77,14,298,0
2026-08-02 14:00:49,4.5,85.8,368918.67,34.7,7.44,1.64,0.01,0.01,4.39,14,298,0
2026-08-02 14:00:55,0.5,87.0,336317.33,34.7,141.46,1.84,0.01,0.0,4.26,14,297,0
2026-08-02 14:01:01,8.8,87.3,329309.33,34.7,10.72,4.68,0.02,0.01,4.34,14,297,0
2026-08-02 14:01:07,1.4,87.4,327960.0,34.7,5.43,1.99,0.01,0.01,6.64,14,297,0
2026-08-02 14:01:13,4.9,87.4,326872.0,34.7,2.37,1.77,0.0,0.0,4.4,14,297,0
2026-08-02 14:01:19,3.4,87.7,320174.67,34.7,3.9,4.1,0.01,0.0,4.05,15,297,0
2026-08-02 14:01:25,15.4,84.4,405153.33,34.7,419.9,143.97,0.03,0.02,3.38,15,298,0
2026-08-02 14:01:31,11.6,85.7,370749.33,34.7,148.47,2.64,0.0,0.0,40.61,15,298,0
2026-08-02 14:01:37,9.2,86.8,343393.33,34.7,282.54,5.82,0.01,0.0,4.44,15,301,0
2026-08-02 14:01:43,10.6,87.3,328329.33,34.7,361.27,55.29,0.03,0.02,3.7,16,303,0
2026-08-02 14:01:49,5.7,87.7,318770.67,34.7,89.65,2.61,0.03,0.02,4.2,16,305,0
2026-08-02 14:01:55,6.8,87.2,331264.0,34.7,43.82,2.61,2.04,0.05,4.22,16,305,0
2026-08-02 14:02:01,12.4,87.6,322481.33,34.7,117.3,4.52,0.37,0.03,4.03,16,304,0
2026-08-02 14:02:07,1.3,87.7,317845.33,34.7,153.29,2.17,0.42,0.02,4.6,16,304,0
2026-08-02 14:02:13,1.5,87.6,320934.67,34.7,27.29,0.71,0.18,0.09,22.75,17,303,0
2026-08-02 14:02:19,0.0,87.7,319720.0,34.7,18.27,0.51,0.02,0.0,,17,302,0
2026-08-02 14:02:29,9.3,85.0,389833.33,34.7,71.11,32.62,0.08,0.0,3.78,17,302,0
2026-08-02 14:02:35,85.9,85.2,383440.0,34.7,129.53,1.12,0.11,0.01,3.93,18,304,0
2026-08-02 14:02:41,4.9,85.3,381017.33,34.7,40.25,6.96,0.16,0.01,3.84,18,299,0
2026-08-02 14:02:47,6.3,85.8,367490.67,34.7,10.9,2.11,0.2,0.01,3.35,18,301,0
2026-08-02 14:02:53,2.2,85.7,370364.0,34.7,26.14,1.63,0.22,0.01,3.3,18,301,0
2026-08-02 14:02:59,6.6,86.0,362454.67,34.7,24.66,1.85,0.35,0.02,3.66,18,301,0
2026-08-02 14:03:05,5.3,86.2,356760.0,34.7,55.72,5.72,0.13,0.0,3.57,18,301,0
2026-08-02 14:03:11,2.4,86.4,353362.67,34.7,40.91,2.12,0.24,0.02,3.28,19,301,0
2026-08-02 14:03:17,12.4,85.1,386296.0,34.7,393.87,23.04,0.13,0.02,22.77,19,302,0
2026-08-02 14:03:23,3.9,85.4,378972.0,34.7,94.61,60.59,0.14,0.02,3.87,20,302,0
2026-08-02 14:03:29,6.6,85.9,366665.33,34.7,69.61,1.95,0.16,0.03,8.06,20,302,0
2026-08-02 14:03:35,2.5,85.8,368429.33,34.7,47.15,0.8,0.18,0.02,3.83,20,302,0
2026-08-02 14:03:41,7.0,86.3,356077.33,34.7,34.53,2.09,0.1,0.0,4.53,20,301,0
2026-08-02 14:03:47,5.3,85.6,373525.33,34.7,65.57,2.2,0.12,0.03,17.85,20,297,0
2026-08-02 14:03:53,10.7,87.1,335320.0,34.7,189.78,5.05,0.12,0.02,35.71,20,297,0
2026-08-02 14:03:59,16.0,87.4,326534.67,34.7,73.98,7.02,4.44,0.09,26.97,20,297,0
2026-08-02 14:04:05,4.6,87.7,320109.33,34.7,42.95,12.46,0.18,0.01,18.26,20,297,0
2026-08-02 14:04:11,2.6,87.5,323102.67,34.7,28.5,2.36,0.09,0.0,82.12,21,297,0
2026-08-02 14:04:17,2.4,88.1,308057.33,34.7,102.85,5.22,0.1,0.02,21.5,21,297,0
2026-08-02 14:04:23,7.9,85.5,376388.0,34.7,67.77,156.77,0.09,0.0,37.68,22,298,0
2026-08-02 14:04:30,12.6,86.0,364285.33,34.7,63.79,2.02,0.1,0.02,33.89,22,298,0
2026-08-02 14:04:36,2.8,86.0,363962.67,34.7,25.7,5.04,0.11,0.01,57.06,22,298,0
2026-08-02 14:04:42,6.4,86.2,356938.67,34.7,75.73,2.02,0.16,0.01,52.09,22,299,0
2026-08-02 14:04:48,4.1,87.3,330004.0,34.7,93.92,1.54,0.12,0.01,21.95,22,298,0
2026-08-02 14:04:54,2.3,87.3,330080.0,34.7,23.52,1.79,0.11,0.0,46.8,22,298,0
2026-08-02 14:05:00,9.2,86.7,344188.0,34.7,33.77,5.56,0.2,0.02,34.44,22,297,0
2026-08-02 14:05:06,5.9,87.1,335646.67,34.7,31.15,2.44,0.1,0.01,47.04,22,297,0
2026-08-02 14:05:12,1.2,87.0,337729.33,34.7,18.65,4.75,0.09,0.01,55.11,23,297,0
2026-08-02 14:05:18,0.9,87.3,330193.33,34.7,12.75,1.02,0.07,0.0,21.13,23,297,0
2026-08-02 14:05:24,1.7,87.4,328008.0,34.7,33.67,1.93,0.09,0.0,6.64,24,297,0
2026-08-02 14:05:30,11.1,87.2,330661.33,34.7,27.66,7.99,0.09,0.02,21.08,24,297,0
2026-08-02 14:05:36,2.7,87.3,329724.0,34.7,24.43,2.17,0.09,0.01,26.82,24,297,0
2026-08-02 14:05:42,4.0,87.4,326670.67,34.7,39.92,2.14,0.08,0.0,40.71,24,297,0
2026-08-02 14:05:48,0.4,87.4,327721.33,34.7,25.84,1.89,0.14,0.01,33.21,24,297,0
2026-08-02 14:05:54,2.7,86.8,343437.33,34.7,24.33,4.68,0.08,0.0,40.23,24,297,0
2026-08-02 14:06:00,10.6,87.0,336208.0,34.7,22.2,2.61,0.09,0.01,30.41,24,299,0
2026-08-02 14:06:06,1.4,87.0,337230.67,34.7,8.41,2.19,0.06,0.01,4.31,24,298,0
2026-08-02 14:06:12,1.3,87.4,325909.33,34.7,17.64,5.58,0.01,0.0,4.12,25,297,0
2026-08-02 14:06:18,6.5,87.5,325434.67,34.7,24.95,2.96,0.01,0.0,4.34,25,297,0
2026-08-02 14:06:24,1.8,84.1,411456.0,34.7,35.6,2.76,0.0,0.0,4.24,26,297,0
2026-08-02 14:06:30,11.3,85.3,381633.33,34.7,68.46,1.43,0.02,0.02,3.48,26,298,0
2026-08-02 14:06:36,1.2,85.4,378988.0,34.7,4.36,2.25,0.01,0.01,4.43,26,298,0
2026-08-02 14:06:42,0.1,85.6,374544.0,34.7,6.11,4.86,0.01,0.01,,26,298,0
2026-08-02 14:06:52,6.8,85.7,371742.67,34.7,1.23,1.98,0.01,0.01,4.18,26,298,0
2026-08-02 14:06:58,0.0,85.6,373192.0,34.7,7.65,1.96,0.03,0.01,23.02,26,298,0
2026-08-02 14:07:04,7.1,85.2,384993.33,34.6,18.88,0.73,0.01,0.0,5.73,26,297,0
2026-08-02 14:07:10,0.3,85.0,388000.0,34.6,5.95,2.4,0.01,0.0,22.42,26,297,0
2026-08-02 14:07:16,25.5,87.6,322416.0,34.6,172.38,4.79,0.02,0.09,22.92,27,307,0
2026-08-02 14:07:23,22.2,86.7,343904.0,34.6,194.72,10.84,0.01,0.01,4.02,27,307,0
2026-08-02 14:07:29,12.3,87.2,332641.33,34.6,119.69,4.15,0.02,0.02,4.33,27,307,0
2026-08-02 14:07:35,58.5,90.2,252952.0,34.6,155.28,3.54,0.01,0.0,4.06,27,307,0
2026-08-02 14:07:41,17.1,87.8,315205.33,34.6,134.53,105.65,0.0,0.0,15.27,27,307,0
2026-08-02 14:07:47,10.2,88.2,306362.67,34.6,111.54,4.66,0.02,0.01,4.14,28,308,0
2026-08-02 14:07:53,13.6,90.4,249041.33,34.6,227.95,11.67,0.01,0.01,3.66,28,307,0
2026-08-02 14:07:59,9.3,89.0,285294.67,34.6,117.29,138.05,0.02,0.01,3.77,28,307,0
2026-08-02 14:08:05,17.6,81.2,486528.0,34.6,112.31,11.55,0.01,0.0,3.82,28,307,0
2026-08-02 14:08:11,19.8,80.5,506942.67,34.6,73.42,25.77,0.0,0.0,3.88,28,307,0
2026-08-02 14:08:17,25.3,78.6,554672.0,34.6,45.94,8.23,0.01,0.0,4.18,29,305,0
2026-08-02 14:08:23,24.8,76.5,610321.33,34.6,32.61,15.16,0.01,0.05,5.22,29,301,0
2026-08-02 14:08:29,16.1,76.2,617077.33,34.6,16.31,4.51,0.01,0.0,4.45,29,299,0
2026-08-02 14:08:35,13.4,76.1,620820.0,34.6,12.83,1.33,0.01,0.0,3.63,30,299,0
2026-08-02 14:08:41,10.6,77.3,588538.67,34.6,36.57,2.83,0.01,0.01,3.01,30,299,0
2026-08-02 14:08:47,12.2,76.5,610362.67,34.6,10.9,3.91,0.01,0.0,13.84,30,299,0
2026-08-02 14:08:53,22.1,76.6,606521.33,34.6,7.22,2.38,0.0,0.01,3.67,30,299,0
2026-08-02 14:08:59,19.9,77.1,593537.33,34.6,36.58,4.82,0.03,0.08,3.55,30,299,0
2026-08-02 14:09:05,20.2,77.3,587541.33,34.6,7.43,3.3,0.0,0.0,3.19,30,299,0
2026-08-02 14:09:11,11.1,76.4,611585.33,34.6,29.37,5.91,0.01,0.0,3.77,30,299,0
2026-08-02 14:09:17,9.0,77.0,596413.33,34.6,340.46,5.37,0.02,0.01,3.34,30,300,0
2026-08-02 14:09:23,10.3,77.0,595558.67,34.6,28.47,4.69,0.01,0.0,3.48,31,300,0
2026-08-02 14:09:29,11.5,77.1,593505.33,34.6,17.9,6.22,0.01,0.01,4.0,31,300,0
2026-08-02 14:09:35,14.1,77.0,595204.0,34.6,14.59,3.58,0.01,0.01,3.8,31,300,0
2026-08-02 14:09:41,13.4,77.2,591062.67,34.6,19.4,4.16,0.01,0.0,4.1,31,300,0
2026-08-02 14:09:47,13.0,77.1,593304.0,34.6,14.98,5.7,0.01,0.0,4.57,31,300,0
2026-08-02 14:09:53,12.6,76.8,600644.0,34.6,16.99,8.22,0.0,0.0,3.93,32,299,0
2026-08-02 14:09:59,19.2,77.4,586585.33,34.6,16.11,4.29,0.01,0.0,3.35,32,299,0
2026-08-02 14:10:05,13.7,77.4,586826.67,34.6,13.33,2.88,0.01,0.0,4.43,32,299,0
2026-08-02 14:10:11,16.9,76.6,606362.67,34.6,14.29,7.08,0.01,0.01,3.3,32,299,0
2026-08-02 14:10:17,13.7,76.7,604280.0,34.6,21.34,5.16,0.0,0.0,28.76,32,299,0
2026-08-02 14:10:23,13.3,77.5,582784.0,34.6,18.3,6.4,0.01,0.01,16.3,33,300,0
2026-08-02 14:10:29,16.2,77.5,583933.33,34.6,16.37,6.18,0.01,0.01,24.31,33,300,0
2026-08-02 14:10:35,9.9,77.3,587986.67,34.6,27.59,5.32,0.0,0.0,3.54,33,300,0
2026-08-02 14:10:41,9.5,77.3,589596.0,34.6,35.59,6.08,0.01,0.01,3.28,33,300,0
2026-08-02 14:10:47,10.6,77.1,594578.67,34.6,36.17,7.03,0.01,0.0,9.9,34,306,0
2026-08-02 14:10:53,18.9,77.2,591938.67,34.6,44.23,8.09,0.01,0.0,19.34,34,302,0
2026-08-02 14:10:59,80.9,77.4,586804.0,34.6,15.01,5.23,0.04,0.02,12.78,34,302,0
2026-08-02 14:11:05,10.0,75.9,624622.67,34.7,383.98,331.61,0.01,0.01,3.63,34,302,0
2026-08-02 14:11:11,6.4,75.4,638248.0,34.9,919.97,905.49,0.01,0.01,4.48,34,302,0
2026-08-02 14:11:17,10.2,75.7,631093.33,35.1,1494.98,710.38,0.0,0.0,206.57,34,302,0
2026-08-02 14:11:23,12.4,75.9,623969.33,35.0,1637.19,1073.91,0.02,0.01,21.5,35,305,0
2026-08-02 14:11:29,11.4,76.3,615442.67,35.1,1533.99,1532.07,0.0,0.01,23.28,35,302,0
2026-08-02 14:11:36,9.9,74.3,666553.33,34.8,130.62,265.32,0.02,0.02,17.17,35,301,0
2026-08-02 14:11:42,9.2,74.4,664702.67,34.8,34.44,6.51,0.04,0.01,15.83,35,301,0
2026-08-02 14:11:48,8.8,73.9,675588.0,34.8,30.28,16.4,0.0,0.0,4.18,35,301,0
2026-08-02 14:11:54,14.2,72.7,707069.33,34.8,62.38,19.95,0.03,0.21,3.16,35,299,0
2026-08-02 14:12:00,2.1,72.5,714094.67,34.8,53.31,9.25,0.02,0.02,4.2,35,305,0
2026-08-02 14:12:06,4.0,72.0,727044.0,34.8,5.88,4.25,0.03,0.02,3.47,36,299,0
2026-08-02 14:12:12,0.3,72.1,723249.33,34.8,25.82,23.39,0.01,0.01,4.64,36,299,0
2026-08-02 14:12:18,0.3,72.2,721102.67,34.8,2.7,3.0,0.0,0.0,4.62,36,299,0
2026-08-02 14:12:24,3.7,72.1,723698.67,34.8,2.94,4.79,0.02,0.1,5.43,37,299,0
2026-08-02 14:12:30,13.3,71.6,735656.0,34.9,73.48,470.48,0.0,0.0,4.42,37,298,0
2026-08-02 14:12:36,9.9,77.1,593224.0,35.1,306.4,699.95,0.01,0.0,4.44,37,299,0
2026-08-02 14:12:42,9.8,75.4,638966.67,35.1,777.69,221.04,0.02,0.02,3.22,37,299,0
2026-08-02 14:12:48,16.8,72.9,703949.33,34.7,412.97,1129.51,0.0,0.0,4.18,37,299,0
2026-08-02 14:12:54,0.4,72.2,720497.33,34.7,14.71,5.15,0.01,0.0,4.01,37,299,0
2026-08-02 14:13:00,0.1,72.2,720356.0,34.7,5.68,0.78,0.03,0.02,3.62,37,299,0
2026-08-02 14:13:06,1.8,72.8,705866.67,34.7,84.48,24.91,0.01,0.0,4.13,37,299,0
2026-08-02 14:13:12,0.6,71.8,732376.0,34.8,6.49,3.45,0.0,0.0,3.68,38,298,0
2026-08-02 14:13:18,3.2,71.7,734024.0,34.8,6.09,4.61,0.01,0.0,3.99,38,298,0
2026-08-02 14:13:24,0.5,71.8,730338.67,34.8,7.2,2.48,0.01,0.04,3.64,38,298,0
2026-08-02 14:13:30,0.3,71.7,734978.67,34.8,5.41,2.32,0.0,0.0,4.33,38,297,0
2026-08-02 14:13:36,0.1,71.8,730568.0,34.7,2.67,6.27,0.02,0.01,4.64,38,297,0
2026-08-02 14:13:42,0.0,71.9,729626.67,34.7,1.77,1.86,0.02,0.01,4.52,38,297,0
2026-08-02 14:13:48,3.2,71.8,731278.67,34.8,1.26,2.17,0.01,0.0,4.11,39,297,0
2026-08-02 14:13:54,6.9,72.0,726929.33,34.8,0.59,4.23,0.01,0.0,4.42,39,297,0
2026-08-02 14:14:00,1.7,72.0,725202.67,34.8,3.16,3.12,0.02,0.02,4.04,39,297,0
2026-08-02 14:14:06,1.5,72.0,726044.0,34.8,1.14,5.71,0.01,0.0,4.43,39,297,0
2026-08-02 14:14:12,0.3,72.8,704805.33,34.8,60.81,2.46,0.01,0.01,4.64,39,298,0
2026-08-02 14:14:18,0.5,73.0,700924.0,34.8,1.18,2.23,0.01,0.01,4.98,39,298,0
2026-08-02 14:14:24,0.1,73.0,699028.0,34.8,2.11,4.48,0.0,0.0,3.57,40,298,0
2026-08-02 14:14:30,3.0,72.9,703320.0,34.8,1.02,3.0,0.01,0.0,3.64,40,298,0
2026-08-02 14:14:36,0.4,72.4,715616.0,34.8,0.41,4.68,0.01,0.0,3.95,40,298,0
2026-08-02 14:14:42,10.8,72.6,710781.33,34.8,204.6,2.27,0.01,0.01,4.5,40,297,0
2026-08-02 14:14:48,12.8,72.7,708589.33,34.8,1.53,4.55,0.01,0.0,5.84,41,297,0
2026-08-02 14:14:54,12.7,72.7,708134.67,34.8,0.56,1.11,0.0,0.0,3.88,41,297,0
2026-08-02 14:15:00,11.5,72.8,705693.33,34.8,4.29,2.09,0.03,0.02,3.34,41,297,0
2026-08-02 14:15:06,18.5,72.9,702482.67,34.8,2.32,5.8,0.01,0.01,4.33,41,297,0
2026-08-02 14:15:12,11.4,72.9,703882.67,34.8,5.38,3.91,0.01,0.01,3.56,41,297,0
2026-08-02 14:15:18,0.6,73.1,698420.0,34.8,13.15,4.92,0.01,0.02,4.07,41,297,0
2026-08-02 14:15:24,0.7,72.9,701520.0,34.8,0.72,2.52,0.0,0.01,3.98,42,297,0
2026-08-02 14:15:30,0.5,72.9,703326.67,34.8,0.72,3.27,0.01,0.0,4.5,42,297,0
2026-08-02 14:15:36,0.1,73.0,700798.67,34.8,0.99,4.53,0.02,0.01,4.89,42,297,0
2026-08-02 14:15:43,3.2,72.9,703288.0,34.8,0.8,1.8,0.01,0.0,3.66,42,297,0
2026-08-02 14:15:49,0.8,72.9,701760.0,34.8,0.89,1.79,0.01,0.0,4.24,42,297,0
2026-08-02 14:15:55,0.3,73.0,701338.67,34.8,0.6,4.56,0.0,0.0,3.92,42,297,0
2026-08-02 14:16:01,3.4,73.1,698678.67,34.8,2.82,3.38,0.02,0.01,4.05,42,297,0
2026-08-02 14:16:07,2.3,72.9,701666.67,34.8,1.08,2.57,0.01,0.01,4.11,43,297,0
2026-08-02 14:16:13,0.0,72.9,703166.67,34.8,0.4,4.5,0.01,0.0,4.72,43,297,0
2026-08-02 14:16:19,2.9,72.9,701584.0,34.8,5.71,2.91,0.02,0.01,3.65,43,297,0
2026-08-02 14:16:25,3.0,73.1,698686.67,34.8,2.78,2.11,0.01,0.0,4.36,44,296,0
2026-08-02 14:16:31,0.1,73.2,695836.0,34.8,4.59,5.16,0.01,0.01,3.96,44,296,0
2026-08-02 14:16:37,1.3,73.0,699710.67,34.8,2.07,5.57,0.0,0.0,4.57,44,296,0
2026-08-02 14:16:43,0.0,73.1,696534.67,34.8,2.11,2.1,0.02,0.02,4.86,44,296,0
2026-08-02 14:16:49,0.0,73.0,699228.0,34.8,0.44,1.58,0.0,0.0,5.49,44,296,0
2026-08-02 14:16:55,5.5,73.3,691757.33,34.8,9.96,4.23,0.01,0.0,4.09,44,296,0
2026-08-02 14:17:01,0.5,73.1,697336.0,34.8,6.58,3.36,0.04,0.02,3.61,44,296,0
2026-08-02 14:17:07,3.3,73.0,699121.33,34.8,1.23,2.57,0.0,0.0,4.41,44,296,0
2026-08-02 14:17:13,0.0,72.9,702709.33,34.8,0.33,8.42,0.01,0.0,5.9,44,296,0
2026-08-02 14:17:19,0.3,72.8,705846.67,34.8,1.21,3.2,0.0,0.0,6.54,45,296,0
2026-08-02 14:17:25,0.8,72.9,703808.0,34.8,0.66,5.52,0.01,0.08,4.41,45,296,0
2026-08-02 14:17:31,9.7,72.8,706366.67,34.8,0.88,2.7,0.01,0.0,3.57,45,296,0
2026-08-02 14:17:37,3.7,73.0,701056.0,34.8,0.99,4.93,0.01,0.01,3.44,45,296,0
2026-08-02 14:17:43,1.6,72.9,702248.0,34.8,1.89,3.07,0.01,0.01,5.57,45,296,0
2026-08-02 14:17:49,0.0,72.9,702365.33,34.8,1.21,1.2,0.01,0.01,3.65,45,296,0
2026-08-02 14:17:55,0.3,72.8,704421.33,34.8,1.78,2.18,0.01,0.0,4.21,46,297,0
2026-08-02 14:18:01,0.3,72.7,707468.0,34.8,3.77,6.52,0.01,0.0,3.99,46,297,0
2026-08-02 14:18:07,3.4,72.6,710450.67,34.8,5.59,2.53,0.01,0.0,6.75,46,297,0
2026-08-02 14:18:13,2.6,73.1,698354.67,34.8,7.63,2.52,0.01,0.0,3.87,46,298,0
2026-08-02 14:18:19,0.3,73.1,697714.67,34.8,1.39,7.6,0.0,0.0,4.0,46,297,0
2026-08-02 14:18:25,0.8,72.9,702726.67,34.8,0.25,2.04,0.01,0.01,4.19,47,297,0
2026-08-02 14:18:31,0.8,72.8,704426.67,34.8,0.75,2.14,0.0,0.0,3.74,47,297,0
2026-08-02 14:18:37,7.1,73.0,699505.33,34.8,0.52,5.9,0.01,0.0,3.62,47,297,0
2026-08-02 14:18:43,3.2,73.6,683836.0,34.8,9.64,2.57,0.01,0.01,4.49,47,297,0
2026-08-02 14:18:49,0.9,72.6,711022.67,34.8,3.76,44.0,0.01,0.02,4.19,47,297,0
2026-08-02 14:18:55,0.0,72.6,711548.0,34.8,1.12,2.64,0.01,0.0,3.91,47,297,0
2026-08-02 14:19:01,0.6,72.5,712714.67,34.8,0.96,2.14,0.02,0.01,3.81,47,297,0
2026-08-02 14:19:07,0.7,72.7,708428.0,34.8,7.9,2.09,0.01,0.0,4.77,48,297,0
2026-08-02 14:19:13,0.7,74.2,669438.67,34.8,100.87,13.76,0.02,0.02,5.38,48,301,0
2026-08-02 14:19:19,7.1,74.2,670365.33,34.8,0.68,2.43,0.01,0.0,9.04,48,301,0
2026-08-02 14:19:25,5.8,74.8,652244.0,34.8,72.35,6.47,0.01,0.0,3.68,48,300,0
2026-08-02 14:19:31,0.8,74.9,650989.33,34.8,25.2,4.16,0.0,0.0,4.32,48,300,0
2026-08-02 14:19:37,2.2,74.9,651318.67,34.8,0.47,2.48,0.01,0.01,4.41,48,300,0
2026-08-02 14:19:43,1.9,74.7,657229.33,34.8,1.36,5.36,0.0,0.01,3.98,49,299,0
2026-08-02 14:19:49,0.0,74.5,660410.67,34.8,1.24,1.27,0.01,0.0,5.34,49,299,0
2026-08-02 14:19:55,4.7,74.6,658785.33,34.8,0.16,1.14,0.01,0.0,4.51,49,298,0
2026-08-02 14:20:01,0.3,74.8,653416.0,34.8,1.09,2.16,0.01,0.0,4.4,49,298,0
2026-08-02 14:20:07,1.9,74.7,656424.0,34.8,2.36,7.65,0.01,0.01,4.23,49,298,0
2026-08-02 14:20:13,0.4,74.8,652966.67,34.8,6.18,3.47,0.01,0.02,4.62,49,298,0
2026-08-02 14:20:19,0.1,75.7,630966.67,34.8,7.19,4.62,0.01,0.01,3.85,49,299,0
2026-08-02 14:20:25,0.1,75.8,628378.67,34.8,0.32,2.38,0.0,0.0,4.21,50,299,0
2026-08-02 14:20:31,4.4,75.7,631414.67,34.8,0.2,2.92,0.01,0.0,4.82,50,299,0
2026-08-02 14:20:37,9.8,75.5,635613.33,34.8,1.39,6.77,0.01,0.0,4.67,50,299,0
2026-08-02 14:20:43,1.4,75.8,628796.0,34.8,0.61,2.12,0.01,0.01,4.33,50,299,0
2026-08-02 14:20:49,2.7,75.1,646070.67,34.8,1.2,2.26,0.01,0.01,3.61,51,298,0
2026-08-02 14:20:55,6.9,75.0,648314.67,34.8,0.53,4.45,0.0,0.0,4.7,51,298,0
2026-08-02 14:21:01,0.0,75.1,645317.33,34.8,3.8,2.1,0.03,0.01,3.53,51,298,0
2026-08-02 14:21:07,4.7,75.2,643040.0,34.8,1.43,2.54,0.01,0.01,4.05,51,298,0
2026-08-02 14:21:13,0.1,75.0,648773.33,34.8,0.55,5.72,0.0,0.01,4.18,51,298,0
2026-08-02 14:21:19,0.4,75.0,647110.67,34.8,6.41,2.57,0.01,0.0,4.28,51,298,0
2026-08-02 14:21:25,0.8,74.0,674176.0,34.8,0.83,5.39,0.01,0.02,3.47,52,298,0
2026-08-02 14:21:31,6.0,74.1,670833.33,34.8,3.61,2.33,0.01,0.0,3.4,52,298,0
2026-08-02 14:21:37,0.0,74.5,660973.33,34.8,0.83,3.91,0.01,0.01,4.08,52,298,0
2026-08-02 14:21:43,3.4,74.5,661925.33,34.8,1.01,4.41,0.01,0.01,3.44,52,298,0
2026-08-02 14:21:50,0.5,75.4,639205.33,34.8,12.78,15.71,0.01,0.01,3.69,52,299,0
2026-08-02 14:21:56,0.4,75.4,637272.0,34.8,0.46,2.49,0.0,0.0,3.39,52,299,0
2026-08-02 14:22:02,0.1,75.6,633874.67,34.8,1.12,4.7,0.02,0.01,4.18,52,299,0
2026-08-02 14:22:08,1.4,75.4,638838.67,34.8,1.41,2.74,0.01,0.0,9.92,52,299,0
2026-08-02 14:22:14,0.0,75.2,643869.33,34.8,0.43,1.94,0.01,0.01,6.27,52,299,0
2026-08-02 14:22:20,3.6,74.4,663976.0,34.8,0.45,7.11,0.01,0.0,7.3,53,298,0
2026-08-02 14:22:26,0.3,74.5,661338.67,34.8,0.48,2.21,0.01,0.08,26.66,53,298,0
2026-08-02 14:22:32,3.0,74.6,658844.0,34.8,0.68,2.04,0.01,0.0,3.64,53,298,0
2026-08-02 14:22:38,0.9,74.7,656156.0,34.8,0.83,4.76,0.01,0.01,44.95,53,298,0
2026-08-02 14:22:44,3.9,74.7,656998.67,34.8,0.32,2.01,0.01,0.01,18.55,53,298,0
2026-08-02 14:22:50,0.1,74.8,653730.67,34.8,0.24,1.84,0.0,0.0,7.31,54,298,0
2026-08-02 14:22:56,4.2,76.6,606889.33,34.8,35.63,6.31,0.01,0.01,4.58,54,299,0
2026-08-02 14:23:02,0.4,76.4,613029.33,34.8,4.2,4.72,0.06,0.03,30.33,54,299,0
2026-08-02 14:23:08,0.0,76.5,609980.0,34.8,1.77,3.85,0.0,0.0,5.08,54,299,0
2026-08-02 14:23:14,0.3,76.5,609781.33,34.8,5.51,2.47,0.01,0.0,5.81,54,299,0
2026-08-02 14:23:20,0.3,76.8,602038.67,34.8,15.48,5.32,0.04,0.02,36.77,54,299,0
2026-08-02 14:23:26,0.1,76.7,605217.33,34.8,0.47,2.38,0.01,0.0,197.19,55,298,0
2026-08-02 14:23:32,4.8,76.3,615362.67,34.8,0.51,6.73,0.01,0.0,104.24,55,298,0
2026-08-02 14:23:38,0.3,76.6,608068.0,34.8,1.68,4.64,0.01,0.01,3.8,55,298,0
2026-08-02 14:23:44,0.8,76.5,609142.67,34.8,2.17,8.28,0.02,0.0,19.97,55,298,0
2026-08-02 14:23:50,0.0,76.6,605984.0,34.8,1.6,1.23,0.01,0.0,3.59,55,298,0
2026-08-02 14:23:56,0.8,76.5,609153.33,34.8,16.46,4.5,0.01,0.0,30.11,55,298,0
2026-08-02 14:24:02,1.1,77.5,583042.67,34.8,17.23,22.0,0.02,0.01,4.15,55,305,0
2026-08-02 14:24:08,4.1,77.5,583898.67,34.8,37.06,2.41,0.01,0.0,27.33,55,299,0
2026-08-02 14:24:14,1.7,77.2,591330.67,34.8,0.48,7.48,0.01,0.0,4.35,56,299,0
2026-08-02 14:24:20,0.4,77.3,588765.33,34.8,12.0,1.22,0.01,0.01,7.77,56,299,0
2026-08-02 14:24:26,1.8,77.4,586810.67,34.8,1.03,2.24,0.01,0.0,4.6,56,299,0
2026-08-02 14:24:32,0.0,76.6,607008.0,34.8,0.45,2.32,0.0,0.0,33.32,56,298,0
2026-08-02 14:24:39,3.4,76.6,607018.67,34.8,0.39,5.95,0.01,0.0,3.68,56,304,0
2026-08-02 14:24:45,4.3,76.7,603554.67,34.8,1.29,6.02,0.01,0.01,105.14,57,298,0
2026-08-02 14:24:51,1.3,76.9,600337.33,34.8,2.1,2.06,0.01,0.01,51.95,57,298,0
2026-08-02 14:24:57,3.5,76.8,602553.33,34.8,13.36,2.42,0.03,0.01,40.18,57,298,0
2026-08-02 14:25:03,0.3,76.9,600166.67,34.8,0.81,4.81,0.0,0.01,38.12,57,298,0
2026-08-02 14:25:09,0.5,77.0,596045.33,34.8,0.56,2.53,0.01,0.0,19.1,57,298,0
2026-08-02 14:25:15,3.6,76.8,601338.67,34.8,0.84,2.13,0.0,0.0,136.59,57,297,0
2026-08-02 14:25:21,0.4,76.8,602098.67,34.8,0.57,7.14,0.01,0.0,10.86,57,297,0
2026-08-02 14:25:27,2.4,77.0,597181.33,34.8,12.48,2.88,0.01,0.0,17.18,58,298,0
2026-08-02 14:25:33,0.4,76.8,600992.0,34.8,3.68,2.68,0.0,0.0,3.72,58,297,0
2026-08-02 14:25:39,0.7,76.7,604280.0,34.8,0.44,5.27,0.01,0.01,3.51,58,297,0
2026-08-02 14:25:45,4.4,77.3,588881.33,34.8,17.39,1.94,0.0,0.01,4.12,58,298,0
2026-08-02 14:25:51,3.5,77.7,579077.33,34.8,35.14,2.34,0.01,0.01,4.77,58,298,0
2026-08-02 14:25:57,1.7,77.9,573438.67,34.8,8.05,5.91,0.01,0.0,4.02,58,298,0
2026-08-02 14:26:03,0.0,77.8,576405.33,34.8,51.27,2.82,0.0,0.0,117.55,58,298,0
2026-08-02 14:26:09,0.3,77.7,577825.33,34.8,9.94,2.79,0.01,0.01,454.13,58,298,1
2026-08-02 14:26:16,3.2,77.1,593412.0,34.8,16.86,4.37,0.01,0.0,1340.02,59,297,1
2026-08-02 14:26:23,0.6,77.1,592690.67,34.8,22.45,2.02,0.02,0.0,157.14,59,297,0
2026-08-02 14:26:29,3.1,77.4,586945.33,34.8,1.11,8.65,0.01,0.01,602.28,59,297,1
2026-08-02 14:26:36,1.3,77.4,586390.67,34.8,1.89,3.25,0.01,0.0,130.18,59,297,0
2026-08-02 14:26:42,0.4,77.1,592904.0,34.8,0.9,3.36,0.0,0.0,98.76,59,297,0
2026-08-02 14:26:48,3.8,77.3,588914.67,34.8,1.08,2.47,0.03,0.02,222.74,60,297,0
2026-08-02 14:26:54,0.5,78.1,568138.67,34.8,0.81,2.28,0.01,0.01,252.56,60,298,0
2026-08-02 14:27:01,0.5,78.1,568402.67,34.8,54.6,4.22,0.03,0.02,21.25,60,299,0
2026-08-02 14:27:07,1.0,77.6,579796.0,34.8,43.22,5.93,0.01,0.0,376.24,60,299,1
2026-08-02 14:27:13,0.4,77.9,572554.67,34.8,35.83,2.18,0.0,0.0,6.11,60,299,0
2026-08-02 14:27:19,7.4,78.4,559184.0,34.8,72.75,6.0,0.01,0.0,3.87,60,305,0
2026-08-02 14:27:25,1.0,78.7,552280.0,34.8,169.22,5.75,0.01,0.08,14.78,60,302,0
2026-08-02 14:27:31,1.2,78.5,556568.0,34.8,42.44,2.4,0.0,0.0,4.54,60,298,0
2026-08-02 14:27:37,2.5,78.6,553769.33,34.8,25.81,5.32,0.01,0.0,231.87,60,298,0
2026-08-02 14:27:43,0.4,78.6,555333.33,34.8,28.62,2.78,0.01,0.01,119.64,61,298,0
2026-08-02 14:27:49,0.5,78.5,557557.33,34.8,21.48,2.29,0.01,0.0,296.28,61,298,0
2026-08-02 14:27:56,0.0,78.5,557916.0,34.8,5.36,4.35,0.0,0.0,124.22,61,297,0
2026-08-02 14:28:02,2.1,78.5,558606.67,34.8,7.23,3.52,0.02,0.01,247.96,61,296,0
2026-08-02 14:28:08,2.6,78.5,556290.67,34.8,0.89,4.28,0.01,0.0,690.47,62,296,1
2026-08-02 14:28:15,0.4,78.7,552569.33,34.8,10.82,5.91,0.01,0.0,172.01,62,296,0
2026-08-02 14:28:21,5.1,78.3,562289.33,34.8,32.67,2.82,0.01,0.01,162.44,62,296,0
2026-08-02 14:28:27,0.0,78.5,558776.0,34.8,6.71,2.59,0.01,0.01,13.28,62,296,0
2026-08-02 14:28:33,0.9,78.5,556613.33,34.8,13.31,4.58,0.01,0.0,245.79,62,296,0
2026-08-02 14:28:40,1.4,79.2,538617.33,34.8,12.24,2.05,0.0,0.0,102.85,62,296,0
2026-08-02 14:28:46,0.1,77.8,576990.67,34.8,32.1,23.7,0.01,0.0,205.09,62,296,0
2026-08-02 14:28:52,4.0,77.8,575824.0,34.8,9.6,6.74,0.01,0.01,54.35,62,296,0
2026-08-02 14:28:58,7.5,77.9,572196.0,34.8,2.89,3.03,0.05,0.03,130.15,62,296,0
2026-08-02 14:29:04,1.4,78.0,569524.0,34.8,0.96,2.23,0.01,0.0,1010.82,62,296,1
2026-08-02 14:29:11,3.2,78.2,565024.0,34.8,0.68,4.01,0.02,0.0,544.19,63,296,1
2026-08-02 14:29:18,4.1,78.2,564985.33,34.8,0.38,2.01,0.01,0.0,765.74,63,296,1
2026-08-02 14:29:24,0.6,78.3,563674.67,34.8,3.07,3.34,0.03,0.01,805.19,63,296,1
2026-08-02 14:29:31,0.6,78.1,567920.0,34.8,0.7,6.06,0.01,0.0,701.56,63,296,1
2026-08-02 14:29:38,4.0,78.1,568921.33,34.8,0.33,3.09,0.01,0.0,199.83,63,296,0
2026-08-02 14:29:44,0.7,77.9,574058.67,34.8,0.99,2.99,0.01,0.01,273.32,63,296,0
2026-08-02 14:29:50,0.1,77.8,574976.0,34.8,0.99,5.55,0.01,0.01,397.28,63,296,1
2026-08-02 14:29:57,0.8,77.9,572948.0,34.8,2.39,2.27,0.01,0.0,310.25,64,296,1
2026-08-02 14:30:03,0.0,78.0,570369.33,34.8,1.82,2.4,0.0,0.0,473.08,64,301,1
2026-08-02 14:30:10,3.9,78.3,561652.0,34.8,13.21,5.88,0.01,0.0,287.06,64,295,0
2026-08-02 14:30:16,0.1,78.2,566077.33,34.8,0.52,3.23,0.01,0.0,596.04,64,295,1
2026-08-02 14:30:23,1.2,78.2,565442.67,34.8,0.3,2.27,0.01,0.0,280.51,65,295,0
2026-08-02 14:30:29,1.7,78.2,564678.67,34.8,1.0,1.84,0.01,0.0,288.95,65,295,0
2026-08-02 14:30:35,3.7,78.3,563388.0,34.8,0.49,4.29,0.0,0.0,135.94,65,295,0
2026-08-02 14:30:41,0.1,78.0,570558.67,34.8,0.56,2.08,0.01,0.0,601.81,65,295,1
2026-08-02 14:30:48,0.5,78.1,567544.0,34.8,0.44,1.63,0.0,0.0,262.22,65,295,0
2026-08-02 14:30:54,6.1,78.1,567032.0,34.8,0.5,6.36,0.01,0.01,4.69,65,295,0
2026-08-02 14:31:00,0.1,77.8,575602.67,34.8,1.57,1.8,0.03,0.02,46.84,65,295,0
2026-08-02 14:31:06,3.0,77.9,572845.33,34.8,3.85,2.81,0.01,0.02,55.91,65,295,0
2026-08-02 14:31:12,0.6,78.1,567677.33,34.8,0.19,4.77,0.01,0.0,44.81,65,295,0
2026-08-02 14:31:18,0.5,78.3,563482.67,34.8,0.47,1.59,0.0,0.0,35.04,65,295,0
2026-08-02 14:31:24,0.1,78.1,568696.0,34.8,2.54,16.48,0.01,0.0,3.43,66,295,0
2026-08-02 14:31:30,1.0,78.1,567314.67,34.8,1.3,2.45,0.0,0.0,159.34,66,295,0
2026-08-02 14:31:37,4.2,78.3,561800.0,34.8,5.1,6.41,0.01,0.0,128.39,66,295,0
2026-08-02 14:31:43,0.0,78.2,564169.33,34.8,1.73,4.98,0.01,0.01,133.16,66,295,0
2026-08-02 14:31:49,0.9,78.3,561853.33,34.8,7.61,1.98,0.02,0.01,122.44,66,297,0
2026-08-02 14:31:55,0.4,78.5,558329.33,34.8,5.42,2.4,0.01,0.01,299.65,66,297,0
2026-08-02 14:32:01,0.3,78.4,559273.33,34.8,2.23,4.48,0.01,0.01,331.76,66,297,1
2026-08-02 14:32:08,3.4,78.7,552428.0,34.8,1.69,2.57,0.01,0.01,110.27,66,297,0
2026-08-02 14:32:14,0.3,78.4,559664.0,34.8,4.12,4.15,0.01,0.01,533.19,67,296,1
2026-08-02 14:32:20,2.5,78.3,563949.33,34.8,0.16,2.96,0.01,0.0,920.77,67,296,1
2026-08-02 14:32:27,0.3,78.2,565105.33,34.8,0.71,2.67,0.02,0.11,40.33,67,296,0
2026-08-02 14:32:33,3.1,78.0,569398.67,34.8,1.16,4.63,0.01,0.0,7.97,67,296,0
2026-08-02 14:32:39,1.2,78.2,565026.67,34.8,2.5,1.98,0.01,0.01,108.82,67,296,0
2026-08-02 14:32:46,0.0,78.2,564145.33,34.8,0.34,1.98,0.01,0.01,133.45,68,296,0
2026-08-02 14:32:52,0.0,78.4,560665.33,34.8,0.78,3.79,0.01,0.01,118.68,68,297,0
2026-08-02 14:32:58,0.9,78.1,566672.0,34.8,1.64,2.73,0.03,0.02,83.06,68,297,0
2026-08-02 14:33:04,0.4,78.0,569436.0,34.8,0.58,1.64,0.01,0.01,124.96,68,297,0
2026-08-02 14:33:10,4.0,78.3,562208.0,34.8,0.23,1.67,0.01,0.01,3.6,68,297,0
2026-08-02 14:33:16,0.3,78.3,563638.67,34.8,0.8,2.21,0.0,0.0,949.42,68,297,1
2026-08-02 14:33:23,0.0,78.5,558557.33,34.8,1.24,4.61,0.02,0.02,4.34,68,297,0
2026-08-02 14:33:29,2.6,78.3,563808.0,34.8,1.59,2.64,0.01,0.02,,68,297,0
2026-08-02 14:33:39,0.8,78.4,561210.67,34.8,3.86,2.35,0.01,0.01,360.42,68,297,1
2026-08-02 14:33:45,2.1,78.5,557564.0,34.8,0.39,5.89,0.01,0.01,83.54,68,299,0
2026-08-02 14:33:52,3.3,78.4,560286.67,34.8,2.97,2.41,0.01,0.0,35.21,69,297,0
2026-08-02 14:33:58,0.7,78.5,558798.67,34.8,3.93,1.96,0.01,0.0,236.01,69,297,0
2026-08-02 14:34:04,0.5,78.4,560038.67,34.8,0.45,4.44,0.01,0.0,4.33,69,297,0
2026-08-02 14:34:10,0.3,78.5,557060.0,34.8,2.96,2.48,0.0,0.0,97.57,69,297,0
2026-08-02 14:34:16,0.0,78.4,560089.33,34.8,4.16,1.9,0.01,0.0,46.48,69,297,0
2026-08-02 14:34:22,6.5,78.6,553969.33,34.8,0.67,7.16,0.01,0.0,199.88,70,297,0
2026-08-02 14:34:28,29.4,79.3,535942.67,34.8,70.14,3.09,0.0,0.0,1091.16,70,302,1
2026-08-02 14:34:35,0.9,79.7,526706.67,34.8,782.93,3.57,0.01,0.0,1097.32,70,303,1
2026-08-02 14:34:42,5.4,79.5,531321.33,34.8,319.54,1.46,0.01,0.01,99.1,70,302,0
2026-08-02 14:34:49,2.5,79.4,533994.67,34.8,24.13,0.79,0.01,0.0,34.32,70,302,0
2026-08-02 14:34:55,11.4,81.2,488081.33,34.8,179.13,2.02,0.01,0.01,45.48,70,301,0
2026-08-02 14:35:01,1.9,81.8,472741.33,34.8,115.25,6.3,0.04,0.02,31.72,70,300,0
2026-08-02 14:35:07,5.3,84.4,403284.0,34.8,127.15,3.37,0.01,0.01,4.29,70,300,0
2026-08-02 14:35:13,5.6,87.9,313324.0,34.8,275.9,5.52,0.0,0.0,178.0,70,300,0
2026-08-02 14:35:19,9.6,89.2,279014.67,34.8,278.55,5.51,0.01,0.0,15.89,70,300,0
2026-08-02 14:35:25,10.8,93.9,158544.0,34.8,267.24,2.23,0.01,0.0,128.87,71,300,0
2026-08-02 14:35:31,3.0,90.7,241390.67,34.8,158.16,149.78,0.0,0.0,105.66,71,300,0
2026-08-02 14:35:37,3.5,89.4,275009.33,34.8,17.68,92.79,0.01,0.0,44.55,71,300,0
2026-08-02 14:35:43,0.9,89.4,275098.67,34.8,6.08,4.01,0.01,0.01,117.53,71,299,0
2026-08-02 14:35:49,0.4,89.4,275949.33,34.8,4.71,1.09,0.01,0.0,754.34,71,299,1
2026-08-02 14:35:56,0.8,88.4,301474.67,34.8,66.95,147.57,0.0,0.0,655.72,71,299,1
2026-08-02 14:36:03,0.5,88.8,291708.0,34.8,7.76,6.06,0.02,0.01,,71,299,0
2026-08-02 14:36:13,0.1,88.6,296326.67,34.8,0.31,3.24,0.02,0.0,2018.84,71,298,1
2026-08-02 14:36:21,6.4,88.7,292653.33,34.8,0.8,2.24,0.03,0.02,,72,298,0
2026-08-02 14:36:31,13.2,87.0,336854.67,34.8,0.73,5.92,0.01,0.0,3462.28,72,298,1
2026-08-02 14:36:40,0.1,87.0,337152.0,34.8,18.94,26.64,0.03,0.04,2001.72,72,298,1
2026-08-02 14:36:48,0.5,87.3,329522.67,34.8,0.55,6.45,0.03,0.03,361.96,72,298,1
2026-08-02 14:36:55,0.9,87.3,330020.0,34.8,9.23,2.8,0.01,0.01,57.46,72,300,0
2026-08-02 14:37:01,0.3,87.2,330729.33,34.8,1.26,2.31,0.03,0.02,104.03,72,300,0
2026-08-02 14:37:07,5.1,87.5,324953.33,34.8,0.36,5.69,0.01,0.0,4.28,72,300,0
2026-08-02 14:37:13,2.9,87.6,321238.67,34.8,0.67,2.34,0.0,0.0,303.5,73,299,1
2026-08-02 14:37:19,0.0,87.8,317488.0,34.8,0.36,3.0,0.01,0.0,10.59,73,299,0
2026-08-02 14:37:25,3.1,87.7,317898.67,34.8,0.33,4.89,0.0,0.0,69.15,73,299,0
2026-08-02 14:37:31,1.3,87.8,315548.0,34.8,0.78,2.83,0.02,0.08,3.57,73,299,0
2026-08-02 14:37:37,0.9,87.9,314166.67,34.8,0.75,5.07,0.0,0.0,291.06,73,299,0
2026-08-02 14:37:44,3.8,87.9,313469.33,34.8,0.76,3.29,0.02,0.01,75.28,73,299,0
2026-08-02 14:37:50,5.7,87.7,318808.0,34.8,0.29,4.58,0.01,0.0,44.15,73,299,0
2026-08-02 14:37:56,3.1,87.6,322765.33,34.8,0.25,3.39,0.0,0.0,367.73,73,299,1
2026-08-02 14:38:02,0.9,87.5,323026.67,34.8,1.14,3.63,0.02,0.0,487.89,73,299,1
2026-08-02 14:38:09,0.6,87.6,321501.33,34.8,0.19,3.11,0.0,0.0,243.03,73,299,0
2026-08-02 14:38:15,1.3,87.8,317230.67,34.8,0.46,5.36,0.01,0.0,165.12,74,299,0
2026-08-02 14:38:21,0.3,87.7,319581.33,34.8,0.14,2.11,0.0,0.01,16.66,74,299,0
2026-08-02 14:38:27,1.0,87.9,314672.0,34.8,0.48,5.5,0.01,0.0,177.35,74,299,0
2026-08-02 14:38:33,0.1,87.9,313577.33,34.8,0.09,2.83,0.0,0.0,98.4,74,299,0
2026-08-02 14:38:39,2.5,89.3,278017.33,34.8,6.29,2.14,0.01,0.0,26.76,74,299,0
2026-08-02 14:38:45,3.5,88.2,307098.67,34.8,20.72,29.0,0.01,0.0,47.73,75,299,0
2026-08-02 14:38:52,5.1,87.5,324022.67,34.8,0.19,59.79,0.02,0.01,334.17,75,299,1
2026-08-02 14:38:58,9.4,87.5,324032.0,34.8,6.76,2.96,0.05,0.02,233.71,75,299,0
2026-08-02 14:39:04,0.4,87.6,322017.33,34.8,0.31,5.66,0.0,0.0,1549.73,75,300,1
2026-08-02 14:39:12,0.8,87.7,318960.0,34.8,21.19,3.91,0.02,0.01,97.77,75,299,0
2026-08-02 14:39:18,0.6,87.8,316718.67,34.8,0.89,5.46,0.01,0.0,71.81,75,299,0
2026-08-02 14:39:24,0.5,87.8,315397.33,34.8,1.17,1.38,0.01,0.0,140.3,75,299,0
2026-08-02 14:39:30,0.1,87.8,317034.67,34.8,0.34,2.67,0.01,0.0,32.56,75,299,0
2026-08-02 14:39:36,6.7,87.6,321720.0,34.8,0.2,2.16,0.0,0.01,410.4,75,300,1
2026-08-02 14:39:43,3.4,87.9,312550.67,34.8,0.7,5.91,0.01,0.0,96.16,75,299,0
2026-08-02 14:39:49,0.5,87.8,315872.0,34.8,0.75,3.96,0.01,0.01,281.1,75,299,0
2026-08-02 14:39:55,0.9,87.9,314070.67,34.8,0.28,2.05,0.0,0.0,157.8,75,298,0
2026-08-02 14:40:01,2.1,87.9,315041.33,34.8,1.95,2.21,0.02,0.0,821.39,76,298,1
2026-08-02 14:40:08,4.1,87.9,314857.33,34.8,2.68,1.52,0.02,0.01,39.75,76,298,0
2026-08-02 14:40:14,1.4,88.1,309378.67,34.8,0.92,5.15,0.01,0.0,43.38,76,298,0
2026-08-02 14:40:20,0.1,88.1,307516.0,34.8,0.19,6.28,0.0,0.0,19.13,76,298,0
2026-08-02 14:40:26,0.9,87.9,315041.33,34.8,0.43,3.82,0.01,0.0,44.24,76,298,0
2026-08-02 14:40:32,0.1,88.0,312037.33,34.8,25.42,2.69,0.01,0.01,104.45,76,298,0
2026-08-02 14:40:38,1.0,87.9,314058.67,34.8,0.12,5.09,0.01,0.0,188.01,76,298,0
2026-08-02 14:40:44,2.6,88.0,310149.33,34.8,1.03,1.15,0.01,0.0,554.68,77,297,1
2026-08-02 14:40:51,0.0,88.1,307386.67,34.8,0.27,2.31,0.0,0.0,156.06,77,297,0
2026-08-02 14:40:57,4.9,88.1,309421.33,34.8,1.94,5.46,0.03,0.01,754.67,77,297,1
2026-08-02 14:41:04,0.7,88.1,309530.67,34.8,0.52,2.86,0.04,0.04,49.74,77,297,0
2026-08-02 14:41:10,3.6,88.1,308589.33,34.8,0.25,2.83,0.01,0.01,51.11,77,297,0
2026-08-02 14:41:16,0.6,88.3,302950.67,34.8,0.02,4.47,0.01,0.0,148.6,77,297,0
2026-08-02 14:41:22,3.2,88.2,305697.33,34.8,0.16,2.42,0.01,0.0,106.37,77,297,0
2026-08-02 14:41:28,0.0,88.0,312040.0,34.8,0.2,1.57,0.01,0.01,30.36,77,297,0
2026-08-02 14:41:34,1.4,88.3,303581.33,34.8,4.96,2.72,0.0,0.0,588.86,77,297,1
2026-08-02 14:41:41,3.6,88.2,304734.67,34.8,0.41,6.79,0.01,0.0,28.76,77,297,0
2026-08-02 14:41:47,3.4,88.2,305574.67,34.8,19.0,20.82,0.02,0.02,50.49,77,297,0
2026-08-02 14:41:53,0.6,88.3,302880.0,34.8,0.39,3.85,0.01,0.01,50.95,77,297,0
2026-08-02 14:41:59,2.3,88.4,301468.0,34.8,1.21,3.66,0.02,0.01,50.93,78,297,0
2026-08-02 14:42:05,0.5,88.6,296146.67,34.8,3.72,4.71,0.0,0.0,17.98,78,297,0
2026-08-02 14:42:11,7.4,88.8,290844.0,34.8,48.01,5.68,0.01,0.0,43.44,78,297,0
2026-08-02 14:42:17,3.8,88.6,295016.0,34.8,25.75,2.64,0.04,0.01,373.91,78,297,1
2026-08-02 14:42:24,1.8,88.4,301542.67,34.8,5.19,1.99,0.01,0.0,906.87,78,297,1
2026-08-02 14:42:31,0.5,88.3,302326.67,34.8,0.61,2.27,0.01,0.08,451.53,78,297,1
2026-08-02 14:42:37,4.6,88.3,302561.33,34.8,0.2,4.71,0.0,0.0,217.5,78,297,0
2026-08-02 14:42:43,7.7,88.5,298598.67,34.8,21.84,2.08,0.02,0.01,4.68,78,297,0
2026-08-02 14:42:49,0.0,88.4,301109.33,34.8,4.47,2.38,0.01,0.0,127.07,79,297,0
2026-08-02 14:42:55,1.4,88.5,297844.0,34.8,1.11,6.34,0.01,0.0,151.81,79,296,0
2026-08-02 14:43:02,0.3,88.0,310629.33,34.8,16.47,3.54,0.06,0.03,111.69,79,296,0
2026-08-02 14:43:08,0.1,88.3,302720.0,34.8,0.96,2.56,0.01,0.0,29.83,79,296,0
2026-08-02 14:43:14,3.4,88.4,301265.33,34.8,9.19,4.38,0.01,0.0,1070.91,79,296,1
2026-08-02 14:43:21,0.5,88.3,302841.33,34.8,0.43,2.43,0.03,0.02,520.0,79,296,1
2026-08-02 14:43:27,2.3,88.5,297658.67,34.8,0.31,2.59,0.0,0.0,34.62,79,296,0
2026-08-02 14:43:33,1.7,88.4,299726.67,34.8,25.94,6.89,0.01,0.0,3.39,79,296,0
2026-08-02 14:43:39,4.2,88.5,298793.33,34.8,17.49,2.88,0.01,0.0,23.09,79,296,0
2026-08-02 14:43:46,6.3,88.5,297137.33,34.8,6.45,5.84,0.01,0.01,8.91,79,296,0
2026-08-02 14:43:52,0.0,88.6,295968.0,34.8,15.62,2.27,0.01,0.01,54.81,79,296,0
2026-08-02 14:43:58,0.1,88.5,299206.67,34.8,20.69,5.67,0.01,0.0,113.84,79,296,0
2026-08-02 14:44:04,3.6,88.5,298961.33,34.8,8.5,2.8,0.01,0.0,20.7,80,296,0
2026-08-02 14:44:10,5.3,88.5,299364.0,34.8,31.7,3.08,0.02,0.01,116.36,80,302,0
2026-08-02 14:44:16,3.4,88.6,294506.67,34.8,11.95,4.43,0.0,0.0,119.06,80,296,0
2026-08-02 14:44:22,0.1,88.4,300576.0,34.8,44.42,1.98,0.01,0.0,37.05,80,296,0
2026-08-02 14:44:28,0.0,88.5,299101.33,34.8,40.6,2.98,0.0,0.0,10.56,80,296,0
2026-08-02 14:44:34,0.4,88.7,292814.67,34.8,29.76,6.95,0.01,0.0,5.14,80,296,0
2026-08-02 14:44:40,0.9,88.7,293818.67,34.8,29.19,3.36,0.0,0.0,10.9,80,296,0
2026-08-02 14:44:46,3.3,88.5,296974.67,34.8,10.96,3.13,0.01,0.01,3.74,80,296,0
2026-08-02 14:44:52,1.8,88.6,295268.0,34.8,17.82,4.37,0.01,0.0,10.57,80,296,0
2026-08-02 14:44:58,0.3,88.8,291685.33,34.8,1.1,2.27,0.03,0.02,4.51,80,296,0
2026-08-02 14:45:04,0.8,88.9,287636.0,34.8,34.23,5.5,0.01,0.0,187.74,80,296,0
2026-08-02 14:45:10,7.1,88.9,287461.33,34.8,41.64,3.67,0.0,0.0,64.47,81,296,0
2026-08-02 14:45:16,3.8,88.7,292214.67,34.8,25.96,2.59,0.01,0.0,3.8,81,296,0
2026-08-02 14:45:22,3.5,88.6,295505.33,34.8,0.26,5.13,0.01,0.0,54.61,81,296,0
2026-08-02 14:45:29,0.5,88.6,294766.67,34.8,16.79,1.92,0.0,0.0,4.82,81,296,0
2026-08-02 14:45:35,0.5,88.7,294033.33,34.8,0.71,5.2,0.01,0.0,13.83,81,296,0
2026-08-02 14:45:41,0.4,88.5,298040.0,34.8,0.22,2.76,0.0,0.0,402.97,81,296,1
2026-08-02 14:45:47,1.2,88.4,299914.67,34.8,0.2,2.39,0.01,0.01,3.68,81,296,0
2026-08-02 14:45:53,1.2,88.4,299568.0,34.8,39.07,2.82,0.01,0.01,4.23,81,296,0
2026-08-02 14:45:59,3.6,88.6,294494.67,34.8,10.15,4.34,0.01,0.0,4.47,81,296,0
2026-08-02 14:46:05,1.8,88.7,291930.67,34.8,0.33,2.9,0.01,0.01,39.78,81,296,0
2026-08-02 14:46:11,0.0,88.7,293144.0,34.8,4.61,2.45,0.0,0.0,103.55,81,296,0
2026-08-02 14:46:17,0.8,88.6,295545.33,34.8,4.31,6.25,0.01,0.0,3.9,81,296,0
2026-08-02 14:46:23,0.5,88.7,293445.33,34.8,8.14,2.88,0.0,0.0,4.31,82,296,0
2026-08-02 14:46:29,2.9,88.7,294176.0,34.8,0.69,2.55,0.01,0.0,4.43,82,302,0
2026-08-02 14:46:35,3.0,88.7,292612.0,34.8,10.02,1.97,0.01,0.0,4.3,82,296,0
2026-08-02 14:46:41,2.2,88.7,292826.67,34.8,0.43,4.67,0.01,0.01,5.62,82,296,0
2026-08-02 14:46:47,0.0,88.8,291302.67,34.8,21.08,2.11,0.01,0.0,24.91,82,296,0
2026-08-02 14:46:53,2.1,88.8,290332.0,34.8,20.58,7.11,0.01,0.01,9.04,82,296,0
2026-08-02 14:46:59,0.7,88.7,291984.0,34.8,40.95,5.46,0.05,0.03,10.45,82,296,0
2026-08-02 14:47:05,2.6,89.0,284444.0,34.8,3.83,2.62,0.02,0.01,3.3,82,302,0
2026-08-02 14:47:11,15.3,88.8,289374.67,34.8,54.87,5.57,0.0,0.0,7.3,82,296,0
2026-08-02 14:47:17,0.3,88.9,288246.67,34.8,10.17,1.38,0.01,0.0,9.43,82,296,0
2026-08-02 14:47:23,3.1,88.8,291044.0,34.8,18.75,2.21,0.01,0.01,5.54,83,296,0
2026-08-02 14:47:29,0.9,88.9,288932.0,34.8,32.58,5.45,0.01,0.08,9.05,83,296,0
2026-08-02 14:47:35,0.0,88.8,291560.0,34.8,36.7,2.27,0.0,0.0,5.48,83,296,0
2026-08-02 14:47:42,2.7,88.9,287838.67,34.8,10.01,2.01,0.01,0.0,16.19,83,302,0
2026-08-02 14:47:48,7.7,89.1,283874.67,34.8,42.96,6.28,0.01,0.0,5.12,83,296,0
2026-08-02 14:47:54,0.0,89.0,285893.33,34.8,36.81,2.06,0.01,0.01,4.5,83,297,0
2026-08-02 14:48:00,0.4,88.9,286566.67,34.8,13.92,4.97,0.01,0.0,3.77,83,297,0
2026-08-02 14:48:06,7.3,89.0,285694.67,34.8,22.93,3.32,0.0,0.0,48.68,83,297,0
2026-08-02 14:48:12,0.0,88.9,286792.0,34.8,42.71,3.1,0.01,0.0,4.77,83,297,0
2026-08-02 14:48:18,2.7,88.9,287768.0,34.8,13.04,2.62,0.01,0.01,4.22,83,303,0
2026-08-02 14:48:24,3.6,88.9,289134.67,34.8,16.73,4.69,0.01,0.0,6.41,83,297,0
2026-08-02 14:48:30,0.4,88.9,288020.0,34.8,12.86,2.25,0.01,0.0,18.21,83,297,0
2026-08-02 14:48:36,0.4,88.9,288940.0,34.8,4.93,2.18,0.0,0.0,3.63,84,297,0
2026-08-02 14:48:42,0.3,90.0,260610.67,34.8,20.14,6.22,0.01,0.0,9.97,84,297,0
2026-08-02 14:48:48,2.3,89.1,281748.0,34.8,35.97,2.92,0.01,0.03,4.42,84,297,0
2026-08-02 14:48:54,3.3,89.3,276752.0,34.8,0.15,2.2,0.01,0.0,7.59,84,297,0
2026-08-02 14:49:00,3.5,89.2,279492.0,34.8,4.15,4.53,0.04,0.03,3.69,84,297,0
2026-08-02 14:49:06,0.0,89.2,280162.67,34.8,0.06,2.6,0.0,0.0,4.63,84,297,0
2026-08-02 14:49:12,0.0,89.2,279260.0,34.8,0.43,2.22,0.01,0.0,4.77,84,297,0
2026-08-02 14:49:18,1.5,89.1,282492.0,34.8,0.12,6.2,0.0,0.0,10.58,84,297,0
2026-08-02 14:49:24,0.0,89.3,278601.33,34.8,0.32,2.97,0.01,0.0,4.78,84,297,0
2026-08-02 14:49:30,3.2,89.3,278180.0,34.8,0.41,6.29,0.0,0.0,4.02,84,297,0
2026-08-02 14:49:36,4.3,89.3,277768.0,34.8,0.22,2.25,0.01,0.0,24.62,84,297,0
2026-08-02 14:49:42,7.8,89.4,275674.67,34.8,0.12,2.45,0.01,0.0,116.97,84,297,0
2026-08-02 14:49:48,0.4,89.4,275185.33,34.8,0.29,6.11,0.0,0.0,3.49,84,297,0
2026-08-02 14:49:54,1.0,89.4,275332.0,34.8,0.72,2.93,0.01,0.01,47.64,84,297,0
2026-08-02 14:50:00,0.8,89.1,282778.67,34.8,1.08,3.2,0.01,0.01,3.91,85,297,0
2026-08-02 14:50:06,3.7,89.4,275893.33,34.8,0.08,4.37,0.01,0.0,4.86,85,297,0
2026-08-02 14:50:12,0.0,89.5,273446.67,34.8,0.41,2.85,0.0,0.0,5.29,85,297,0
2026-08-02 14:50:18,0.1,89.6,269506.67,34.8,0.35,6.54,0.01,0.0,85.1,85,297,0
2026-08-02 14:50:24,0.0,89.5,272389.33,34.8,0.2,1.92,0.01,0.0,88.1,85,297,0
2026-08-02 14:50:30,0.8,89.5,273525.33,34.8,0.29,2.8,0.0,0.0,320.05,85,297,1
2026-08-02 14:50:37,0.3,89.4,275729.33,34.8,0.35,2.6,0.01,0.0,3.79,85,297,0
2026-08-02 14:50:43,3.6,89.4,273984.0,34.8,0.25,3.84,0.0,0.0,19.57,85,297,0
2026-08-02 14:50:49,0.0,89.3,277416.0,34.8,0.14,2.18,0.01,0.0,3.45,85,297,0
2026-08-02 14:50:55,0.5,89.2,279537.33,34.8,0.11,1.85,0.01,0.0,145.8,85,297,0
2026-08-02 14:51:01,6.4,89.6,270221.33,34.8,1.18,6.0,0.03,0.02,19.9,85,298,0
2026-08-02 14:51:07,0.4,89.4,274649.33,34.8,0.87,3.26,0.01,0.01,3.98,85,297,0
2026-08-02 14:51:13,5.2,89.4,274224.0,34.8,0.47,2.25,0.0,0.0,6.13,85,303,0
2026-08-02 14:51:19,3.2,89.5,272528.0,34.8,2.9,5.09,0.01,0.0,7.96,86,297,0
2026-08-02 14:51:25,2.7,89.6,269220.0,34.8,0.29,2.03,0.01,0.02,106.08,86,297,0
2026-08-02 14:51:31,4.7,88.3,302133.33,34.8,10.75,3.79,0.01,0.02,23.1,86,297,0
2026-08-02 14:51:37,1.0,88.9,288134.67,34.8,3.48,7.07,0.01,0.0,4.69,86,297,0
2026-08-02 14:51:43,0.6,89.0,285356.0,34.8,0.53,2.92,0.01,0.01,13.46,86,297,0
2026-08-02 14:51:49,4.6,88.9,288156.0,34.8,0.14,2.95,0.01,0.0,51.4,86,297,0
2026-08-02 14:51:55,0.5,88.9,288089.33,34.8,0.21,4.82,0.01,0.01,4.15,86,297,0
2026-08-02 14:52:01,0.5,89.1,283281.33,34.8,1.74,2.56,0.02,0.01,10.14,86,297,0
2026-08-02 14:52:07,2.3,89.2,279790.67,34.8,4.41,2.73,0.01,0.0,38.42,86,297,0
2026-08-02 14:52:13,0.3,89.2,278896.0,34.8,0.09,5.54,0.01,0.0,7.18,86,297,0
2026-08-02 14:52:19,0.3,89.2,280652.0,34.8,0.34,2.3,0.01,0.01,12.98,86,297,0
2026-08-02 14:52:25,3.4,89.3,278348.0,34.8,5.22,2.23,0.01,0.02,27.15,87,297,0
2026-08-02 14:52:31,1.6,89.5,272372.0,34.8,1.19,5.49,0.03,0.11,21.95,87,297,0
2026-08-02 14:52:38,2.2,89.4,276092.0,34.8,0.31,2.71,0.01,0.0,3.43,87,297,0
2026-08-02 14:52:44,2.3,89.4,275596.0,34.8,0.95,4.55,0.01,0.01,4.53,87,297,0
2026-08-02 14:52:50,0.8,89.5,271980.0,34.8,0.25,3.9,0.01,0.0,4.37,87,297,0
2026-08-02 14:52:56,6.4,89.4,275564.0,34.8,0.38,1.71,0.0,0.0,4.39,87,297,0
2026-08-02 14:53:02,3.5,89.5,272917.33,34.8,1.62,3.96,0.04,0.02,193.05,87,297,0
2026-08-02 14:53:08,0.0,89.5,272638.67,34.8,0.21,4.87,0.01,0.01,87.75,87,297,0
2026-08-02 14:53:14,0.5,85.8,367660.0,34.8,367.52,18.5,0.01,0.01,4.97,87,298,0
2026-08-02 14:53:20,0.9,86.0,363110.67,34.8,28.09,2.89,0.01,0.01,18.92,87,298,0
2026-08-02 14:53:26,0.0,86.2,357534.67,34.8,0.36,6.14,0.0,0.0,35.12,87,298,0
2026-08-02 14:53:32,8.6,86.4,352082.67,34.8,15.25,3.27,0.03,0.04,3.74,87,300,0
2026-08-02 14:53:38,3.8,86.7,345568.0,34.8,12.84,2.86,0.01,0.01,3.93,87,300,0
2026-08-02 14:53:44,0.1,86.5,349437.33,34.8,0.67,4.74,0.01,0.0,6.34,87,300,0
2026-08-02 14:53:50,0.1,85.9,364994.67,34.8,0.36,2.06,0.01,0.01,8.04,87,300,0
2026-08-02 14:53:56,0.5,86.0,363238.67,34.8,1.13,1.45,0.03,0.02,4.62,87,299,0
2026-08-02 14:54:02,1.4,85.9,366881.33,34.8,2.2,1.57,0.02,0.01,4.22,88,299,0
2026-08-02 14:54:08,0.0,85.7,369877.33,34.8,1.57,6.96,0.0,0.0,5.22,88,298,0
2026-08-02 14:54:14,3.5,85.8,368920.0,34.8,0.41,4.58,0.01,0.0,5.99,88,297,0
2026-08-02 14:54:20,0.3,85.7,370665.33,34.8,0.12,2.22,0.0,0.0,14.56,88,297,0
2026-08-02 14:54:26,0.5,85.6,372448.0,34.8,0.43,4.64,0.02,0.01,4.06,88,297,0
2026-08-02 14:54:32,0.9,85.7,370128.0,34.8,0.46,2.09,0.01,0.0,8.29,88,297,0
2026-08-02 14:54:38,0.0,85.7,369581.33,34.8,0.11,2.21,0.0,0.0,4.03,88,297,0
2026-08-02 14:54:44,0.3,85.8,367521.33,34.8,0.17,5.16,0.01,0.0,10.84,88,297,0
2026-08-02 14:54:50,3.5,85.9,365762.67,34.8,0.46,2.87,0.0,0.0,4.55,88,297,0
2026-08-02 14:54:56,13.9,87.8,316241.33,34.8,28.04,3.29,0.01,0.0,4.68,88,297,0
2026-08-02 14:55:02,0.3,85.7,369738.67,34.8,11.19,142.86,0.03,0.01,7.54,88,297,0
2026-08-02 14:55:08,0.4,85.7,371380.0,34.8,0.15,2.3,0.02,0.01,10.53,88,297,0
2026-08-02 14:55:14,2.1,85.7,371529.33,34.8,0.09,2.09,0.01,0.01,11.73,88,297,0
2026-08-02 14:55:20,0.5,85.6,372556.0,34.8,0.14,6.23,0.0,0.0,6.77,88,297,0
2026-08-02 14:55:26,6.2,85.7,369681.33,34.8,1.68,2.32,0.01,0.0,42.37,89,297,0
2026-08-02 14:55:32,4.5,85.8,368252.0,34.8,1.4,2.63,0.01,0.0,57.38,89,297,0
2026-08-02 14:55:38,0.0,85.7,371542.67,34.8,1.28,5.57,0.01,0.0,94.4,89,297,0
2026-08-02 14:55:45,0.1,85.7,370609.33,34.8,0.21,1.22,0.0,0.0,46.08,89,297,0
2026-08-02 14:55:51,0.4,85.7,369602.67,34.8,0.27,3.1,0.01,0.0,83.98,89,297,0
2026-08-02 14:55:57,2.6,85.8,369026.67,34.8,1.31,5.65,0.03,0.01,3025.64,89,297,1
2026-08-02 14:56:06,2.1,85.7,371880.0,34.8,0.53,2.96,0.01,0.02,9.84,89,297,0
2026-08-02 14:56:12,0.0,85.5,375953.33,34.8,0.16,2.3,0.01,0.0,19.04,89,297,0
2026-08-02 14:56:18,3.1,85.7,371074.67,34.8,0.12,4.43,0.01,0.0,3.83,89,297,0
2026-08-02 14:56:24,0.8,85.9,366194.67,34.8,0.32,2.62,0.01,0.01,3.72,89,297,0
2026-08-02 14:56:30,0.1,85.9,364460.0,34.8,0.25,1.35,0.01,0.01,4.37,89,297,0
2026-08-02 14:56:36,0.7,85.8,367246.67,34.8,1.7,2.86,0.01,0.04,4.64,89,297,0
2026-08-02 14:56:42,0.1,85.9,364582.67,34.8,0.87,6.16,0.01,0.0,4.9,89,297,0
2026-08-02 14:56:48,0.3,86.0,362052.0,34.8,0.4,2.55,0.01,0.0,8.22,90,297,0
2026-08-02 14:56:54,3.1,86.1,360926.67,34.8,0.48,2.16,0.01,0.01,181.89,90,297,0
2026-08-02 14:57:00,1.0,85.9,364468.0,34.8,9.93,4.05,0.04,0.01,843.75,90,297,1
2026-08-02 14:57:07,2.4,85.8,368510.67,34.8,1.0,2.47,0.01,0.01,344.38,90,297,1
2026-08-02 14:57:13,0.9,86.0,364330.67,34.8,0.29,3.04,0.01,0.0,55.16,90,297,0
2026-08-02 14:57:19,4.5,85.9,364573.33,34.8,0.41,6.75,0.01,0.0,30.08,90,297,0
2026-08-02 14:57:25,2.6,86.0,363856.0,34.8,0.93,3.61,0.0,0.0,154.09,90,297,0
2026-08-02 14:57:32,1.2,85.9,366496.0,34.8,13.01,2.07,0.04,0.1,365.96,90,297,1
2026-08-02 14:57:38,0.1,86.3,354656.0,34.8,2.0,4.69,0.0,0.01,233.29,90,297,0
2026-08-02 14:57:44,0.0,86.5,348960.0,34.8,38.32,3.32,0.01,0.0,148.87,90,297,0
2026-08-02 14:57:50,6.1,87.1,335384.0,34.8,216.43,28.34,0.02,0.04,150.08,90,297,0
2026-08-02 14:57:57,0.1,87.2,331969.33,34.8,29.6,3.71,0.02,0.01,3.27,90,297,0
2026-08-02 14:58:03,0.9,87.1,333793.33,34.8,3.15,4.31,0.02,0.02,33.3,90,297,0
2026-08-02 14:58:09,0.5,86.9,339200.0,34.8,0.64,2.68,0.0,0.0,3.82,90,297,0
2026-08-02 14:58:15,0.0,86.9,339129.33,34.8,0.66,4.45,0.01,0.0,4.52,90,297,0
2026-08-02 14:58:21,0.5,86.9,338461.33,34.8,0.06,2.57,0.0,0.0,4.56,90,297,0
2026-08-02 14:58:27,9.0,86.6,346562.67,34.8,244.85,147.62,0.01,0.0,30.07,90,297,0
2026-08-02 14:58:33,2.6,86.6,346533.33,34.8,49.36,6.63,0.0,0.0,4.85,91,297,0
2026-08-02 14:58:39,1.2,88.0,311948.0,34.8,18.2,3.28,0.02,0.01,4.2,91,297,0
2026-08-02 14:58:45,0.1,86.3,355674.67,34.8,34.74,1.7,0.01,0.0,11.53,91,297,0
2026-08-02 14:58:51,1.7,86.6,346336.0,34.8,5.91,5.11,0.0,0.0,50.93,91,297,0
2026-08-02 14:58:57,5.7,86.6,346960.0,34.8,22.59,26.15,0.03,0.02,51.43,91,297,0
2026-08-02 14:59:03,3.1,86.5,350228.0,34.8,0.82,1.62,0.02,0.01,8.37,91,297,0
2026-08-02 14:59:09,0.0,86.7,343810.67,34.8,0.3,2.62,0.01,0.01,33.38,91,297,0
2026-08-02 14:59:15,0.0,86.8,342597.33,34.8,0.41,4.5,0.0,0.0,6.56,91,297,0
2026-08-02 14:59:21,0.5,86.7,344236.0,34.8,0.26,3.04,0.01,0.0,36.59,91,297,0
2026-08-02 14:59:27,0.7,86.7,345789.33,34.8,3.45,2.64,0.01,0.0,5.01,91,297,0
2026-08-02 14:59:33,0.1,86.8,341432.0,34.8,0.34,5.22,0.0,0.0,4.38,91,297,0
2026-08-02 14:59:39,14.2,87.7,320084.0,34.8,52.59,16.98,0.01,0.01,3.68,91,298,0
2026-08-02 14:59:45,2.0,86.3,355701.33,34.8,47.48,90.89,0.01,0.01,5.43,91,298,0
2026-08-02 14:59:51,0.0,86.2,358528.0,34.8,19.66,2.65,0.01,0.0,3.97,91,298,0
2026-08-02 14:59:57,1.8,86.2,357824.0,34.8,1.49,1.35,0.01,0.01,7.92,91,298,0
2026-08-02 15:00:03,0.4,86.6,346954.67,34.8,4.25,5.41,0.01,0.0,9.41,91,297,0
2026-08-02 15:00:09,3.4,85.9,366489.33,34.8,16.8,4.02,0.01,0.01,7.27,91,296,0
2026-08-02 15:00:15,3.9,85.9,365994.67,34.8,4.27,6.14,0.01,0.0,175.95,91,296,0
2026-08-02 15:00:21,0.4,86.0,361974.67,34.8,0.57,2.25,0.01,0.0,14.73,91,296,0
2026-08-02 15:00:27,4.6,86.1,361024.0,34.8,0.97,5.45,0.0,0.0,85.83,92,296,0
2026-08-02 15:00:33,0.1,85.8,369405.33,34.8,0.24,2.17,0.01,0.0,,92,296,0
2026-08-02 15:00:43,0.6,85.8,367932.0,34.8,0.72,2.53,0.01,0.0,18.25,92,296,0
2026-08-02 15:00:50,0.6,85.9,366549.33,34.8,0.16,3.68,0.0,0.0,20.89,92,296,0
2026-08-02 15:00:56,0.4,85.7,369944.0,34.8,0.3,3.21,0.01,0.0,62.82,92,296,0
2026-08-02 15:01:02,4.3,85.6,373004.0,34.8,4.77,2.98,0.03,0.01,3.66,92,296,0
2026-08-02 15:01:08,1.6,85.8,368257.33,34.8,0.43,2.0,0.01,0.02,94.16,92,296,0
2026-08-02 15:01:14,0.7,86.1,360442.67,34.8,10.59,27.55,0.01,0.0,67.95,92,296,0
2026-08-02 15:01:20,0.7,86.0,361964.0,34.8,0.12,2.16,0.0,0.01,180.62,92,296,0
2026-08-02 15:01:26,0.7,86.0,362294.67,34.8,0.53,2.22,0.01,0.0,107.39,92,296,0
2026-08-02 15:01:32,5.8,86.1,360668.0,34.8,7.64,2.13,0.01,0.0,5.92,92,296,0
2026-08-02 15:01:38,1.0,86.1,359910.67,34.8,1.13,6.41,0.01,0.01,16.23,92,296,0
2026-08-02 15:01:44,0.0,86.1,360298.67,34.8,0.56,5.66,0.0,0.0,30.18,92,296,0
2026-08-02 15:01:50,0.7,86.2,358124.0,34.8,8.66,2.23,0.01,0.01,37.49,92,296,0
2026-08-02 15:01:56,0.7,86.3,356029.33,34.8,0.85,5.01,0.01,0.02,4.68,92,296,0
2026-08-02 15:02:02,0.9,86.3,354333.33,34.8,7.88,3.13,0.02,0.01,14.37,92,296,0
2026-08-02 15:02:08,3.5,86.3,356564.0,34.8,42.94,2.48,0.03,0.01,31.37,92,296,0
2026-08-02 15:02:14,1.2,86.4,353054.67,34.8,44.42,5.58,0.0,0.0,6.25,93,296,0
2026-08-02 15:02:20,0.3,86.4,352516.0,34.8,34.24,2.78,0.01,0.01,39.62,93,296,0
2026-08-02 15:02:26,0.5,86.6,348218.67,34.8,9.71,4.68,0.0,0.0,17.19,93,296,0
2026-08-02 15:02:32,1.0,86.4,352182.67,34.8,35.29,2.77,0.02,0.09,4.62,93,296,0
2026-08-02 15:02:38,0.9,87.0,336092.0,34.8,101.85,5.47,0.01,0.01,4.63,93,296,0
2026-08-02 15:02:44,4.6,87.1,335554.67,34.8,34.58,3.79,0.01,0.01,3.7,93,296,0
2026-08-02 15:02:51,0.1,87.2,332266.67,34.8,6.23,2.68,0.01,0.0,3.68,93,296,0
2026-08-02 15:02:57,0.3,87.0,336354.67,34.8,5.16,5.48,0.01,0.0,4.71,93,296,0
2026-08-02 15:03:03,0.4,86.9,339554.67,34.8,2.15,3.81,0.02,0.01,4.54,93,296,0
2026-08-02 15:03:09,1.0,87.1,334196.0,34.8,1.41,5.8,0.01,0.02,3.85,93,296,0
2026-08-02 15:03:15,1.0,87.2,332033.33,34.8,0.21,5.14,0.01,0.0,4.55,93,296,0
2026-08-02 15:03:21,3.6,87.1,334334.67,34.8,8.39,2.17,0.0,0.0,3.66,93,296,0
2026-08-02 15:03:27,2.1,87.0,336289.33,34.8,1.68,4.56,0.01,0.04,3.54,93,296,0
2026-08-02 15:03:33,0.3,86.5,349149.33,34.8,0.5,3.49,0.0,0.01,4.38,93,296,0
2026-08-02 15:03:39,2.6,86.8,343242.67,34.8,1.29,2.25,0.02,0.01,3.44,93,296,0
2026-08-02 15:03:45,0.1,86.7,343789.33,34.8,0.2,6.45,0.01,0.0,4.91,93,296,0
2026-08-02 15:03:51,0.6,86.8,342809.33,34.8,0.63,2.72,0.0,0.0,4.38,93,296,0
2026-08-02 15:03:57,4.3,86.7,344161.33,34.8,13.55,3.98,0.03,0.02,3.57,93,296,0
2026-08-02 15:04:03,6.9,86.8,341792.0,34.8,3.95,3.72,4.1,0.08,5.57,93,296,0
2026-08-02 15:04:09,0.3,86.8,341332.0,34.8,0.81,5.87,0.01,0.0,5.08,93,296,0
2026-08-02 15:04:15,1.1,86.9,340117.33,34.8,0.4,3.11,0.0,0.0,3.98,94,296,0
2026-08-02 15:04:21,1.0,87.7,320149.33,34.8,9.82,6.62,0.02,0.08,4.45,94,296,0
2026-08-02 15:04:27,0.8,87.5,324182.67,34.8,41.52,2.9,0.01,0.0,4.71,94,296,0
2026-08-02 15:04:33,2.7,87.5,323621.33,34.8,7.48,2.61,0.0,0.0,60.47,94,296,0
2026-08-02 15:04:39,0.3,87.6,322193.33,34.8,35.15,4.55,0.01,0.0,4.13,94,296,0
2026-08-02 15:04:45,0.3,87.4,326625.33,34.8,36.01,2.86,0.0,0.0,3.78,94,296,0
2026-08-02 15:04:51,0.0,87.4,325929.33,34.8,51.73,4.64,0.01,0.01,4.51,94,296,0
2026-08-02 15:04:57,3.7,87.6,320498.67,34.8,11.93,3.67,0.04,0.02,3.84,94,296,0
2026-08-02 15:05:03,0.9,87.6,321372.0,34.8,54.27,5.32,0.01,0.01,3.99,94,296,0
2026-08-02 15:05:09,4.3,87.8,315448.0,34.8,32.64,2.91,0.01,0.02,4.93,94,296,0
2026-08-02 15:05:15,0.7,88.0,310702.67,34.8,36.17,4.44,0.01,0.0,3.62,94,297,0
2026-08-02 15:05:21,5.1,87.8,317224.0,34.8,33.44,1.29,0.01,0.0,4.29,94,296,0
2026-08-02 15:05:27,0.1,87.7,318741.33,34.8,7.99,2.7,0.0,0.0,3.85,94,296,0
2026-08-02 15:05:33,0.1,87.5,323121.33,34.8,14.94,2.35,0.01,0.0,3.8,94,296,0
2026-08-02 15:05:39,0.7,87.3,329208.0,34.8,0.32,7.64,0.0,0.0,4.26,94,296,0
2026-08-02 15:05:45,2.7,87.4,326708.0,34.8,183.02,134.95,0.01,0.0,4.3,94,296,0
2026-08-02 15:05:51,32.2,91.1,230700.0,34.8,317.52,6.81,0.02,0.12,3.59,94,300,0
2026-08-02 15:05:57,11.2,91.9,209238.67,34.8,43.34,6.24,0.05,0.24,4.54,94,300,0
2026-08-02 15:06:03,16.7,94.5,142156.0,34.8,186.73,3.02,0.01,0.01,10.56,94,300,0
2026-08-02 15:06:09,1.8,90.4,248657.33,34.8,40.92,160.54,0.01,0.01,3.97,94,300,0
2026-08-02 15:06:15,19.3,89.4,275197.33,34.8,23.07,24.87,0.01,0.01,5.3,94,300,0
2026-08-02 15:06:21,1.3,89.3,276388.0,34.8,31.67,3.54,0.01,0.01,3.97,94,299,0
2026-08-02 15:06:27,15.3,86.0,362274.67,34.8,3.68,5.26,0.01,0.0,5.41,95,298,0
2026-08-02 15:06:33,0.7,86.0,362605.33,34.8,2.98,2.75,0.01,0.02,6.63,95,298,0
2026-08-02 15:06:39,1.2,86.2,357725.33,34.8,2.74,2.38,0.0,0.0,8.9,95,298,0
2026-08-02 15:06:45,0.4,86.1,360289.33,34.8,1.38,7.48,0.01,0.01,6.9,95,298,0
2026-08-02 15:06:51,5.4,86.3,355008.0,34.8,4.14,4.01,0.01,0.01,104.99,95,300,0
2026-08-02 15:06:57,8.1,86.4,351768.0,34.8,9.66,4.77,0.05,0.03,5.08,95,299,0
2026-08-02 15:07:03,5.6,86.3,354210.67,34.8,1.31,3.0,0.01,0.01,7.97,95,299,0
2026-08-02 15:07:09,0.6,86.5,349057.33,34.8,17.24,3.72,0.01,0.02,7.68,95,299,0
2026-08-02 15:07:15,1.3,86.6,348286.67,34.8,3.09,6.98,0.01,0.01,6.6,95,298,0
2026-08-02 15:07:21,1.6,86.5,349833.33,34.8,7.4,2.36,0.01,0.0,4.11,95,298,0
2026-08-02 15:07:27,7.4,86.9,338800.0,34.8,21.61,2.67,0.01,0.01,3.51,95,301,0
2026-08-02 15:07:33,1.0,87.6,322201.33,34.8,44.95,6.26,0.02,0.1,9.81,95,303,0
2026-08-02 15:07:39,5.0,87.6,322061.33,34.8,0.93,2.68,0.01,0.0,24.26,95,303,0
2026-08-02 15:07:46,1.3,87.7,319485.33,34.8,0.38,6.34,0.01,0.0,5.9,95,303,0
2026-08-02 15:07:52,2.7,87.7,318905.33,34.8,4.0,3.14,0.0,0.0,4.48,95,302,0
2026-08-02 15:07:58,4.6,87.8,316976.0,34.8,1.55,2.55,0.02,0.0,15.18,95,302,0
2026-08-02 15:08:04,0.7,87.8,316242.67,34.8,11.4,4.73,0.0,0.01,4.96,95,301,0
2026-08-02 15:08:10,3.0,87.7,317966.67,34.8,0.39,2.32,0.01,0.0,5.12,95,301,0
2026-08-02 15:08:16,90.2,89.2,281230.67,34.8,115.7,2.78,0.01,0.0,84.28,96,306,1
2026-08-02 15:08:22,7.7,88.1,309457.33,34.8,30.56,56.63,0.01,0.05,4.29,95,300,0
2026-08-02 15:08:28,10.9,87.8,315553.33,34.8,1.95,2.8,0.01,0.0,4.31,95,301,0
2026-08-02 15:08:34,3.4,87.6,321296.0,34.8,3.52,6.58,0.01,0.0,7.19,95,299,0
2026-08-02 15:08:40,0.9,88.9,287130.67,34.8,52.7,2.19,0.01,0.01,6.64,95,299,0
2026-08-02 15:08:46,2.0,86.0,363380.0,34.8,0.66,140.09,0.0,0.0,7.79,95,299,0
2026-08-02 15:08:52,1.8,86.0,363352.0,34.8,2.09,6.22,0.01,0.0,4.98,95,297,0
2026-08-02 15:08:58,3.4,86.1,360829.33,34.8,3.0,1.38,0.03,0.05,4.67,95,297,0
2026-08-02 15:09:04,9.4,86.3,355082.67,34.8,0.96,1.97,0.0,0.0,159.62,95,297,0
2026-08-02 15:09:10,7.3,86.5,350368.0,34.8,8.94,5.88,0.01,0.0,5.32,95,297,0
2026-08-02 15:09:16,2.4,86.7,345916.0,34.8,3.04,2.13,0.01,0.01,6.07,95,297,0
2026-08-02 15:09:22,3.0,86.7,344856.0,34.8,0.73,1.89,0.01,0.0,60.3,95,297,0
2026-08-02 15:09:28,0.9,86.5,350694.67,34.8,2.64,7.09,0.01,0.0,4.42,95,297,0
2026-08-02 15:09:34,7.5,86.5,349406.67,34.8,0.31,2.03,0.0,0.0,7.65,95,297,0
2026-08-02 15:09:40,0.9,86.8,343101.33,34.8,0.78,4.55,0.01,0.0,4.81,95,297,0
2026-08-02 15:09:46,10.0,86.7,346052.0,34.8,2.43,2.38,0.0,0.0,11.23,95,297,0
2026-08-02 15:09:52,2.8,86.7,344025.33,34.8,0.68,4.73,0.02,0.01,7.09,95,297,0
2026-08-02 15:09:58,2.0,86.8,342629.33,34.8,2.0,1.36,0.01,0.0,14.91,95,297,0
2026-08-02 15:10:04,2.3,86.6,347713.33,34.8,3.09,2.3,0.01,0.01,8.26,94,297,0
2026-08-02 15:10:10,4.3,86.7,345278.67,34.8,1.41,4.91,0.01,0.0,4.63,94,297,0
2026-08-02 15:10:16,6.6,87.0,337104.0,34.8,0.44,2.66,0.0,0.0,4.25,94,297,0
2026-08-02 15:10:22,12.6,87.9,313242.67,34.8,30.33,3.95,0.03,0.09,5.05,94,301,0
2026-08-02 15:10:28,11.8,87.5,323750.67,34.8,1.55,5.56,0.0,0.0,8.79,94,300,0
2026-08-02 15:10:35,5.5,85.7,370884.0,34.8,0.1,2.45,0.01,0.0,4.99,94,300,0
2026-08-02 15:10:41,5.4,86.2,358458.67,34.8,8.59,2.64,0.01,0.0,6.7,94,300,0
2026-08-02 15:10:47,30.1,90.4,248502.67,34.8,263.05,5.33,0.02,0.04,23.58,94,300,0
2026-08-02 15:10:53,28.8,89.8,265453.33,34.8,355.26,5.09,0.01,0.01,3.74,94,296,0
2026-08-02 15:10:59,4.0,88.3,304668.0,34.8,20.13,150.77,0.03,0.04,56.84,94,296,0
2026-08-02 15:11:05,8.2,88.1,309192.0,34.8,2.75,6.19,0.02,0.01,5.79,94,299,0
2026-08-02 15:11:11,7.5,89.5,272245.33,34.8,0.63,2.23,0.0,0.01,4.91,94,295,0
2026-08-02 15:11:17,0.8,88.8,291714.67,34.8,0.52,4.57,0.01,0.01,15.99,93,295,0
2026-08-02 15:11:23,4.3,88.8,290260.0,34.8,1.52,5.31,0.01,0.01,3.97,93,296,0
2026-08-02 15:11:29,1.0,88.7,294186.67,34.8,0.77,2.32,0.01,0.01,58.9,93,296,0
2026-08-02 15:11:35,1.8,88.5,299185.33,34.8,33.86,28.27,0.02,0.01,5.19,93,296,0
2026-08-02 15:11:41,4.1,89.5,272706.67,34.8,26.11,5.92,0.02,0.32,4.12,93,295,0
2026-08-02 15:11:47,47.6,90.3,250522.67,34.8,149.05,2.51,0.01,0.05,10.36,93,296,0
2026-08-02 15:11:53,50.4,93.2,177049.33,34.8,310.21,6.88,0.01,0.01,291.72,93,303,0
2026-08-02 15:11:59,55.4,90.8,239844.0,34.8,695.76,175.63,0.03,0.02,37.9,93,303,0
2026-08-02 15:12:05,20.9,90.9,236386.67,34.8,140.94,7.46,0.02,0.02,13.44,93,304,0
2026-08-02 15:12:11,12.6,90.8,237504.0,34.8,9.83,1.69,0.01,0.01,76.16,93,303,0
2026-08-02 15:12:18,8.7,90.7,239997.33,34.8,6.64,1.5,0.01,0.01,6.57,92,303,0
2026-08-02 15:12:24,6.2,90.8,237317.33,34.8,5.63,2.34,0.01,0.0,79.93,92,303,0
2026-08-02 15:12:30,22.5,84.1,413453.33,34.8,17.96,26.11,0.01,0.0,128.64,92,303,0
2026-08-02 15:12:36,20.3,84.3,407326.67,34.8,9.88,3.64,0.01,0.08,4.99,92,303,0
2026-08-02 15:12:42,41.0,87.1,333502.67,34.8,37.6,2.97,0.03,0.06,44.6,92,303,0
2026-08-02 15:12:48,28.7,86.4,353042.67,34.8,13.69,5.71,0.09,1.26,6.24,92,302,0
2026-08-02 15:12:54,22.0,86.4,352268.0,34.8,12.29,3.0,0.01,0.0,127.25,92,301,0
2026-08-02 15:13:00,3.0,86.6,347502.67,34.8,10.48,5.83,0.02,0.01,71.14,92,301,0
2026-08-02 15:13:06,1.7,86.2,357370.67,34.8,10.51,2.54,0.01,0.0,211.68,92,301,0
2026-08-02 15:13:12,2.0,87.5,323884.0,34.8,12.41,2.58,0.01,0.0,19.05,91,301,0
2026-08-02 15:13:19,11.1,86.9,340414.67,34.8,12.38,6.17,0.02,0.01,153.87,91,301,0
2026-08-02 15:13:25,2.5,86.9,339336.0,34.8,4.0,2.3,0.0,0.0,168.87,91,301,0
2026-08-02 15:13:31,0.7,86.7,343785.33,34.8,7.8,2.39,0.01,0.0,69.89,91,301,0
2026-08-02 15:13:37,3.6,86.6,346310.67,34.8,6.56,5.09,0.01,0.0,4.4,91,301,0
2026-08-02 15:13:43,27.3,87.0,336298.67,34.8,2.74,2.7,0.01,0.01,81.96,91,301,0
2026-08-02 15:13:49,9.8,87.0,338008.0,34.8,8.35,3.96,0.01,0.0,30.37,91,301,0
2026-08-02 15:13:55,18.5,87.2,332853.33,34.8,4.41,4.97,0.0,0.0,165.2,91,307,0
2026-08-02 15:14:01,18.1,86.9,339794.67,34.8,5.01,1.63,0.02,0.02,4.27,91,301,0
2026-08-02 15:14:07,15.9,86.8,343229.33,34.8,1.23,1.36,0.01,0.0,45.72,91,301,0
2026-08-02 15:14:13,20.2,86.6,348312.0,34.8,1.3,2.72,0.01,0.0,54.94,91,301,0
2026-08-02 15:14:20,12.1,86.8,341766.67,34.8,2.36,5.45,0.05,0.6,27.74,90,301,0
2026-08-02 15:14:26,16.9,87.0,338093.33,34.8,2.09,1.93,0.11,2.23,130.07,90,301,0
2026-08-02 15:14:32,21.5,87.1,333646.67,34.8,2.2,2.33,0.07,1.05,35.23,90,301,0
2026-08-02 15:14:38,21.7,86.8,341113.33,34.8,1.58,5.12,0.02,0.29,113.9,90,307,0
2026-08-02 15:14:44,20.7,87.2,333168.0,34.8,1.95,1.91,0.11,1.81,12.05,90,301,0
2026-08-02 15:14:50,20.5,87.1,335480.0,34.8,0.99,1.88,0.01,0.0,4.07,90,301,0
2026-08-02 15:14:56,10.8,87.1,333588.0,34.8,4.43,7.18,0.1,1.66,63.17,90,301,0
2026-08-02 15:15:02,16.4,87.6,322474.67,34.8,3.52,2.18,0.04,0.23,4.66,90,302,0
2026-08-02 15:15:08,7.9,87.4,326456.0,34.8,0.86,2.32,0.05,0.8,52.41,89,301,0
2026-08-02 15:15:14,11.8,87.4,327865.33,34.8,0.55,5.02,0.07,1.28,18.89,89,301,0
2026-08-02 15:15:20,18.4,87.3,329393.33,34.8,0.8,3.41,0.05,0.74,66.95,89,301,0
2026-08-02 15:15:26,17.3,87.3,330445.33,34.8,0.53,2.36,0.04,0.75,30.53,89,301,0
2026-08-02 15:15:32,16.4,87.1,333646.67,34.8,1.11,5.34,0.07,1.35,159.44,89,301,0
2026-08-02 15:15:39,23.5,87.2,332082.67,34.8,7.74,5.6,0.03,0.53,,89,301,0
2026-08-02 15:15:49,17.9,86.9,339033.33,34.8,1.73,3.79,0.07,0.87,138.29,89,301,0
2026-08-02 15:15:55,8.0,87.1,335026.67,34.8,1.04,4.58,0.03,0.22,11.61,89,301,0
2026-08-02 15:16:01,16.9,87.5,325202.67,34.8,21.96,26.03,0.04,0.39,41.72,89,301,0
2026-08-02 15:16:07,71.6,87.9,314581.33,34.8,5.04,2.65,0.01,0.01,58.68,88,301,0
2026-08-02 15:16:13,15.0,87.7,318974.67,34.8,1.89,2.25,0.03,0.47,67.84,88,301,0
2026-08-02 15:16:19,11.2,87.2,331208.0,34.8,0.34,4.41,0.0,0.0,12.41,88,301,0
2026-08-02 15:16:25,14.5,87.5,323757.33,34.8,0.98,2.67,0.01,0.0,60.13,88,301,0
2026-08-02 15:16:31,25.6,87.5,323882.67,34.8,3.07,3.49,0.0,0.0,60.88,88,300,0
2026-08-02 15:16:37,6.6,87.5,324356.0,34.8,1.44,5.64,0.02,0.01,102.56,88,300,0
2026-08-02 15:16:43,1.6,87.5,325226.67,34.8,0.75,2.25,0.01,0.0,26.36,88,300,0
2026-08-02 15:16:49,4.2,87.5,322949.33,34.8,2.88,2.28,0.0,0.0,52.34,87,301,0
2026-08-02 15:16:55,4.6,88.6,295465.33,34.8,3.66,4.98,0.02,0.02,83.87,87,299,0
2026-08-02 15:17:02,7.4,83.4,429750.67,34.8,14.5,337.41,0.03,0.02,87.15,87,299,0
2026-08-02 15:17:08,3.6,83.4,429210.67,34.8,0.5,4.34,0.01,0.0,70.31,87,301,0
2026-08-02 15:17:14,8.7,83.5,426692.0,34.8,3.43,1.85,0.01,0.01,4.9,87,299,0
2026-08-02 15:17:20,2.2,83.4,430498.67,34.8,2.99,31.18,0.02,0.04,35.3,87,299,0
2026-08-02 15:17:26,2.2,83.6,425157.33,34.8,1.15,4.93,0.01,0.0,4.92,87,299,0
2026-08-02 15:17:32,3.5,81.9,469869.33,34.8,3.61,3.88,0.0,0.0,3.6,87,299,0
2026-08-02 15:17:38,9.0,82.3,457825.33,34.8,380.39,2.38,0.02,0.1,24.25,87,300,0
2026-08-02 15:17:44,2.1,83.0,439728.0,34.8,71.45,2.59,0.01,0.01,4.86,87,300,0
2026-08-02 15:17:50,1.2,83.2,436300.0,34.8,28.73,1.36,0.01,0.01,8.43,87,300,0
2026-08-02 15:17:56,5.8,83.3,433868.0,34.8,70.88,4.95,0.01,0.01,184.14,87,300,0
2026-08-02 15:18:02,3.4,83.3,432170.67,34.8,26.32,2.84,0.02,0.01,264.22,87,300,0
2026-08-02 15:18:08,1.9,82.7,449585.33,34.8,54.34,5.59,0.01,0.0,12.24,87,300,0
2026-08-02 15:18:15,1.2,82.5,453462.67,34.8,22.92,1.98,0.0,0.0,92.52,86,299,0
2026-08-02 15:18:21,0.5,82.8,447330.67,34.8,2.1,1.98,0.01,0.0,4.73,86,299,0
2026-08-02 15:18:27,7.4,82.8,445310.67,34.8,2.23,4.98,0.0,0.0,127.97,86,300,0
2026-08-02 15:18:33,9.1,82.7,447777.33,34.8,48.23,6.7,0.01,0.0,173.12,86,301,0
2026-08-02 15:18:39,1.2,83.0,440710.67,34.8,13.0,4.87,0.01,0.0,4.63,86,301,0
2026-08-02 15:18:45,13.7,83.2,436512.0,34.8,69.02,1.98,0.01,0.02,54.04,86,302,0
2026-08-02 15:18:51,2.5,83.1,438313.33,34.8,18.7,5.73,0.01,0.02,41.72,86,302,0
2026-08-02 15:18:57,4.0,83.4,430914.67,34.8,78.74,2.11,0.03,0.02,3.89,86,302,0
2026-08-02 15:19:03,3.2,83.4,429650.67,34.8,56.15,5.27,0.01,0.0,127.83,86,302,0
2026-08-02 15:19:09,38.3,83.6,426297.33,34.8,105.01,3.14,0.01,0.01,4.01,86,306,0
2026-08-02 15:19:15,8.9,83.8,419870.67,34.8,124.34,10.07,0.02,0.02,55.18,86,305,0
2026-08-02 15:19:21,1.2,83.8,419704.0,34.8,9.75,6.02,0.02,0.02,35.81,86,305,0
2026-08-02 15:19:27,2.5,83.6,424054.67,34.8,2.85,2.17,0.0,0.0,74.39,85,303,0
2026-08-02 15:19:34,3.8,83.5,427440.0,34.8,27.24,2.41,0.01,0.0,3.94,85,303,0
2026-08-02 15:19:40,1.2,83.7,421860.0,34.8,0.78,5.49,0.0,0.0,73.48,85,303,0
2026-08-02 15:19:46,1.3,83.7,422796.0,34.8,4.98,1.77,0.01,0.0,12.38,85,302,0
2026-08-02 15:19:52,2.3,83.9,416817.33,34.8,8.89,1.98,0.03,0.01,353.25,85,308,1
2026-08-02 15:19:58,8.3,83.9,417668.0,34.8,9.42,4.79,0.02,0.01,12.15,85,300,0
2026-08-02 15:20:04,3.6,83.9,417448.0,34.8,18.44,2.09,0.01,0.0,26.06,85,300,0
2026-08-02 15:20:10,1.3,83.9,417133.33,34.8,22.3,4.7,0.0,0.0,81.32,85,300,0
2026-08-02 15:20:16,5.7,84.7,395677.33,34.8,88.11,2.55,0.01,0.01,39.32,85,302,0
2026-08-02 15:20:22,4.9,84.6,399913.33,34.8,44.09,5.1,0.0,0.01,221.57,84,301,0
2026-08-02 15:20:29,0.8,84.5,400757.33,34.8,31.05,2.93,0.01,0.0,201.88,84,301,0
2026-08-02 15:20:35,9.5,84.7,397366.67,34.8,45.21,5.5,0.01,0.0,67.97,84,301,0
2026-08-02 15:20:41,1.6,84.7,397354.67,34.8,70.94,2.07,0.0,0.0,75.21,84,301,0
2026-08-02 15:20:47,0.9,83.9,417784.0,34.8,34.67,2.48,0.01,0.01,83.25,84,300,0
2026-08-02 15:20:53,1.7,84.0,415850.67,34.8,17.5,4.91,0.0,0.0,105.73,84,300,0
2026-08-02 15:20:59,5.0,84.1,411661.33,34.8,1.62,2.18,0.03,0.01,4.35,84,300,0
2026-08-02 15:21:05,7.5,84.1,411845.33,34.8,2.96,3.76,0.01,0.01,5.31,84,300,0
2026-08-02 15:21:11,2.0,84.4,405845.33,34.8,1.57,2.96,0.01,0.0,5.28,84,306,0
2026-08-02 15:21:17,9.2,84.4,405053.33,34.8,33.04,4.21,0.01,0.02,10.53,84,300,0
2026-08-02 15:21:24,2.1,84.4,404637.33,34.8,7.84,2.02,0.01,0.02,62.66,84,299,0
2026-08-02 15:21:30,2.6,84.2,409074.67,34.8,12.27,2.27,0.01,0.01,26.5,84,299,0
2026-08-02 15:21:36,2.0,84.3,406540.0,34.8,6.77,6.49,0.0,0.0,4.16,84,299,0
2026-08-02 15:21:42,2.2,84.2,409640.0,34.8,20.01,4.45,0.01,0.01,138.37,84,299,0
2026-08-02 15:21:48,1.3,84.1,412713.33,34.8,20.93,3.34,0.0,0.0,4.04,83,299,0
2026-08-02 15:21:54,2.4,84.2,410305.33,34.8,14.52,4.13,0.01,0.0,4.28,83,299,0
2026-08-02 15:22:00,11.7,84.4,403349.33,34.8,38.93,2.32,0.02,0.01,4.99,83,299,0
2026-08-02 15:22:06,3.0,84.5,402590.67,34.8,57.1,1.81,0.0,0.0,4.31,83,299,0
2026-08-02 15:22:12,86.5,84.3,406121.33,34.8,51.52,4.21,0.01,0.01,76.74,83,299,0
2026-08-02 15:22:18,18.4,84.2,408614.67,34.8,28.24,1.88,0.0,0.0,61.8,83,299,0
2026-08-02 15:22:24,47.8,84.7,396150.67,34.8,60.33,1.89,0.02,0.01,170.92,83,300,0
2026-08-02 15:22:30,92.2,84.2,408821.33,34.8,183.34,8.0,0.02,0.02,359.96,82,304,1
2026-08-02 15:22:37,80.3,83.3,433981.33,34.8,36.5,7.32,0.01,0.01,83.18,82,304,0
2026-08-02 15:22:43,18.2,81.2,486484.0,34.8,8.39,5.23,0.03,0.05,99.38,82,304,0
2026-08-02 15:22:49,32.1,83.0,440058.67,34.8,5.58,2.4,0.01,0.08,81.6,82,303,0
2026-08-02 15:22:55,19.7,82.6,451628.0,34.8,1.59,0.92,0.01,0.0,41.01,82,303,0
2026-08-02 15:23:01,12.7,82.7,449918.67,34.8,3.26,3.14,0.03,0.01,150.65,82,303,0
2026-08-02 15:23:07,9.7,82.8,445816.0,34.8,1.05,5.39,0.0,0.0,10.74,82,303,0
2026-08-02 15:23:13,13.8,82.4,456452.0,34.8,1.12,1.44,0.01,0.0,98.9,82,303,0
2026-08-02 15:23:20,19.7,83.3,432232.0,34.8,36.68,61.68,0.01,0.01,76.32,81,303,0
2026-08-02 15:23:26,15.5,82.9,444749.33,34.9,674.27,386.15,0.01,0.0,64.75,81,302,0
2026-08-02 15:23:32,26.4,83.6,425666.67,34.9,122.44,16.69,0.01,0.01,69.75,81,300,0
2026-08-02 15:23:38,15.9,84.3,406725.33,34.9,145.27,8.1,0.01,0.0,74.02,81,300,0
2026-08-02 15:23:44,9.7,83.9,418110.67,34.9,128.48,4.35,0.01,0.0,65.68,81,300,0
2026-08-02 15:23:50,19.9,84.4,405786.67,34.8,307.81,71.47,0.0,0.0,271.8,81,300,0
2026-08-02 15:23:56,17.3,83.4,430276.0,34.8,577.09,307.09,0.01,0.0,32.26,81,303,0
2026-08-02 15:24:02,9.3,83.2,435477.33,34.8,14.21,14.7,0.01,0.01,72.96,81,303,0
2026-08-02 15:24:08,21.9,83.5,428449.33,34.8,68.29,20.34,0.01,0.01,79.43,81,302,0
2026-08-02 15:24:15,19.7,83.0,441185.33,34.8,2.31,17.41,0.01,0.0,5.05,81,302,0
2026-08-02 15:24:21,15.4,86.2,358249.33,34.8,13.5,12.73,0.0,0.0,217.78,81,300,0
2026-08-02 15:24:27,10.6,85.8,367089.33,34.8,53.78,14.33,0.01,0.0,54.8,80,300,0
2026-08-02 15:24:33,11.5,85.5,375788.0,34.8,52.26,40.69,0.0,0.0,4.15,80,300,0
2026-08-02 15:24:39,3.9,85.2,383624.0,34.8,25.26,10.52,0.01,0.0,133.94,80,300,0
2026-08-02 15:24:45,11.5,87.3,328454.67,34.8,200.18,22.0,0.01,0.0,4.36,80,300,0
2026-08-02 15:24:51,25.3,87.5,323177.33,34.8,32.81,2.61,0.0,0.0,128.49,80,300,0
2026-08-02 15:24:57,15.2,87.4,326793.33,34.8,55.88,1.61,0.02,0.01,11.03,80,300,0
2026-08-02 15:25:03,14.5,87.4,326024.0,34.8,31.47,5.35,0.0,0.01,82.29,80,300,0
2026-08-02 15:25:09,11.2,87.5,323125.33,34.8,51.55,1.72,0.01,0.0,125.6,79,300,0
2026-08-02 15:25:16,5.2,87.3,328772.0,34.8,38.68,2.16,0.0,0.0,52.52,79,299,0
2026-08-02 15:25:22,4.8,87.1,333832.0,34.8,16.72,2.23,0.01,0.01,230.72,79,299,0
2026-08-02 15:25:28,25.1,85.7,369622.67,34.8,10.52,206.18,0.02,0.01,22.1,79,301,0
2026-08-02 15:25:34,0.7,84.6,399984.0,34.8,39.01,88.21,0.01,0.01,14.08,79,299,0
2026-08-02 15:25:40,4.2,84.3,407040.0,34.8,1.5,2.77,0.01,0.0,56.16,79,299,0
2026-08-02 15:25:46,4.2,84.3,407666.67,34.8,0.62,3.96,0.0,0.0,3.81,79,299,0
2026-08-02 15:25:52,2.8,84.4,404305.33,34.8,0.52,1.29,0.01,0.0,10.94,79,299,0
2026-08-02 15:25:58,1.7,84.5,401280.0,34.8,0.94,2.0,0.01,0.0,48.79,79,299,0
2026-08-02 15:26:04,18.8,84.7,396493.33,34.8,2.02,5.81,0.02,0.02,5.75,79,305,0
2026-08-02 15:26:10,8.1,84.6,400017.33,34.8,26.92,2.62,0.01,0.0,4.7,78,299,0
2026-08-02 15:26:16,1.3,84.4,404336.0,34.8,4.15,1.86,0.0,0.0,38.45,78,299,0
2026-08-02 15:26:22,1.8,85.2,383610.67,34.8,1.33,2.34,0.01,0.01,6.84,78,300,0
2026-08-02 15:26:28,1.9,85.2,383992.0,34.8,63.47,5.28,0.01,0.01,99.95,78,300,0
2026-08-02 15:26:34,3.0,84.8,395270.67,34.8,45.44,6.59,0.01,0.0,10.11,78,300,0
2026-08-02 15:26:40,8.5,85.1,387512.0,34.8,60.38,2.0,0.02,0.01,5.3,78,300,0
2026-08-02 15:26:47,3.0,85.2,384284.0,34.8,20.1,4.81,0.01,0.0,23.18,78,306,0
2026-08-02 15:26:53,8.6,85.2,383756.0,34.8,24.68,2.08,0.01,0.0,72.96,78,300,0
2026-08-02 15:26:59,2.2,85.1,386489.33,34.8,25.92,4.5,0.03,0.02,5.63,78,300,0
2026-08-02 15:27:05,1.2,85.0,388693.33,34.8,30.5,5.34,0.02,0.0,4.72,78,300,0
2026-08-02 15:27:11,2.0,85.2,383230.67,34.8,56.4,2.21,0.01,0.0,208.22,78,300,0
2026-08-02 15:27:17,1.7,85.3,379928.0,34.8,60.43,3.83,0.01,0.0,4.51,78,301,0
2026-08-02 15:27:23,2.5,85.8,369221.33,34.8,50.17,2.34,0.01,0.01,4.93,77,307,0
2026-08-02 15:27:29,23.8,86.2,357813.33,34.8,68.5,1.69,0.01,0.0,199.73,77,304,0
2026-08-02 15:27:35,8.8,84.5,401630.67,34.8,11.43,2.59,0.01,0.01,50.63,77,299,0
2026-08-02 15:27:41,4.7,84.7,397920.0,34.8,6.2,5.43,0.01,0.08,72.21,77,299,0
2026-08-02 15:27:47,1.2,84.6,398122.67,34.8,0.45,1.23,0.01,0.0,3.76,77,299,0
2026-08-02 15:27:53,6.1,84.6,399929.33,34.8,1.47,2.09,0.0,0.0,6.78,77,299,0
2026-08-02 15:27:59,4.3,84.8,395105.33,34.8,2.4,4.82,0.01,0.01,4.07,77,299,0
2026-08-02 15:28:05,3.6,84.7,396584.0,34.8,1.15,2.18,0.01,0.0,44.76,77,299,0
2026-08-02 15:28:12,9.4,84.9,391161.33,34.8,0.38,2.32,0.0,0.0,37.86,77,299,0
2026-08-02 15:28:18,23.8,84.2,408965.33,34.8,0.21,2.02,0.01,0.01,93.73,77,299,0
2026-08-02 15:28:24,9.3,84.1,412670.67,34.8,1.09,5.36,0.01,0.0,143.71,76,299,0
2026-08-02 15:28:30,1.7,84.1,413078.67,34.8,0.39,2.27,0.01,0.0,66.41,76,299,0
2026-08-02 15:28:36,1.2,84.7,396808.0,34.8,0.61,6.09,0.01,0.0,74.98,76,299,0
2026-08-02 15:28:42,3.2,85.0,388848.0,34.8,6.7,2.24,0.0,0.0,20.43,76,299,0
2026-08-02 15:28:48,25.3,83.8,419242.67,34.8,0.73,1.92,0.01,0.0,6.12,76,299,0
2026-08-02 15:28:54,34.9,84.1,411693.33,34.8,0.46,2.2,0.08,1.39,34.72,76,299,0
2026-08-02 15:29:00,7.7,84.4,405306.67,34.8,7.92,5.15,0.32,6.27,5.73,76,299,0
2026-08-02 15:29:06,4.5,84.5,401985.33,34.8,1.11,2.16,0.0,0.0,170.32,76,299,0
2026-08-02 15:29:12,19.3,84.3,406090.67,34.8,0.75,2.32,0.02,0.01,38.77,76,299,0
2026-08-02 15:29:18,18.8,84.0,416122.67,34.8,0.95,4.28,0.01,0.01,103.47,76,299,0
2026-08-02 15:29:25,8.8,83.8,421030.67,34.8,0.47,1.44,0.06,0.71,24.13,75,299,0
2026-08-02 15:29:31,10.6,83.6,425910.67,34.8,0.24,2.47,0.02,0.29,93.84,75,299,0
2026-08-02 15:29:37,29.2,83.9,417493.33,34.8,0.52,2.22,0.04,0.44,50.08,75,299,0
2026-08-02 15:29:43,9.3,84.0,416225.33,34.8,0.51,4.47,0.02,0.36,62.46,75,299,0
2026-08-02 15:29:49,19.3,84.0,415601.33,34.8,0.63,1.23,0.03,0.37,6.42,75,300,0
2026-08-02 15:29:55,22.2,83.9,418057.33,34.8,0.61,1.29,0.03,0.34,48.55,75,300,0
2026-08-02 15:30:01,8.0,84.1,413032.0,34.8,1.27,2.18,0.02,0.01,69.7,75,299,0
2026-08-02 15:30:07,3.5,84.0,415944.0,34.8,0.47,5.24,0.01,0.0,3.52,75,299,0
2026-08-02 15:30:13,0.4,84.0,416133.33,34.8,0.3,1.17,0.01,0.01,179.81,75,303,0
2026-08-02 15:30:19,8.4,84.7,397554.67,34.8,0.34,2.7,0.01,0.0,38.53,75,299,0
2026-08-02 15:30:25,7.1,84.5,401238.67,34.8,0.51,1.46,0.0,0.0,3.97,74,299,0
2026-08-02 15:30:31,12.2,85.9,366950.67,34.8,409.56,3.71,0.01,0.01,4.15,74,300,0
2026-08-02 15:30:37,3.3,84.2,410510.67,34.8,46.17,16.34,0.01,0.0,16.97,74,300,0
2026-08-02 15:30:43,1.7,84.3,408257.33,34.8,0.85,2.1,0.0,0.0,4.84,74,300,0
2026-08-02 15:30:50,1.4,84.2,408522.67,34.8,3.88,1.87,0.01,0.0,52.28,74,300,0
2026-08-02 15:30:56,4.3,84.4,404978.67,34.8,0.65,4.84,0.0,0.0,27.54,74,300,0
2026-08-02 15:31:02,9.0,84.0,416050.67,34.8,5.01,5.62,0.03,0.02,3.81,74,299,0
2026-08-02 15:31:08,4.6,84.0,415594.67,34.8,3.0,1.68,0.01,0.02,18.46,74,299,0
2026-08-02 15:31:14,2.5,83.9,418090.67,34.8,0.12,2.0,0.01,0.0,61.79,74,299,0
2026-08-02 15:31:20,1.7,84.0,413717.33,34.8,0.38,4.6,0.01,0.02,3.85,74,299,0
2026-08-02 15:31:26,0.8,84.1,411298.67,34.8,1.4,2.21,0.02,0.01,4.12,73,299,0
2026-08-02 15:31:32,3.5,83.4,430529.33,34.8,4.52,28.32,0.01,0.0,179.78,73,299,0
2026-08-02 15:31:38,7.8,84.3,408074.67,34.8,33.09,5.35,0.01,0.02,4.4,73,300,0
2026-08-02 15:31:44,8.2,84.5,402552.0,34.8,0.74,1.56,0.01,0.0,4.61,73,300,0
2026-08-02 15:31:50,7.6,84.4,405366.67,34.8,0.9,1.59,0.0,0.0,3.83,73,300,0
2026-08-02 15:31:56,1.8,84.4,404542.67,34.8,1.17,1.93,0.01,0.01,33.76,73,300,0
2026-08-02 15:32:02,4.1,84.5,401070.67,34.8,3.65,5.02,0.02,0.0,4.4,73,300,0
2026-08-02 15:32:08,4.8,83.7,421664.0,34.8,4.03,2.09,0.0,0.0,7.8,73,299,0
2026-08-02 15:32:14,2.2,83.9,416554.67,34.8,7.97,4.72,0.01,0.0,3.09,73,299,0
2026-08-02 15:32:20,3.9,84.2,409560.0,34.8,1.15,3.9,0.0,0.0,87.79,73,299,0
2026-08-02 15:32:26,7.9,84.4,405608.0,34.8,1.34,1.57,0.02,0.01,5.69,73,299,0
2026-08-02 15:32:32,6.4,84.3,406340.0,34.8,1.62,2.07,0.01,0.0,142.94,73,299,0
2026-08-02 15:32:39,1.3,82.6,451026.67,34.8,34.52,18.82,0.02,0.08,4.11,73,299,0
2026-08-02 15:32:45,16.0,82.3,459536.0,34.8,10.87,1.75,0.01,0.01,4.17,73,299,0
2026-08-02 15:32:51,1.0,81.7,475664.0,34.8,0.73,5.21,0.0,0.0,5.49,72,299,0
2026-08-02 15:32:57,1.9,81.8,473194.67,34.8,1.72,2.09,0.02,0.0,93.1,72,299,0
2026-08-02 15:33:03,3.8,81.9,468509.33,34.8,0.97,2.1,0.02,0.01,24.65,72,299,0
2026-08-02 15:33:09,13.2,81.8,472976.0,34.8,0.97,5.62,0.03,0.01,,72,299,0
2026-08-02 15:33:19,2.1,81.8,471078.67,34.8,0.73,4.1,0.02,0.01,47.77,72,299,0
2026-08-02 15:33:25,10.3,82.1,465470.67,34.8,2.81,1.46,0.01,0.02,177.16,72,299,0
2026-08-02 15:33:31,33.2,85.4,377542.67,34.8,114.64,3.12,0.03,0.13,23.68,72,299,0
2026-08-02 15:33:37,6.1,84.9,390356.0,34.8,74.49,4.24,0.04,0.19,50.38,72,299,0
2026-08-02 15:33:43,31.8,87.0,338314.67,34.8,57.96,4.9,0.02,0.01,14.94,72,300,0
2026-08-02 15:33:49,11.6,86.6,346296.0,34.8,27.16,2.19,0.05,0.57,11.4,72,300,0
2026-08-02 15:33:55,1.6,86.1,361294.67,34.8,0.46,1.5,0.01,0.0,19.19,72,300,0
2026-08-02 15:34:01,1.0,85.9,366773.33,34.8,5.73,2.29,0.01,0.01,42.02,72,300,0
2026-08-02 15:34:07,26.6,85.2,382904.0,34.8,9.45,7.89,0.01,0.01,172.45,71,300,0
2026-08-02 15:34:14,0.7,84.5,402008.0,34.8,1.7,2.28,0.01,0.01,14.6,71,299,0
2026-08-02 15:34:20,2.1,84.5,401294.67,34.8,0.7,4.91,0.0,0.01,3.77,71,299,0
2026-08-02 15:34:26,4.8,84.6,399092.0,34.8,0.31,2.1,0.01,0.0,46.68,71,299,0
2026-08-02 15:34:32,8.1,84.9,391349.33,34.8,388.45,8.8,0.01,0.0,159.44,71,304,0
2026-08-02 15:34:38,6.3,83.8,418860.0,34.8,780.71,2.64,0.0,0.0,67.14,71,304,0
2026-08-02 15:34:44,20.6,92.0,207445.33,34.8,981.65,2.66,0.01,0.0,8.28,71,304,0
2026-08-02 15:34:50,9.1,86.3,354602.67,34.8,452.42,360.68,0.0,0.0,130.21,71,304,0
2026-08-02 15:34:56,4.7,86.4,353968.0,34.8,1.29,2.48,0.01,0.0,4.21,71,304,0
2026-08-02 15:35:02,20.7,86.8,342666.67,34.8,9.59,1.53,0.06,0.22,146.5,71,303,0
2026-08-02 15:35:08,10.8,86.7,345760.0,34.8,5.95,1.76,0.01,0.11,56.06,71,303,0
2026-08-02 15:35:14,14.1,86.4,351669.33,34.8,1.91,3.98,0.01,0.01,61.28,70,303,0
2026-08-02 15:35:21,18.2,86.0,361818.67,34.8,0.8,2.32,0.0,0.0,4.04,70,303,0
2026-08-02 15:35:27,14.1,87.4,327265.33,34.8,62.55,2.47,0.01,0.01,111.15,70,309,0
2026-08-02 15:35:33,21.3,87.3,329990.67,34.8,3.07,5.06,0.0,0.0,59.34,70,303,0
2026-08-02 15:35:39,27.0,86.9,338554.67,34.8,0.75,1.48,0.01,0.0,153.91,70,303,0
2026-08-02 15:35:45,14.1,87.3,329269.33,34.8,10.24,1.94,0.01,0.0,4.58,70,302,0
2026-08-02 15:35:51,12.7,87.1,334492.0,34.8,2.97,1.39,0.0,0.0,59.66,70,302,0
2026-08-02 15:35:57,6.2,87.3,330278.67,34.8,1.09,5.15,0.02,0.0,107.24,70,302,0
2026-08-02 15:36:03,1.7,87.1,334061.33,34.8,3.74,1.89,0.0,0.0,38.52,69,302,0
2026-08-02 15:36:09,9.9,88.3,304593.33,34.8,2.82,1.91,0.01,0.01,13.32,69,308,0
2026-08-02 15:36:15,7.9,85.5,375845.33,34.8,0.76,148.39,0.01,0.0,4.3,69,301,0
2026-08-02 15:36:21,1.0,85.5,376198.67,34.8,1.52,1.2,0.01,0.02,4.34,69,301,0
2026-08-02 15:36:27,1.2,85.6,373836.0,34.8,4.98,5.25,0.01,0.01,4.34,69,300,0
2026-08-02 15:36:33,2.5,84.8,393968.0,34.8,2.52,1.86,0.01,0.02,4.41,69,300,0
2026-08-02 15:36:39,2.8,84.8,395290.67,34.8,2.25,1.59,0.01,0.0,126.3,69,300,0
2026-08-02 15:36:46,4.9,85.2,384868.0,34.8,0.47,2.03,0.0,0.0,126.54,69,300,0
2026-08-02 15:36:52,6.1,85.3,381434.67,34.8,0.54,4.04,0.01,0.0,102.67,69,306,0
2026-08-02 15:36:58,17.5,86.5,349761.33,34.8,47.66,1.45,0.02,0.01,37.81,69,300,0
2026-08-02 15:37:04,3.9,86.6,347505.33,34.8,0.85,2.22,0.02,0.01,133.5,69,300,0
2026-08-02 15:37:10,1.2,86.4,352502.67,34.8,1.61,2.96,0.01,0.0,4.06,69,300,0
2026-08-02 15:37:16,0.6,86.5,348858.67,34.8,0.46,4.81,0.0,0.0,4.37,68,300,0
2026-08-02 15:37:22,4.4,86.4,352744.0,34.8,2.58,6.6,0.01,0.0,4.99,68,300,0
2026-08-02 15:37:28,1.2,86.6,346628.0,34.8,2.12,2.16,0.01,0.02,57.55,68,300,0
2026-08-02 15:37:34,28.4,83.5,428430.67,34.8,2.63,2.41,0.01,0.0,21.11,68,306,0
2026-08-02 15:37:40,7.1,83.5,426806.67,34.8,1.87,5.07,0.01,0.09,5.16,68,300,0
2026-08-02 15:37:46,0.9,83.6,424242.67,34.8,1.19,1.93,0.0,0.0,17.73,68,300,0
2026-08-02 15:37:52,5.1,83.8,421209.33,34.8,1.39,1.2,0.01,0.01,4.51,68,300,0
2026-08-02 15:37:58,2.2,83.5,427969.33,34.8,0.66,3.09,0.01,0.0,11.28,68,300,0
2026-08-02 15:38:04,0.8,83.5,428380.0,34.8,1.77,5.29,0.01,0.0,34.54,68,300,0
2026-08-02 15:38:10,1.5,83.9,418190.67,34.8,1.25,2.42,0.01,0.0,72.3,68,300,0
2026-08-02 15:38:16,4.0,83.8,419318.67,34.8,1.77,1.59,0.0,0.0,62.38,68,306,0
2026-08-02 15:38:23,6.4,83.7,422730.67,34.8,0.82,2.33,0.01,0.0,79.32,67,300,0
2026-08-02 15:38:29,4.5,83.6,425516.0,34.8,3.21,5.07,0.02,0.01,81.22,67,301,0
2026-08-02 15:38:35,5.3,83.6,426173.33,34.8,3.26,2.32,0.01,0.0,108.99,67,301,0
2026-08-02 15:38:41,5.4,85.6,374316.0,34.8,9.32,2.61,0.01,0.01,81.67,67,301,0
2026-08-02 15:38:47,0.8,84.1,411672.0,34.8,2.08,5.24,0.0,0.0,46.06,67,300,0
2026-08-02 15:38:53,0.9,84.2,409514.67,34.8,0.77,1.21,0.01,0.0,4.43,67,300,0
2026-08-02 15:38:59,8.0,84.1,412918.67,34.8,0.86,2.1,0.02,0.01,49.23,67,300,0
2026-08-02 15:39:05,8.8,84.1,411452.0,34.8,20.45,7.5,0.01,0.0,67.2,67,300,0
2026-08-02 15:39:11,1.2,84.4,404537.33,34.8,3.45,1.5,0.0,0.0,71.15,67,300,0
2026-08-02 15:39:17,13.6,84.5,401697.33,34.8,5.5,5.93,0.01,0.01,22.74,67,300,0
2026-08-02 15:39:23,10.8,84.2,408960.0,34.8,0.41,1.27,0.0,0.0,112.73,66,300,0
2026-08-02 15:39:30,18.0,84.5,401882.67,34.8,0.88,2.61,0.02,0.01,5.6,66,300,0
2026-08-02 15:39:36,2.8,84.7,396566.67,34.8,0.8,5.13,0.01,0.0,151.79,66,300,0
2026-08-02 15:39:42,8.6,84.6,398832.0,34.8,1.78,1.26,0.01,0.0,4.35,66,300,0
2026-08-02 15:39:48,34.7,84.8,394345.33,34.8,3.45,2.58,0.01,0.0,71.64,66,299,0
2026-08-02 15:39:54,3.6,84.5,402954.67,34.8,0.44,4.86,0.0,0.0,147.1,66,299,0
2026-08-02 15:40:00,5.5,84.6,398820.0,34.8,3.15,2.32,0.02,0.01,186.7,66,299,0
2026-08-02 15:40:06,19.8,84.8,394968.0,34.8,1.95,1.84,0.01,0.0,90.22,66,299,0
2026-08-02 15:40:12,17.1,84.4,404152.0,34.8,0.38,1.27,0.0,0.0,55.5,66,299,0
2026-08-02 15:40:18,10.0,84.4,404600.0,34.8,0.3,5.21,0.01,0.01,4.03,66,303,0
2026-08-02 15:40:24,52.8,84.8,394902.67,34.8,0.49,2.34,0.0,0.0,98.04,65,299,0
2026-08-02 15:40:31,19.0,84.6,399358.67,34.8,0.7,2.14,0.01,0.01,122.06,65,299,0
2026-08-02 15:40:37,13.9,84.6,399485.33,34.8,1.25,2.0,0.01,0.01,3.55,65,299,0
2026-08-02 15:40:43,2.8,84.4,403617.33,34.8,1.47,5.0,0.01,0.01,10.79,65,298,0
2026-08-02 15:40:49,0.8,84.4,404701.33,34.8,0.19,1.95,0.01,0.0,245.96,65,298,0
2026-08-02 15:40:55,2.2,85.3,380290.67,34.8,0.43,1.62,0.0,0.0,199.5,65,298,0
2026-08-02 15:41:01,5.6,85.1,385706.67,34.8,1.49,1.57,0.04,0.02,22.14,65,302,0
2026-08-02 15:41:07,27.7,85.2,384130.67,34.8,0.89,5.66,0.01,0.01,13.52,65,298,0
2026-08-02 15:41:13,9.2,85.1,386086.67,34.8,6.67,1.9,0.01,0.0,14.39,65,298,0
2026-08-02 15:41:19,21.6,85.1,385474.67,34.8,0.43,2.07,0.01,0.0,28.02,65,298,0
2026-08-02 15:41:25,17.6,84.7,396258.67,34.8,4.57,4.63,0.02,0.01,227.25,64,299,0
2026-08-02 15:41:32,11.8,84.9,390626.67,34.8,1.56,2.55,0.01,0.01,4.74,64,299,0
2026-08-02 15:41:38,13.0,85.4,378884.0,34.8,12.69,1.57,0.02,0.01,38.83,64,299,0
2026-08-02 15:41:44,14.7,85.3,381506.67,34.8,15.08,22.68,0.01,0.0,22.32,64,299,0
2026-08-02 15:41:50,16.8,85.2,383612.0,34.8,0.92,5.08,0.0,0.0,160.78,64,303,0
2026-08-02 15:41:56,11.9,85.1,387464.0,34.8,1.9,3.05,0.01,0.01,202.53,64,299,0
2026-08-02 15:42:02,39.0,85.5,375009.33,34.8,0.99,1.6,0.02,0.01,35.39,64,299,0
2026-08-02 15:42:08,14.1,85.4,378864.0,34.8,0.63,5.76,0.01,0.0,65.73,64,299,0
2026-08-02 15:42:14,1.7,85.4,377586.67,34.8,1.48,3.56,0.01,0.0,163.34,64,299,0
2026-08-02 15:42:21,0.4,85.3,382082.67,34.8,0.9,2.71,0.0,0.0,170.6,63,299,0
2026-08-02 15:42:27,7.6,85.9,364494.67,34.8,0.65,5.75,0.02,0.0,,63,299,0
2026-08-02 15:42:37,2.3,84.4,405721.33,34.8,2.58,14.93,0.01,0.0,,63,299,0
2026-08-02 15:42:47,1.2,85.2,384936.0,34.8,3.23,3.35,0.04,0.1,62.25,63,299,0
2026-08-02 15:42:53,2.0,85.0,389526.67,34.8,1.76,5.39,0.0,0.01,25.81,63,299,0
2026-08-02 15:42:59,2.4,85.2,383464.0,34.8,2.04,4.45,0.03,0.01,33.34,63,305,0
2026-08-02 15:43:05,6.7,85.8,368937.33,34.8,1.05,1.71,0.0,0.0,23.12,63,299,0
2026-08-02 15:43:11,2.2,85.9,365617.33,34.8,0.67,2.29,0.01,0.0,123.15,62,299,0
2026-08-02 15:43:17,22.7,85.7,370852.0,34.8,52.62,5.03,0.01,0.0,267.37,62,299,0
2026-08-02 15:43:24,30.3,85.9,365578.67,34.8,1.18,2.41,0.0,0.01,59.36,62,299,0
2026-08-02 15:43:30,21.1,85.7,369750.67,34.8,0.57,1.86,0.02,0.01,41.04,62,299,0
2026-08-02 15:43:36,3.6,86.0,363158.67,34.8,3.48,2.72,0.03,0.34,235.01,62,299,0
2026-08-02 15:43:42,8.0,85.8,369476.0,34.8,1.0,4.55,0.01,0.0,282.97,62,299,0
2026-08-02 15:43:48,2.7,85.7,370173.33,34.8,0.27,2.22,0.01,0.0,,62,305,0
2026-08-02 15:43:58,18.8,85.9,364526.67,34.8,1.17,1.72,0.09,1.36,116.44,62,299,0
2026-08-02 15:44:04,16.4,86.0,363786.67,34.8,0.39,1.57,0.08,1.72,172.34,62,299,0
2026-08-02 15:44:11,18.1,85.6,374657.33,34.8,0.33,5.43,0.04,0.62,62.39,62,299,0
2026-08-02 15:44:17,9.7,85.8,368560.0,34.8,0.22,2.41,0.05,0.86,201.45,62,299,0
2026-08-02 15:44:23,11.9,85.8,368080.0,34.8,0.38,2.07,0.03,0.59,87.08,61,299,0
2026-08-02 15:44:29,17.7,85.6,374348.0,34.8,9.71,5.71,0.04,0.64,68.59,61,299,0
2026-08-02 15:44:35,17.9,85.6,374561.33,34.8,0.48,2.16,0.05,0.64,85.51,61,299,0
2026-08-02 15:44:41,9.1,85.8,368896.0,34.8,0.42,2.45,0.04,0.8,214.49,61,299,0
2026-08-02 15:44:47,19.3,86.1,359817.33,34.8,1.19,2.33,0.06,1.16,163.45,61,299,0
2026-08-02 15:44:54,10.9,86.2,358830.67,34.8,0.61,4.92,0.03,0.64,6.49,61,299,0
2026-08-02 15:45:00,9.7,86.1,360908.0,34.8,0.66,2.21,0.04,0.19,143.79,61,299,0
2026-08-02 15:45:06,3.0,86.1,360537.33,34.8,0.52,1.56,0.06,1.08,148.32,61,299,0
2026-08-02 15:45:12,7.1,86.1,360664.0,34.8,0.61,1.87,0.01,0.01,8.84,60,299,0
2026-08-02 15:45:18,61.0,86.2,357576.0,34.8,1.78,4.56,0.01,0.0,36.65,60,299,0
2026-08-02 15:45:24,11.4,86.1,361446.67,34.8,4.39,2.29,0.0,0.0,305.71,60,299,1
2026-08-02 15:45:30,11.5,86.2,358296.0,34.8,3.07,2.37,0.02,0.01,37.77,60,299,0
2026-08-02 15:45:36,10.1,86.1,359794.67,34.8,0.69,1.58,0.01,0.0,386.31,60,299,1
2026-08-02 15:45:43,15.0,85.9,365824.0,34.8,0.29,4.44,0.0,0.0,63.84,60,299,0
2026-08-02 15:45:49,21.3,86.2,357470.67,34.8,34.07,2.27,0.01,0.0,155.58,60,299,0
2026-08-02 15:45:55,23.2,86.0,364312.0,34.8,10.97,1.44,0.0,0.0,7.79,60,299,0
2026-08-02 15:46:01,13.8,85.9,364640.0,34.8,1.43,1.43,0.03,0.01,52.69,60,299,0
2026-08-02 15:46:07,11.5,85.8,367434.67,34.8,8.76,6.43,0.01,0.01,167.59,60,299,0
2026-08-02 15:46:13,14.8,85.9,366518.67,34.8,0.43,1.55,0.01,0.0,41.78,59,299,0
2026-08-02 15:46:20,9.8,86.0,362053.33,34.8,0.31,2.96,0.01,0.0,11.63,59,299,0
2026-08-02 15:46:26,13.1,86.1,360118.67,34.8,0.66,2.16,0.0,0.01,63.95,59,299,0
2026-08-02 15:46:32,21.6,86.2,357622.67,34.8,7.99,5.08,0.01,0.0,79.35,59,299,0
2026-08-02 15:46:38,10.7,86.1,360742.67,34.8,27.13,2.87,0.01,0.0,172.85,59,299,0
2026-08-02 15:46:44,16.8,86.0,362570.67,34.8,20.99,1.27,0.01,0.01,266.42,59,299,0
2026-08-02 15:46:50,11.3,86.2,357789.33,34.8,8.53,5.13,0.0,0.0,88.75,58,299,0
2026-08-02 15:46:56,16.3,86.1,359992.0,34.8,39.14,1.73,0.02,0.0,182.38,58,299,0
2026-08-02 15:47:03,16.2,86.3,355632.0,34.8,30.0,1.98,0.09,0.87,113.34,58,299,0
2026-08-02 15:47:09,20.2,86.5,350570.67,34.8,53.21,2.02,0.15,2.89,153.01,58,299,0
2026-08-02 15:47:15,20.9,86.4,353842.67,34.8,79.4,4.79,0.1,2.35,119.77,58,299,0
2026-08-02 15:47:21,11.0,86.4,352417.33,34.8,73.91,3.0,0.08,1.57,96.89,58,299,0
2026-08-02 15:47:27,22.9,86.2,356833.33,34.8,28.86,4.62,0.01,0.0,285.46,58,300,0
2026-08-02 15:47:33,16.2,86.2,356833.33,34.8,61.56,1.84,0.04,0.58,378.18,58,300,1
2026-08-02 15:47:40,14.2,86.4,352734.67,34.8,23.95,3.11,0.02,0.29,136.94,58,300,0
2026-08-02 15:47:46,15.6,86.6,347894.67,34.8,72.49,5.16,0.04,0.47,57.79,58,300,0
2026-08-02 15:47:52,11.8,86.7,344194.67,34.8,68.68,1.67,0.02,0.09,233.45,57,300,0
2026-08-02 15:47:58,13.3,86.4,352800.0,34.8,26.35,1.61,0.04,0.31,339.42,57,300,1
2026-08-02 15:48:05,16.4,86.6,348061.33,34.8,41.92,2.39,0.03,0.43,29.63,57,300,0
2026-08-02 15:48:11,11.1,86.5,349697.33,34.8,28.05,5.25,0.03,0.31,100.46,57,300,0
2026-08-02 15:48:17,21.5,86.8,342326.67,34.8,64.75,2.63,0.03,0.3,41.76,57,300,0
2026-08-02 15:48:23,28.9,86.8,341257.33,34.8,47.93,1.68,0.02,0.27,111.43,57,301,0
2026-08-02 15:48:29,21.1,86.7,344333.33,34.8,27.31,2.61,0.02,0.1,27.74,57,300,0
2026-08-02 15:48:35,16.2,86.7,346128.0,34.8,211.16,244.82,0.09,0.82,64.98,56,299,0
2026-08-02 15:48:41,32.7,91.4,222564.0,34.8,237.14,4.31,0.03,0.06,125.42,56,299,0
2026-08-02 15:48:47,67.4,93.4,171461.33,34.8,357.22,14.33,0.16,0.53,161.88,56,302,0
2026-08-02 15:48:54,12.0,92.9,183934.67,34.8,108.06,29.63,0.11,0.24,267.35,56,302,0
2026-08-02 15:49:00,23.0,93.3,174054.67,34.8,170.52,136.5,0.03,0.02,243.12,56,302,0
2026-08-02 15:49:06,5.1,93.6,166524.0,34.8,45.67,4.51,0.0,0.0,33.73,56,302,0
2026-08-02 15:49:12,8.4,91.9,211344.0,34.8,7.25,10.41,0.01,0.0,66.98,56,302,0
2026-08-02 15:49:18,30.7,91.4,221925.33,34.8,9.73,5.5,0.0,0.0,43.35,55,302,0
2026-08-02 15:49:24,11.9,91.9,211169.33,34.8,49.65,2.04,0.01,0.01,,55,301,0
2026-08-02 15:49:34,18.8,90.7,240276.0,35.0,601.17,621.59,0.02,0.0,,55,301,0
2026-08-02 15:49:44,16.7,89.9,262037.33,34.9,867.2,188.47,0.02,0.01,,55,304,0
2026-08-02 15:49:54,18.8,91.1,230656.0,34.9,511.27,126.23,0.02,0.02,158.71,55,304,0
2026-08-02 15:50:01,4.6,89.1,281638.67,34.9,165.44,110.03,0.01,0.0,,55,304,0
2026-08-02 15:50:11,5.4,89.2,280229.33,34.9,17.22,29.7,0.02,0.04,5.87,55,304,0
2026-08-02 15:50:17,3.2,89.4,274605.33,34.9,7.86,4.73,0.0,0.0,4.15,54,304,0
2026-08-02 15:50:23,3.0,89.4,275018.67,34.9,2.18,2.09,0.01,0.0,4.74,54,304,0
2026-08-02 15:50:29,21.5,90.2,254577.33,34.9,76.72,2.7,0.0,0.0,4.59,54,311,0
2026-08-02 15:50:35,8.0,90.2,255012.0,34.9,50.99,3.78,0.01,0.0,45.13,54,313,0
2026-08-02 15:50:41,16.4,90.3,252213.33,34.9,11.22,6.38,0.0,0.0,4.46,54,307,0
2026-08-02 15:50:47,6.9,90.0,259836.0,34.9,30.44,2.72,0.01,0.0,46.54,54,307,0
2026-08-02 15:50:53,6.2,90.2,254412.0,34.9,189.54,1.54,0.01,0.01,64.3,54,308,0
2026-08-02 15:50:59,1.8,89.7,266221.33,34.9,35.18,1.71,0.02,0.01,3.97,54,307,0
2026-08-02 15:51:05,10.8,89.0,286373.33,34.9,156.25,174.18,0.01,0.01,8.26,54,306,0
2026-08-02 15:51:11,0.8,89.1,283290.67,34.9,38.45,1.68,0.0,0.0,656.99,54,312,1
2026-08-02 15:51:18,11.1,89.3,278449.33,34.9,19.65,2.5,0.01,0.01,159.5,54,306,0
2026-08-02 15:51:24,2.0,88.6,295717.33,34.9,26.31,2.39,0.01,0.03,2097.39,53,304,1
2026-08-02 15:51:32,5.1,88.7,292176.0,34.9,28.42,6.39,0.01,0.0,718.07,53,304,1
2026-08-02 15:51:39,8.3,88.0,311526.67,34.9,43.23,5.93,0.01,0.01,253.82,53,303,0
2026-08-02 15:51:45,6.7,88.4,300900.0,34.9,16.41,2.78,0.3,0.06,184.4,53,303,0
2026-08-02 15:51:51,2.1,88.9,288918.67,34.9,40.36,2.0,2.6,0.04,346.1,53,303,1
2026-08-02 15:51:58,5.5,89.5,271249.33,34.9,65.01,5.61,0.03,0.03,,53,303,0
2026-08-02 15:52:08,7.5,89.8,264612.0,34.9,40.3,3.89,0.01,0.01,287.84,53,303,0
2026-08-02 15:52:14,2.6,89.6,269256.0,34.9,31.9,1.35,0.0,0.0,64.63,53,303,0
2026-08-02 15:52:20,2.8,89.7,266349.33,34.9,30.46,9.49,0.01,0.0,4.93,53,303,0
2026-08-02 15:52:26,9.9,89.8,263930.67,34.9,45.44,1.53,0.01,0.01,116.22,53,303,0
2026-08-02 15:52:32,7.5,89.4,275782.67,34.9,25.44,2.79,0.01,0.0,5.27,53,303,0
2026-08-02 15:52:38,31.0,83.9,416316.0,34.9,9.04,2.73,0.01,0.0,18.42,53,303,0
2026-08-02 15:52:44,3.4,83.9,418121.33,34.9,36.7,2.21,0.02,0.08,8.55,53,303,0
2026-08-02 15:52:50,4.7,85.2,382674.67,34.9,36.49,1.31,0.02,0.01,9.32,52,303,0
2026-08-02 15:52:56,7.5,86.0,363498.67,34.9,35.16,4.93,0.01,0.01,4.08,52,306,0
2026-08-02 15:53:02,11.4,86.4,353208.0,34.9,33.19,1.91,0.04,0.03,21.34,52,305,0
2026-08-02 15:53:08,7.7,87.4,327672.0,34.9,7.87,2.73,0.0,0.0,4.29,52,311,0
2026-08-02 15:53:14,15.4,87.8,316801.33,34.9,32.16,1.54,0.01,0.0,5.02,52,305,0
2026-08-02 15:53:20,0.5,87.9,312940.0,34.9,8.42,1.8,0.01,0.01,42.98,52,305,0
2026-08-02 15:53:26,5.6,84.2,409454.67,34.9,4.68,226.87,0.0,0.0,70.66,52,305,0
2026-08-02 15:53:33,1.6,84.2,410416.0,34.9,11.56,2.05,0.01,0.0,62.28,52,303,0
2026-08-02 15:53:39,3.9,84.3,407256.0,34.9,4.2,2.18,0.01,0.01,80.11,52,303,0
2026-08-02 15:53:45,3.7,84.7,397769.33,34.9,15.66,2.32,0.01,0.0,97.93,52,302,0
2026-08-02 15:53:51,15.0,84.6,398465.33,34.9,1.81,4.39,0.01,0.01,67.8,52,301,0
2026-08-02 15:53:57,5.9,84.5,401305.33,34.9,5.23,2.29,0.01,0.01,3.94,51,301,0
2026-08-02 15:54:03,6.5,84.6,398640.0,34.9,2.42,1.5,0.01,0.0,74.1,51,301,0
2026-08-02 15:54:09,4.6,84.7,398034.67,34.9,9.83,2.11,0.01,0.01,25.26,51,301,0
2026-08-02 15:54:15,5.4,84.8,394746.67,34.9,2.25,1.27,0.01,0.0,72.43,51,301,0
2026-08-02 15:54:21,3.1,84.9,392541.33,34.9,13.13,4.98,0.0,0.01,9.3,51,301,0
2026-08-02 15:54:27,3.6,84.7,396892.0,34.9,26.84,1.61,0.03,0.01,3.82,51,301,0
2026-08-02 15:54:33,12.4,84.5,401694.67,34.9,42.63,32.24,0.0,0.0,3.81,51,302,0
2026-08-02 15:54:39,6.7,84.2,408837.33,34.9,19.61,1.63,0.01,0.0,58.52,51,301,0
2026-08-02 15:54:45,9.2,85.0,390050.67,34.9,47.93,5.26,0.01,0.0,7.52,50,301,0
2026-08-02 15:54:51,5.0,84.9,391065.33,34.9,65.25,1.43,0.0,0.01,4.29,50,301,0
2026-08-02 15:54:57,4.5,85.2,383168.0,34.9,73.19,3.49,0.03,0.01,4.32,50,301,0
2026-08-02 15:55:03,3.0,85.2,383570.67,34.9,42.45,2.08,0.0,0.0,4.75,50,301,0
2026-08-02 15:55:09,2.0,85.3,379981.33,34.9,44.72,7.55,0.01,0.01,4.16,50,301,0
2026-08-02 15:55:15,8.0,85.4,377693.33,34.9,88.54,2.39,0.0,0.0,,50,301,0
2026-08-02 15:55:25,2.7,85.4,378661.33,34.9,30.38,5.54,0.01,0.01,,50,301,0
2026-08-02 15:55:36,3.9,85.5,377156.0,34.9,50.59,6.03,0.01,0.0,55.64,50,301,0
2026-08-02 15:55:42,10.0,85.6,372304.0,34.9,35.48,2.05,0.01,0.01,,50,301,0
2026-08-02 15:55:52,6.5,85.6,374281.33,34.9,28.3,2.12,0.01,0.0,,50,301,0
2026-08-02 15:56:02,5.6,86.2,358028.0,34.9,67.55,1.49,0.02,0.01,182.22,50,301,0
2026-08-02 15:56:08,8.4,86.1,361433.33,34.9,67.08,5.96,0.02,0.02,6.14,50,302,0
2026-08-02 15:56:14,11.9,86.3,355610.67,34.9,16.95,1.5,0.01,0.0,20.54,50,301,0
2026-08-02 15:56:20,2.9,86.2,358965.33,34.9,35.02,2.29,0.01,0.0,4.76,49,301,0
2026-08-02 15:56:26,3.4,86.4,352872.0,34.9,104.66,1.53,0.01,0.01,4.07,49,302,0
2026-08-02 15:56:32,6.7,86.3,355640.0,34.9,40.03,4.48,0.02,0.01,4.48,49,301,0
2026-08-02 15:56:38,6.5,86.1,359968.0,34.9,36.15,2.8,0.0,0.0,4.17,49,301,0
2026-08-02 15:56:44,0.4,86.1,359780.0,34.9,4.32,1.13,0.01,0.0,7.86,49,301,0
2026-08-02 15:56:50,0.6,86.2,358949.33,34.9,33.51,4.23,0.0,0.0,4.23,49,301,0
2026-08-02 15:56:56,7.0,86.5,351141.33,34.9,65.09,1.94,0.01,0.01,4.38,49,301,0
2026-08-02 15:57:02,3.9,86.7,345973.33,34.9,94.9,1.52,0.03,0.02,40.37,49,301,0
2026-08-02 15:57:08,3.7,86.6,346840.0,34.9,14.68,5.91,0.01,0.01,75.43,49,301,0
2026-08-02 15:57:14,3.9,86.8,343306.67,34.9,38.36,1.51,0.01,0.0,3.64,49,301,0
2026-08-02 15:57:20,0.9,86.8,342425.33,34.9,50.44,2.04,0.0,0.0,5.4,49,301,0
2026-08-02 15:57:26,7.9,86.6,347693.33,34.9,9.83,4.8,0.01,0.0,9.49,48,301,0
2026-08-02 15:57:32,5.2,86.6,348161.33,34.9,20.43,2.02,0.0,0.0,4.47,48,301,0
2026-08-02 15:57:38,27.3,85.0,388764.0,34.9,7.58,2.75,0.01,0.0,62.2,48,302,0
2026-08-02 15:57:44,6.1,82.2,461852.0,34.9,7.29,2.76,0.02,0.09,5.32,48,301,0
2026-08-02 15:57:51,2.2,82.7,448280.0,34.9,38.97,1.37,0.01,0.01,9.54,48,301,0
2026-08-02 15:57:57,4.2,82.9,443625.33,34.9,0.82,4.18,0.01,0.0,15.9,48,301,0
2026-08-02 15:58:03,2.3,83.2,435922.67,34.9,1.8,2.57,0.01,0.0,136.74,48,301,0
2026-08-02 15:58:09,10.5,83.2,435785.33,34.9,7.14,2.38,0.01,0.01,5.24,48,301,0
2026-08-02 15:58:15,6.4,82.9,442485.33,34.9,3.3,5.86,0.01,0.0,7.57,47,302,0
2026-08-02 15:58:21,9.1,82.9,444514.67,34.9,1.21,2.1,0.0,0.0,367.15,47,301,1
2026-08-02 15:58:27,1.9,82.8,445572.0,34.9,2.65,1.61,0.01,0.0,15.5,47,301,0
2026-08-02 15:58:33,4.8,82.8,444862.67,34.9,22.47,25.51,0.0,0.0,8.05,47,301,0
2026-08-02 15:58:39,9.4,83.7,423060.0,34.9,14.14,5.6,0.01,0.0,112.51,47,301,0
2026-08-02 15:58:45,1.0,82.6,451334.67,34.9,5.34,11.23,0.0,0.0,21.91,47,301,0
2026-08-02 15:58:51,1.4,82.8,446353.33,34.9,1.6,1.64,0.01,0.0,29.14,47,302,0
2026-08-02 15:58:57,12.1,82.8,447349.33,34.9,3.93,2.24,0.04,0.02,18.29,47,302,0
2026-08-02 15:59:04,4.8,82.5,453310.67,34.9,9.64,4.44,0.0,0.0,12.74,47,301,0
2026-08-02 15:59:10,3.3,82.7,448698.67,34.9,1.62,2.86,0.01,0.0,51.27,47,301,0
2026-08-02 15:59:16,4.7,82.3,458862.67,34.9,1.32,2.16,0.0,0.01,6.51,47,301,0
2026-08-02 15:59:22,9.2,82.4,457244.0,34.9,13.63,16.18,0.01,0.01,48.03,47,301,0
2026-08-02 15:59:28,2.9,82.6,450206.67,34.9,1.46,3.94,0.01,0.01,80.24,46,301,0
2026-08-02 15:59:34,3.4,82.6,450625.33,34.9,0.68,2.42,0.0,0.0,133.21,46,307,0
2026-08-02 15:59:40,9.2,82.7,448974.67,34.9,1.37,2.21,0.01,0.0,81.49,46,301,0
2026-08-02 15:59:46,6.1,82.5,452561.33,34.9,0.38,4.97,0.01,0.01,5.25,46,301,0
2026-08-02 15:59:52,3.3,83.0,441422.67,34.9,1.34,1.38,0.01,0.0,50.18,46,301,0
2026-08-02 15:59:58,5.6,83.0,439741.33,34.9,4.53,2.11,0.01,0.0,10.17,46,301,0
2026-08-02 16:00:04,6.8,82.9,443433.33,34.9,0.84,4.92,0.01,0.0,3.64,46,301,0
2026-08-02 16:00:10,4.8,83.1,438252.0,34.9,0.62,1.49,0.01,0.01,80.9,46,301,0
2026-08-02 16:00:16,9.1,83.0,440269.33,34.9,0.07,2.03,0.0,0.0,167.8,46,301,0
2026-08-02 16:00:23,3.9,82.9,443874.67,34.9,0.21,2.18,0.01,0.0,78.19,46,301,0
2026-08-02 16:00:29,1.0,82.9,442477.33,34.9,0.25,5.2,0.0,0.0,84.27,46,301,0
2026-08-02 16:00:35,1.8,83.1,438829.33,34.9,1.11,1.75,0.01,0.0,4.25,45,301,0
2026-08-02 16:00:41,8.5,83.1,438441.33,34.9,1.97,2.03,0.01,0.01,4.18,45,301,0
2026-08-02 16:00:47,6.5,83.0,441297.33,34.9,1.44,2.09,0.01,0.01,25.11,45,301,0
2026-08-02 16:00:53,3.5,82.8,445556.0,34.9,0.45,4.98,0.01,0.0,63.35,45,301,0
2026-08-02 16:00:59,11.7,83.1,438236.0,34.9,1.89,1.5,0.02,0.01,70.26,45,301,0
2026-08-02 16:01:05,6.8,83.1,437300.0,34.9,1.44,2.32,0.01,0.01,98.98,45,301,0
2026-08-02 16:01:11,4.8,83.2,435553.33,34.9,0.97,5.49,0.0,0.0,48.51,45,301,0
2026-08-02 16:01:17,6.1,83.1,438681.33,34.9,0.55,1.89,0.01,0.0,68.12,45,301,0
2026-08-02 16:01:23,4.2,83.1,438274.67,34.9,1.04,1.36,0.01,0.0,75.12,45,301,0
2026-08-02 16:01:29,2.5,83.1,438418.67,34.9,2.39,1.87,0.0,0.0,102.51,45,301,0
2026-08-02 16:01:35,7.4,83.0,441397.33,34.9,11.1,2.03,0.01,0.0,40.9,45,307,0
2026-08-02 16:01:42,11.1,83.4,430522.67,34.9,24.69,7.12,0.02,0.01,4.25,45,301,0
2026-08-02 16:01:48,4.0,83.2,435533.33,34.9,0.31,2.69,0.01,0.01,75.48,45,301,0
2026-08-02 16:01:54,2.9,83.2,436404.0,34.9,0.38,2.15,0.01,0.01,4.42,45,301,0
2026-08-02 16:02:00,2.2,83.3,432944.0,34.9,5.93,6.91,0.03,0.01,4.27,44,301,0
2026-08-02 16:02:06,3.6,83.5,428408.0,34.9,3.94,2.61,0.03,0.02,4.38,44,301,0
2026-08-02 16:02:12,4.5,83.8,420413.33,34.9,1.34,1.68,0.01,0.0,69.1,44,301,0
2026-08-02 16:02:18,1.9,83.4,431201.33,34.9,2.57,1.92,0.01,0.0,5.06,44,305,0
2026-08-02 16:02:24,10.1,83.5,426709.33,34.9,5.22,5.24,0.0,0.01,6.73,44,301,0
2026-08-02 16:02:30,23.5,83.3,433258.67,34.9,1.59,4.61,0.01,0.0,12.7,44,301,0
2026-08-02 16:02:36,10.5,83.3,432321.33,34.9,3.73,3.51,0.0,0.0,17.79,44,301,0
2026-08-02 16:02:42,28.0,83.4,431584.0,34.9,55.82,8.13,0.01,0.01,34.9,44,302,0
2026-08-02 16:02:48,26.3,83.3,433661.33,34.9,39.25,1.91,0.07,0.52,1536.23,43,308,1
2026-08-02 16:02:56,18.2,83.2,435257.33,34.9,1.68,2.71,0.02,0.24,8.48,43,302,0
2026-08-02 16:03:02,18.5,83.2,436553.33,34.9,2.91,4.95,0.04,0.34,91.24,43,302,0
2026-08-02 16:03:08,19.3,83.1,437313.33,34.9,2.45,2.68,0.03,0.4,57.11,43,302,0
2026-08-02 16:03:14,10.7,82.1,463621.33,34.9,5.22,2.32,0.03,0.26,,43,302,0
2026-08-02 16:03:24,8.5,82.6,451420.0,34.9,11.48,1.82,0.04,0.02,22.07,43,302,0
2026-08-02 16:03:30,10.6,82.7,449308.0,34.9,6.18,4.84,0.03,0.12,,43,303,0
2026-08-02 16:03:40,3.0,82.7,449088.0,34.9,353.72,359.13,0.14,1.32,6.08,43,303,0
2026-08-02 16:03:46,5.1,82.1,465093.33,34.9,4.9,2.51,0.02,0.02,49.8,43,303,0
2026-08-02 16:03:52,6.0,81.8,471686.67,34.9,36.21,1.62,0.0,0.0,5.93,43,302,0
2026-08-02 16:03:58,10.8,82.1,463637.33,34.9,20.54,5.04,0.02,0.01,40.57,43,302,0
2026-08-02 16:04:04,6.2,82.6,451810.67,34.9,23.32,7.04,0.02,0.06,26.74,42,308,0
2026-08-02 16:04:10,13.2,81.2,488440.0,34.9,3.13,32.32,4.12,0.06,17.54,42,302,0
2026-08-02 16:04:16,14.0,81.0,493573.33,34.9,8.07,2.93,0.05,0.04,3.94,42,302,0
2026-08-02 16:04:22,12.8,81.7,474297.33,34.9,43.94,5.35,0.06,0.74,11.55,42,302,0
2026-08-02 16:04:28,7.4,81.7,475682.67,34.9,1.82,2.9,0.03,0.45,11.05,42,302,0
2026-08-02 16:04:34,16.1,81.9,469420.0,34.9,4.52,2.69,0.04,0.53,53.82,42,302,0
2026-08-02 16:04:40,33.4,81.7,473406.67,34.9,19.25,4.92,0.05,0.71,92.0,42,302,0
2026-08-02 16:04:46,28.2,83.0,440505.33,34.9,92.29,2.13,0.04,0.67,68.58,41,303,0
2026-08-02 16:04:53,22.9,82.8,445032.0,34.9,3.98,2.61,0.05,0.55,767.42,41,303,1
2026-08-02 16:04:59,16.0,82.9,442812.0,34.9,6.65,1.65,0.08,0.99,150.15,41,303,0
2026-08-02 16:05:06,17.1,83.3,434302.67,34.9,16.3,1.81,0.01,0.0,72.63,41,303,0
2026-08-02 16:05:12,21.2,83.3,433249.33,34.9,7.9,5.07,0.05,0.64,149.83,41,303,0
2026-08-02 16:05:18,9.7,83.6,424776.0,34.9,49.95,27.25,0.04,0.54,63.92,41,303,0
2026-08-02 16:05:24,27.3,83.5,428606.67,34.9,39.9,1.48,0.03,0.2,103.82,41,303,0
2026-08-02 16:05:30,14.0,83.5,427930.67,34.9,24.59,4.82,0.04,0.38,151.18,41,303,0
2026-08-02 16:05:36,9.4,83.0,440173.33,34.9,10.3,2.46,0.04,0.24,60.64,41,303,0
2026-08-02 16:05:42,16.7,83.1,437710.67,34.9,5.01,2.39,0.04,0.37,69.33,41,303,0
2026-08-02 16:05:48,11.9,83.2,436426.67,34.9,0.97,5.16,0.06,0.7,90.92,40,303,0
2026-08-02 16:05:54,20.9,83.1,438330.67,34.9,0.89,1.34,0.04,0.49,135.89,40,303,0
2026-08-02 16:06:01,26.2,83.5,426714.67,34.9,20.42,8.72,0.06,0.84,65.56,40,309,0
2026-08-02 16:06:07,14.7,83.5,428790.67,34.9,68.45,3.04,0.01,0.01,17.77,40,303,0
2026-08-02 16:06:13,13.0,83.3,434262.67,34.9,28.31,5.48,0.07,0.85,48.61,40,302,0
2026-08-02 16:06:19,8.9,83.7,423466.67,34.9,50.67,2.23,0.03,0.17,136.5,40,302,0
2026-08-02 16:06:25,13.5,83.4,429745.33,34.9,63.42,2.28,0.06,0.8,39.96,39,301,0
2026-08-02 16:06:31,12.7,83.4,430354.67,34.9,65.2,15.8,0.04,0.36,132.61,39,301,0
2026-08-02 16:06:37,30.3,83.8,419994.67,34.9,40.37,2.2,0.01,0.0,80.58,39,305,0
2026-08-02 16:06:43,11.1,84.4,405248.0,34.9,31.77,3.46,0.01,0.0,106.88,39,301,0
2026-08-02 16:06:50,8.0,84.1,412966.67,34.9,22.44,5.18,0.01,0.0,5.13,39,301,0
2026-08-02 16:06:56,86.9,84.0,415569.33,34.9,2.65,1.31,0.0,0.0,49.33,39,301,0
2026-08-02 16:07:02,15.4,84.2,409524.0,34.9,35.76,2.06,0.02,0.01,4.09,39,301,0
2026-08-02 16:07:08,21.5,84.3,407082.67,34.9,58.18,5.76,0.0,0.0,72.5,39,301,0
2026-08-02 16:07:14,1.9,84.2,409636.0,34.9,25.99,2.49,0.02,0.01,50.22,39,301,0
2026-08-02 16:07:20,13.7,84.2,409709.33,34.9,35.12,2.27,0.01,0.0,4.85,39,301,0
2026-08-02 16:07:26,8.8,84.1,412278.67,34.9,14.67,1.49,0.01,0.02,5.61,38,301,0
2026-08-02 16:07:32,17.8,84.0,414450.67,34.9,2.09,7.82,0.01,0.0,46.92,38,301,0
2026-08-02 16:07:38,2.2,83.8,420494.67,34.9,20.01,3.62,0.0,0.0,3.94,38,301,0
2026-08-02 16:07:44,3.1,82.9,443720.0,34.9,1.52,8.09,0.01,0.01,10.05,38,301,0
2026-08-02 16:07:50,0.7,83.4,430896.0,34.9,394.9,3.07,0.03,0.09,5.54,38,302,0
2026-08-02 16:07:56,5.2,83.3,432454.67,34.9,0.63,1.29,0.0,0.0,20.33,38,302,0
2026-08-02 16:08:02,1.7,83.3,433956.0,34.9,1.75,5.54,0.01,0.01,26.58,38,302,0
2026-08-02 16:08:08,5.3,83.4,430162.67,34.9,0.84,5.52,0.0,0.0,42.57,38,302,0
2026-08-02 16:08:14,6.5,83.5,428988.0,34.9,7.91,1.41,0.01,0.0,35.44,38,302,0
2026-08-02 16:08:20,23.1,82.7,448482.67,34.9,3.11,2.52,0.02,0.02,60.04,38,301,0
2026-08-02 16:08:26,20.2,82.4,457049.33,34.9,4.94,1.55,0.01,0.05,4.84,37,301,0
2026-08-02 16:08:32,10.5,82.4,457576.0,34.9,3.1,17.09,0.01,0.0,180.41,37,301,0
2026-08-02 16:08:39,15.1,83.3,431960.0,34.9,3.0,2.46,0.01,0.0,34.21,37,301,0
2026-08-02 16:08:45,2.4,81.7,474438.67,34.9,9.7,11.01,0.01,0.0,64.32,37,301,0
2026-08-02 16:08:51,1.4,81.8,472581.33,34.9,1.11,4.46,0.0,0.01,96.35,37,308,0
2026-08-02 16:08:57,8.2,82.4,455261.33,34.9,1.46,3.64,0.02,0.0,33.17,37,302,0
2026-08-02 16:09:03,1.6,82.4,456532.0,34.9,3.96,2.09,0.01,0.05,240.36,37,301,0
2026-08-02 16:09:09,6.1,82.5,454349.33,34.9,21.66,4.78,0.01,0.02,19.9,36,301,0
2026-08-02 16:09:15,26.0,83.2,434484.0,34.9,34.65,4.94,0.01,0.01,9.69,36,301,0
2026-08-02 16:09:21,8.4,82.4,455524.0,34.9,28.32,2.08,0.01,0.0,56.26,36,301,0
2026-08-02 16:09:27,3.7,82.6,452109.33,34.9,1.67,2.47,0.01,0.01,25.25,36,301,0
2026-08-02 16:09:33,11.2,82.4,456366.67,35.0,1.04,5.59,0.0,0.0,121.15,36,301,0
2026-08-02 16:09:40,3.4,82.6,451181.33,35.0,3.05,7.34,0.01,0.0,168.65,36,301,0
2026-08-02 16:09:46,3.4,82.7,448429.33,35.0,17.74,2.45,0.0,0.0,37.55,36,301,0
2026-08-02 16:09:52,2.7,82.9,444450.67,35.0,0.59,1.35,0.01,0.01,7.69,36,301,0
2026-08-02 16:09:58,26.0,82.5,452921.33,35.0,21.88,5.54,0.02,0.01,16.23,36,301,0
2026-08-02 16:10:04,14.2,82.6,452024.0,35.0,24.68,2.35,0.01,0.01,133.59,36,301,0
2026-08-02 16:10:10,9.3,82.7,449598.67,35.0,1.19,1.48,0.01,0.0,11.76,36,302,0
2026-08-02 16:10:16,70.3,82.8,446822.67,35.0,1.12,5.27,0.0,0.0,53.44,36,302,0
2026-08-02 16:10:22,18.6,82.4,456314.67,35.0,13.86,1.3,0.01,0.0,22.82,36,301,0
2026-08-02 16:10:28,21.5,82.4,456312.0,35.0,1.7,2.12,0.02,0.01,139.36,35,301,0
2026-08-02 16:10:34,11.1,82.5,452574.67,35.0,2.53,3.71,0.01,0.0,28.45,35,301,0
2026-08-02 16:10:40,20.1,82.5,454465.33,35.0,0.56,5.21,0.02,0.01,108.84,35,301,0
2026-08-02 16:10:47,3.0,82.4,456166.67,35.0,0.7,2.04,0.0,0.0,55.91,35,301,0
2026-08-02 16:10:53,4.0,82.6,450302.67,35.0,3.05,2.08,0.01,0.0,52.37,35,301,0
2026-08-02 16:10:59,7.5,82.4,457440.0,35.0,16.67,4.77,0.02,0.02,134.36,35,301,0
2026-08-02 16:11:05,7.9,83.3,432828.0,35.0,57.54,2.51,0.01,0.01,3.72,35,301,0
2026-08-02 16:11:11,1.5,83.2,435190.67,35.0,42.1,2.94,0.0,0.0,5.07,35,301,0
2026-08-02 16:11:17,1.9,83.1,437365.33,35.0,39.11,4.89,0.01,0.0,33.39,35,301,0
2026-08-02 16:11:23,3.0,83.4,430490.67,35.0,39.74,2.43,0.01,0.0,3.64,34,302,0
2026-08-02 16:11:29,2.0,83.5,426994.67,35.0,81.52,2.22,0.01,0.01,57.49,34,302,0
2026-08-02 16:11:35,2.7,83.9,417737.33,35.0,99.67,24.3,0.02,0.02,25.4,34,308,0
2026-08-02 16:11:41,13.0,83.6,424645.33,35.0,39.81,1.98,0.0,0.0,112.46,34,302,0
2026-08-02 16:11:47,14.6,83.2,436050.67,35.0,0.48,2.09,0.02,0.01,62.47,34,302,0
2026-08-02 16:11:53,16.9,83.0,442046.67,35.0,15.9,4.92,0.03,0.05,212.75,34,302,0
2026-08-02 16:12:00,9.4,82.9,442629.33,35.0,3.03,2.57,0.03,0.02,29.02,34,302,0
2026-08-02 16:12:06,8.3,83.1,438208.0,35.0,14.01,2.41,0.03,0.02,8.33,34,302,0
2026-08-02 16:12:12,15.5,82.9,443622.67,35.0,27.84,1.29,0.02,0.03,81.43,34,302,0
2026-08-02 16:12:18,16.6,83.3,434384.0,35.0,10.48,5.45,0.01,0.0,512.27,34,302,1
2026-08-02 16:12:24,13.7,83.2,435889.33,35.0,26.45,1.63,0.01,0.01,145.48,33,302,0
2026-08-02 16:12:30,16.1,83.4,429962.67,35.0,51.12,2.27,0.03,0.02,136.19,33,304,0
2026-08-02 16:12:37,8.3,83.5,427130.67,35.0,84.28,2.04,0.0,0.0,56.23,33,304,0
2026-08-02 16:12:43,28.4,82.2,462630.67,35.0,46.47,11.01,0.01,0.01,49.74,33,304,0
2026-08-02 16:12:49,9.5,82.0,466680.0,35.0,16.43,2.88,0.01,0.0,15.54,33,304,0
2026-08-02 16:12:55,25.1,82.2,462041.33,35.0,0.99,1.15,0.02,0.08,2214.51,33,304,1
2026-08-02 16:13:03,16.7,82.2,462230.67,35.0,3.5,5.53,0.03,0.02,149.02,33,304,0
2026-08-02 16:13:09,9.8,82.2,462554.67,35.0,1.63,2.66,0.01,0.0,9.34,33,302,0
2026-08-02 16:13:15,21.5,82.3,459490.67,35.0,5.28,1.57,0.1,1.53,82.36,32,302,0
2026-08-02 16:13:21,19.6,82.5,452789.33,35.0,3.73,2.18,0.26,4.92,75.69,32,302,0
2026-08-02 16:13:28,11.4,82.6,451818.67,35.0,2.08,5.25,0.11,1.99,120.36,32,302,0
2026-08-02 16:13:34,16.2,82.4,456518.67,35.0,1.31,2.13,0.03,0.39,47.16,32,302,0
2026-08-02 16:13:40,13.7,82.6,451937.33,35.0,3.19,1.43,0.04,0.6,68.31,32,302,0
2026-08-02 16:13:46,16.4,82.7,449621.33,35.0,1.47,1.37,0.02,0.01,119.86,32,302,0
2026-08-02 16:13:52,11.5,82.8,446300.0,35.0,1.84,4.84,0.04,0.37,15.39,32,302,0
2026-08-02 16:13:58,10.1,82.7,448641.33,35.0,9.01,1.91,0.04,0.23,69.31,32,302,0
2026-08-02 16:14:04,26.5,82.2,461392.0,35.0,20.99,1.34,0.03,0.38,41.23,32,302,0
2026-08-02 16:14:10,15.7,82.5,455028.0,35.0,3.45,1.59,0.05,0.38,59.65,31,302,0
2026-08-02 16:14:16,8.6,82.3,458150.67,35.0,1.2,4.2,0.04,0.35,17.81,31,302,0
2026-08-02 16:14:22,12.8,82.3,459118.67,35.0,0.66,2.2,0.04,0.65,127.41,31,302,0
2026-08-02 16:14:28,16.9,82.4,455410.67,35.0,0.81,2.43,0.04,0.35,28.53,31,302,0
2026-08-02 16:14:34,11.7,82.4,456194.67,35.0,1.2,2.46,0.05,0.63,119.69,31,302,0
2026-08-02 16:14:41,19.2,82.3,458965.33,35.0,9.43,4.5,0.04,0.53,267.47,31,304,0
2026-08-02 16:14:47,15.0,82.6,451050.67,35.0,14.35,2.23,0.03,0.36,6.63,30,303,0
2026-08-02 16:14:53,3.0,82.8,446542.67,35.0,40.75,1.85,0.0,0.01,62.49,30,302,0
2026-08-02 16:14:59,5.3,82.7,447748.0,35.0,29.06,2.33,0.02,0.01,6.76,30,301,0
2026-08-02 16:15:05,9.6,83.3,432326.67,35.0,41.12,8.85,0.01,0.0,71.38,30,301,0
2026-08-02 16:15:11,0.9,83.4,431749.33,35.0,9.35,2.49,0.0,0.0,86.54,30,301,0
2026-08-02 16:15:17,0.8,83.4,429528.0,35.0,10.62,4.77,0.01,0.0,4.39,30,301,0
2026-08-02 16:15:23,8.0,83.5,427536.0,35.0,0.29,5.26,0.0,0.0,95.9,30,301,0
2026-08-02 16:15:29,3.8,83.4,430505.33,35.0,6.19,1.62,0.01,0.01,5.01,30,301,0
2026-08-02 16:15:35,3.0,83.4,430474.67,35.0,1.17,1.69,0.01,0.0,58.03,30,301,0
2026-08-02 16:15:42,0.7,83.4,429333.33,35.0,0.54,1.67,0.01,0.01,3.86,30,301,0
2026-08-02 16:15:48,1.2,83.4,431449.33,35.0,0.58,1.54,0.01,0.0,4.69,30,301,0
2026-08-02 16:15:54,1.9,83.5,428744.0,35.0,6.27,5.28,0.01,0.01,4.24,30,301,0
2026-08-02 16:16:00,2.0,83.6,425912.0,35.0,38.54,2.57,0.01,0.01,4.42,30,301,0
2026-08-02 16:16:06,7.0,83.7,422064.0,35.0,58.15,1.96,0.01,0.01,28.95,30,307,0
2026-08-02 16:16:12,7.9,83.6,426249.33,35.0,36.55,8.8,0.01,0.0,77.44,29,301,0
2026-08-02 16:16:18,1.3,83.6,424353.33,35.0,36.15,2.25,0.01,0.0,6.7,29,301,0
2026-08-02 16:16:24,6.7,83.7,423272.0,35.0,51.72,2.2,0.0,0.0,4.36,29,301,0
2026-08-02 16:16:30,1.2,83.6,424126.67,35.0,26.69,17.91,0.01,0.0,38.3,29,301,0
2026-08-02 16:16:36,1.7,83.5,428178.67,35.0,15.71,2.52,0.0,0.0,4.02,29,301,0
2026-08-02 16:16:42,5.6,83.4,429673.33,35.0,32.43,2.23,0.01,0.0,8.68,29,301,0
2026-08-02 16:16:48,6.4,83.4,430236.0,35.0,22.71,4.49,0.01,0.0,46.58,29,305,0
2026-08-02 16:16:54,6.9,83.5,427162.67,35.0,23.89,1.51,0.0,0.0,5.1,29,301,0
2026-08-02 16:17:00,18.2,82.9,443130.67,35.0,18.62,2.41,0.08,0.59,4.27,29,301,0
2026-08-02 16:17:06,8.7,83.0,439944.0,35.0,1.39,3.07,0.04,0.56,31.3,29,301,0
2026-08-02 16:17:12,64.9,82.9,442781.33,35.0,1.05,4.36,0.06,0.59,3.8,29,301,0
2026-08-02 16:17:18,5.3,82.9,443442.67,35.0,1.1,2.07,0.01,0.01,3.64,29,301,0
2026-08-02 16:17:24,3.2,82.7,449138.67,35.0,1.13,2.07,0.01,0.0,53.98,28,301,0
2026-08-02 16:17:30,2.2,82.7,448680.0,35.0,0.39,2.57,0.01,0.01,141.12,28,301,0
2026-08-02 16:17:36,10.6,83.6,426282.67,35.0,36.42,4.72,0.0,0.0,4.43,28,301,0
2026-08-02 16:17:42,15.5,83.2,436696.0,35.0,21.3,9.11,0.01,0.0,4.57,28,301,0
2026-08-02 16:17:48,1.2,82.3,458878.67,35.0,15.12,5.82,0.0,0.0,47.91,28,301,0
2026-08-02 16:17:55,2.3,82.5,454881.33,35.0,0.5,1.87,0.02,0.09,3.99,28,301,0
2026-08-02 16:18:01,3.1,82.6,451561.33,35.0,0.8,1.56,0.01,0.01,4.63,28,301,0
2026-08-02 16:18:07,2.1,82.5,453644.0,35.0,0.59,1.61,0.0,0.0,28.63,28,301,0
2026-08-02 16:18:13,0.8,82.6,450636.0,35.0,0.49,5.7,0.01,0.0,4.62,28,301,0
2026-08-02 16:18:19,8.5,82.6,450210.67,35.0,0.57,2.0,0.0,0.0,42.06,28,301,0
2026-08-02 16:18:25,7.2,82.7,448414.67,35.0,0.41,2.58,0.01,0.0,4.38,27,301,0
2026-08-02 16:18:31,10.1,86.1,360676.0,35.0,58.97,5.88,0.05,0.33,10.98,27,301,0
2026-08-02 16:18:37,3.1,85.1,386122.67,35.0,38.7,6.62,0.01,0.01,4.55,27,301,0
2026-08-02 16:18:43,2.1,86.1,361254.67,35.0,21.79,2.67,0.01,0.0,6.88,27,302,0
2026-08-02 16:18:49,31.5,85.1,386697.33,35.0,8.6,8.93,0.02,0.03,4.88,27,301,0
2026-08-02 16:18:55,59.8,85.0,389452.0,35.0,1.0,2.81,0.01,0.0,10.32,27,301,0
2026-08-02 16:19:01,1.9,85.0,389549.33,35.0,1.86,2.52,0.02,0.01,46.18,27,301,0
2026-08-02 16:19:07,21.9,84.0,413944.0,35.0,0.84,2.04,0.01,0.0,109.33,27,301,0
2026-08-02 16:19:13,6.8,84.9,392830.67,35.0,60.47,13.78,0.02,0.02,44.86,27,305,0
2026-08-02 16:19:19,2.9,84.4,405277.33,35.0,13.52,4.61,0.01,0.01,25.61,27,305,0
2026-08-02 16:19:25,1.5,84.5,401181.33,35.0,0.38,1.56,0.01,0.01,105.37,26,305,0
2026-08-02 16:19:31,4.8,84.1,411765.33,35.0,1.06,5.9,0.0,0.0,4.82,26,304,0
2026-08-02 16:19:37,1.6,84.2,410954.67,35.0,0.65,4.94,0.01,0.0,58.77,26,304,0
2026-08-02 16:19:43,3.5,84.7,397004.0,35.0,6.37,20.51,0.01,0.02,3.77,26,303,0
2026-08-02 16:19:50,7.7,84.8,395386.67,35.0,0.2,2.2,0.02,0.01,123.37,26,303,0
2026-08-02 16:19:56,4.7,84.7,395749.33,35.0,0.54,5.1,0.01,0.01,231.88,26,303,0
2026-08-02 16:20:02,1.0,84.9,391298.67,35.0,0.78,1.97,0.01,0.01,62.67,26,302,0
2026-08-02 16:20:08,1.3,85.0,390217.33,35.0,0.41,5.46,0.01,0.0,76.64,26,302,0
2026-08-02 16:20:14,1.2,84.9,391412.0,35.0,4.94,2.41,0.0,0.0,71.98,26,302,0
2026-08-02 16:20:20,0.9,85.9,365138.67,35.0,135.69,1.35,0.01,0.01,10.14,26,303,0
2026-08-02 16:20:26,9.0,86.2,358364.0,35.0,23.06,1.36,0.0,0.0,33.31,26,309,0
2026-08-02 16:20:32,32.7,85.9,365537.33,35.0,30.77,1.72,0.02,0.01,16.88,25,303,0
2026-08-02 16:20:38,16.7,85.2,383832.0,35.0,4.9,4.31,0.01,0.0,88.37,25,303,0
2026-08-02 16:20:44,14.9,85.6,374606.67,35.0,0.61,1.78,0.0,0.0,71.4,25,303,0
2026-08-02 16:20:51,21.3,84.8,395116.0,35.0,0.21,2.21,0.02,0.06,11.74,25,302,0
2026-08-02 16:20:57,12.7,84.9,391688.0,35.0,1.63,2.0,0.14,2.59,,25,302,0
2026-08-02 16:21:07,12.5,84.8,394152.0,35.0,3.87,5.57,0.34,5.55,146.08,25,302,0
2026-08-02 16:21:13,14.5,84.6,398154.67,35.0,0.55,2.51,0.03,0.22,72.3,25,302,0
2026-08-02 16:21:19,17.0,84.7,397790.67,35.0,0.56,4.85,0.03,0.32,140.73,25,302,0
2026-08-02 16:21:25,18.2,84.9,391565.33,35.0,0.5,1.69,0.03,0.29,194.94,24,301,0
2026-08-02 16:21:31,22.9,84.8,394976.0,35.0,7.9,2.52,0.04,0.46,240.38,24,301,0
2026-08-02 16:21:38,14.1,84.1,411396.0,35.0,6.35,6.27,0.04,0.49,36.98,24,301,0
2026-08-02 16:21:44,13.6,84.5,402746.67,35.0,0.35,5.46,0.03,0.28,66.83,24,301,0
2026-08-02 16:21:50,14.7,84.4,404952.0,35.0,0.39,2.24,0.04,0.41,70.34,24,301,0
2026-08-02 16:21:56,18.9,85.0,387940.0,35.0,1.37,2.39,0.02,0.01,137.89,24,301,0
2026-08-02 16:22:02,7.9,84.8,395088.0,35.0,12.42,5.07,0.01,0.0,5.1,24,307,0
2026-08-02 16:22:08,43.4,86.0,362488.0,35.0,5.58,2.86,0.03,0.24,232.31,24,301,0
2026-08-02 16:22:14,12.3,85.9,365238.67,35.0,26.34,2.32,0.03,0.39,136.91,24,301,0
2026-08-02 16:22:20,22.1,85.8,368934.67,35.0,0.5,5.32,0.04,0.48,38.12,24,301,0
2026-08-02 16:22:26,10.8,85.7,372054.67,35.0,0.48,1.28,0.03,0.26,4.64,23,301,0
2026-08-02 16:22:32,18.9,85.8,369217.33,35.0,2.44,1.5,0.04,0.41,7.9,23,301,0
2026-08-02 16:22:39,12.3,85.5,376025.33,35.0,1.08,1.53,0.03,0.27,63.72,23,301,0
2026-08-02 16:22:45,20.5,83.7,422086.67,35.0,2.09,8.94,0.04,0.45,75.8,23,304,0
2026-08-02 16:22:51,33.8,83.5,427106.67,35.0,0.65,1.62,0.05,0.37,64.0,23,301,0
2026-08-02 16:22:57,7.2,83.6,425033.33,35.0,0.53,1.23,0.04,0.31,62.46,23,301,0
2026-08-02 16:23:03,11.8,83.7,421517.33,35.0,1.54,1.71,0.05,0.4,124.75,23,301,0
2026-08-02 16:23:09,15.8,84.0,415054.67,35.0,0.96,1.6,0.03,0.26,9.53,23,301,0
2026-08-02 16:23:15,11.7,84.1,413473.33,35.0,0.57,5.13,0.03,0.42,47.7,23,301,0
2026-08-02 16:23:21,20.0,84.0,414312.0,35.0,0.36,2.43,0.03,0.45,235.02,22,301,0
2026-08-02 16:23:27,17.5,84.0,415240.0,35.0,0.62,1.52,0.03,0.25,53.31,22,301,0
2026-08-02 16:23:33,14.2,84.1,413505.33,35.0,0.62,5.45,0.03,0.44,56.06,22,301,0
2026-08-02 16:23:40,14.3,84.2,410365.33,35.0,0.86,2.35,0.03,0.27,6.41,22,302,0
2026-08-02 16:23:46,37.3,85.0,389857.33,35.0,50.25,1.39,0.04,0.47,63.94,22,301,0
2026-08-02 16:23:52,1.7,85.0,389082.67,35.0,2.32,1.23,0.01,0.01,128.44,22,301,0
2026-08-02 16:23:58,2.7,84.7,397762.67,35.0,0.42,5.03,0.02,0.01,49.22,22,301,0
2026-08-02 16:24:04,1.3,84.9,392654.67,35.0,2.02,4.9,0.0,0.0,269.37,22,307,0
2026-08-02 16:24:10,8.9,84.9,392301.33,35.0,26.02,1.5,0.01,0.0,34.43,22,301,0
2026-08-02 16:24:16,1.8,85.1,386030.67,35.0,0.41,6.21,0.0,0.0,4.49,22,301,0
2026-08-02 16:24:22,2.2,85.1,387472.0,35.0,9.8,4.29,0.01,0.0,138.38,22,301,0
2026-08-02 16:24:29,3.5,85.2,383218.67,35.0,0.58,2.06,0.01,0.0,5.1,21,301,0
2026-08-02 16:24:35,1.0,85.1,385158.67,35.0,0.3,2.6,0.0,0.0,55.57,21,301,0
2026-08-02 16:24:41,1.2,85.2,383226.67,35.0,2.97,5.25,0.01,0.0,66.24,21,301,0
2026-08-02 16:24:47,22.8,85.3,381966.67,35.0,0.43,1.64,0.01,0.01,15.08,21,304,0
2026-08-02 16:24:53,13.6,84.9,390305.33,35.0,49.02,2.07,0.01,0.01,41.7,21,301,0
2026-08-02 16:24:59,10.4,85.4,378888.0,35.0,47.69,5.5,0.02,0.01,67.69,21,301,0
2026-08-02 16:25:05,19.1,85.2,383740.0,35.0,77.71,2.14,0.01,0.0,145.64,21,302,0
2026-08-02 16:25:11,14.4,85.8,367544.0,35.0,142.54,2.12,0.01,0.0,63.09,21,302,0
2026-08-02 16:25:17,3.0,85.7,370149.33,35.0,32.62,2.64,0.0,0.0,148.8,21,300,0
2026-08-02 16:25:23,20.2,86.9,340372.0,35.0,68.88,5.31,0.01,0.0,179.87,20,302,0
2026-08-02 16:25:30,10.6,85.9,364876.0,35.0,172.34,51.86,0.0,0.0,15.06,20,300,0
2026-08-02 16:25:36,11.4,86.1,361673.33,35.0,0.79,3.0,0.01,0.0,161.63,20,300,0
2026-08-02 16:25:42,4.1,86.0,363658.67,35.0,1.3,7.79,0.01,0.0,5.06,20,301,0
2026-08-02 16:25:48,1.4,86.1,361738.67,35.0,0.25,2.16,0.0,0.0,73.85,20,301,0
2026-08-02 16:25:54,6.9,86.3,355520.0,35.0,0.54,2.59,0.01,0.01,78.53,20,300,0
2026-08-02 16:26:00,1.6,83.7,422352.0,35.0,1.84,4.16,0.02,0.02,148.68,20,300,0
2026-08-02 16:26:06,24.2,85.2,385052.0,35.0,1.32,1.54,0.03,0.03,3.28,20,300,0
2026-08-02 16:26:12,3.6,84.8,395434.67,35.0,0.34,0.94,0.0,0.01,48.53,20,306,0
2026-08-02 16:26:18,14.1,84.8,394002.67,35.0,0.34,2.17,0.01,0.0,20.29,20,300,0
2026-08-02 16:26:24,20.9,85.8,367889.33,35.0,2.38,2.61,0.01,0.01,42.56,19,301,0
2026-08-02 16:26:30,11.2,85.5,376616.0,35.0,0.64,1.42,0.0,0.01,80.72,19,301,0
2026-08-02 16:26:36,20.4,85.6,374150.67,35.0,0.97,5.52,0.01,0.0,37.54,19,301,0
2026-08-02 16:26:43,2.2,85.2,382796.0,35.0,0.29,2.6,0.0,0.0,8.83,19,301,0
2026-08-02 16:26:49,1.4,85.1,386001.33,35.0,0.56,2.24,0.01,0.0,221.56,19,301,0
2026-08-02 16:26:55,9.3,85.7,370026.67,35.0,0.31,5.43,0.0,0.0,66.47,19,307,0
2026-08-02 16:27:01,8.5,85.8,369482.67,35.0,0.27,2.1,0.01,0.0,46.68,19,301,0
2026-08-02 16:27:07,3.2,85.8,369318.67,35.0,0.9,5.2,0.01,0.0,8.2,19,301,0
2026-08-02 16:27:13,0.7,85.8,369429.33,35.0,0.43,1.2,0.0,0.0,62.45,19,301,0
2026-08-02 16:27:19,0.4,85.8,367350.67,35.0,0.08,3.51,0.01,0.0,11.46,19,301,0
2026-08-02 16:27:25,16.4,86.0,362572.0,35.0,0.93,1.61,0.0,0.0,119.33,18,301,0
2026-08-02 16:27:31,1.7,85.9,366530.67,35.0,0.33,3.37,0.01,0.01,4.38,18,301,0
2026-08-02 16:27:37,3.6,85.9,364676.0,35.0,1.04,1.71,0.02,0.01,141.03,18,307,0
2026-08-02 16:27:43,8.9,85.9,365921.33,35.0,0.71,6.43,0.01,0.0,6.17,18,301,0
2026-08-02 16:27:50,18.7,84.7,395936.0,35.0,0.22,2.6,0.01,0.01,51.05,18,301,0
2026-08-02 16:27:56,17.0,84.6,400100.0,35.0,0.32,1.23,0.02,0.09,104.8,18,301,0
2026-08-02 16:28:02,13.2,84.5,402570.67,35.0,1.92,2.82,0.01,0.0,116.42,18,301,0
2026-08-02 16:28:08,21.6,84.4,405626.67,35.0,1.27,5.5,0.0,0.0,89.92,18,301,0
2026-08-02 16:28:14,15.0,84.3,407373.33,35.0,0.19,2.09,0.01,0.0,157.92,18,301,0
2026-08-02 16:28:20,27.0,84.3,406368.0,35.0,0.29,1.05,0.01,0.0,124.82,18,301,0
2026-08-02 16:28:26,24.3,84.2,409218.67,35.0,0.46,0.77,0.0,0.0,4.61,17,301,0
2026-08-02 16:28:32,26.9,84.4,404501.33,35.0,0.14,1.79,0.02,0.01,37.54,17,301,0
2026-08-02 16:28:38,43.4,85.2,383218.67,35.0,2.04,5.14,0.02,0.01,4.92,17,301,0
2026-08-02 16:28:44,16.4,83.7,422978.67,35.0,0.65,5.9,0.01,0.0,63.56,17,301,0
2026-08-02 16:28:51,14.7,84.0,415390.67,35.0,0.12,1.55,0.01,0.0,171.56,17,301,0
2026-08-02 16:28:57,21.3,83.8,419285.33,35.0,0.06,1.27,0.0,0.01,79.29,17,301,0
2026-08-02 16:29:03,22.7,83.9,416649.33,35.0,0.84,4.86,0.03,0.02,124.24,17,301,0
2026-08-02 16:29:09,15.4,84.0,415728.0,35.0,0.74,3.04,0.01,0.01,204.25,17,301,0
2026-08-02 16:29:15,22.6,83.8,418906.67,35.0,0.14,1.47,0.01,0.0,43.81,17,301,0
2026-08-02 16:29:21,12.1,83.9,417748.0,35.0,0.29,5.19,0.06,0.68,162.25,17,301,0
2026-08-02 16:29:27,20.6,83.9,416445.33,35.0,0.44,1.51,0.19,3.21,113.77,16,301,0
2026-08-02 16:29:34,13.3,83.9,417821.33,35.0,0.66,2.49,0.18,3.32,36.63,16,301,0
2026-08-02 16:29:40,13.3,84.1,412365.33,35.0,0.29,2.69,0.19,3.39,232.78,16,307,0
2026-08-02 16:29:46,24.5,84.1,412888.0,35.0,0.08,0.76,0.05,0.72,197.49,16,301,0
2026-08-02 16:29:52,15.5,84.3,406876.0,35.0,0.43,0.58,0.04,0.46,126.81,16,301,0
2026-08-02 16:29:58,19.1,84.3,407520.0,35.0,1.08,5.38,0.06,0.42,222.41,16,301,0
2026-08-02 16:30:04,12.3,84.4,403422.67,35.0,0.26,2.0,0.04,0.56,65.14,16,301,0
2026-08-02 16:30:11,8.6,84.5,402958.67,35.0,0.52,2.29,0.03,0.35,5.48,16,302,0
2026-08-02 16:30:17,17.6,84.6,398893.33,35.0,0.61,4.72,0.03,0.22,6.36,16,302,0
2026-08-02 16:30:23,20.8,84.5,400916.0,35.0,0.06,2.13,0.04,0.58,120.95,16,307,0
2026-08-02 16:30:29,25.4,84.4,405472.0,35.0,0.48,2.37,0.02,0.01,3.84,15,301,0
2026-08-02 16:30:35,12.2,84.2,409882.67,35.0,0.49,5.16,0.03,0.38,4.86,15,301,0
2026-08-02 16:30:41,5.9,85.1,385766.67,35.0,1.55,2.17,0.03,0.39,93.26,15,301,0
2026-08-02 16:30:47,3.3,83.9,418322.67,35.0,0.83,1.93,0.0,0.0,66.87,15,301,0
2026-08-02 16:30:53,18.9,84.6,400650.67,35.0,0.18,5.13,0.01,0.0,,15,301,0
2026-08-02 16:31:03,34.0,85.8,367770.67,35.0,2.21,5.46,0.02,0.01,7.45,15,301,0
2026-08-02 16:31:09,34.9,85.7,371365.33,35.0,1.64,0.96,0.01,0.01,3.89,15,301,0
2026-08-02 16:31:15,25.8,86.9,340544.0,35.0,26.47,0.59,0.01,0.0,5.38,15,301,0
2026-08-02 16:31:21,26.9,84.7,397984.0,35.0,3.43,3.71,0.01,0.0,56.38,15,301,0
2026-08-02 16:31:27,42.3,85.5,375433.33,35.0,46.87,2.45,0.0,0.0,84.05,14,301,0
2026-08-02 16:31:33,34.9,86.5,350474.67,35.0,0.89,2.12,0.01,0.0,4.2,14,301,0
2026-08-02 16:31:39,17.8,85.4,379922.67,35.0,8.84,5.19,0.0,0.0,76.23,14,301,0
2026-08-02 16:31:45,5.8,86.7,344586.67,35.0,97.24,2.08,0.01,0.0,77.75,14,301,0
2026-08-02 16:31:52,11.0,86.3,355693.33,35.0,4.76,1.99,0.03,0.02,5.59,14,301,0
2026-08-02 16:31:58,8.3,86.3,356293.33,35.0,5.32,2.12,0.02,0.01,5.88,14,301,0
2026-08-02 16:32:04,9.7,86.4,353338.67,35.0,1.61,8.7,0.01,0.01,14.67,14,301,0
2026-08-02 16:32:10,7.0,86.7,344732.0,35.0,1.15,1.38,0.0,0.01,4.73,14,307,0
2026-08-02 16:32:16,9.2,86.8,342400.0,35.0,0.53,1.98,0.01,0.0,5.01,14,301,0
2026-08-02 16:32:22,18.4,84.7,396230.67,35.0,1.02,5.43,0.01,0.01,6.59,13,301,0
2026-08-02 16:32:28,6.9,85.0,388981.33,35.0,12.05,1.93,0.02,0.0,4.6,13,301,0
2026-08-02 16:35:27,37.1,86.6,347748.0,35.0,12.98,3.57,0.01,0.01,47.44,11,299,0
2026-08-02 16:35:33,36.3,84.1,411569.33,35.0,461.47,337.45,0.02,0.02,149.65,11,300,0
2026-08-02 16:35:39,5.6,84.3,408258.67,35.0,51.55,7.9,0.01,0.01,24.36,10,300,0
2026-08-02 16:35:45,28.0,84.5,401578.67,35.0,5.53,5.05,0.01,0.02,75.71,10,300,0
2026-08-02 16:35:51,12.0,84.3,406478.67,35.0,6.52,1.62,0.01,0.0,223.64,10,300,0
2026-08-02 16:35:57,5.9,83.9,417940.0,35.0,2.86,0.61,0.02,0.01,6.11,10,299,0
2026-08-02 16:36:04,9.9,84.7,396480.0,35.0,134.67,0.57,0.02,0.01,198.07,10,305,0
2026-08-02 16:36:10,23.3,85.5,376517.33,35.0,41.96,1.46,0.01,0.01,4.98,10,299,0
2026-08-02 16:36:16,8.9,85.3,382316.0,35.0,0.39,5.68,0.01,0.0,3.86,10,299,0
2026-08-02 16:36:22,8.9,85.4,379782.67,35.0,1.95,6.7,0.01,0.02,7.52,10,299,0
2026-08-02 16:36:28,11.3,85.3,381790.67,35.0,1.79,2.5,0.01,0.0,44.6,10,298,0
2026-08-02 16:36:34,3.1,85.6,373496.0,35.0,1.94,6.95,0.01,0.01,4.57,10,298,0
2026-08-02 16:36:40,3.7,85.8,368696.0,35.0,0.46,2.18,0.0,0.0,4.73,10,299,0
2026-08-02 16:36:46,3.4,85.8,369548.0,35.0,0.18,1.52,0.01,0.0,193.01,9,299,0
2026-08-02 16:36:52,13.0,85.9,364642.67,35.0,0.25,2.18,0.0,0.0,64.59,9,298,0
2026-08-02 16:36:58,11.2,86.1,361356.0,35.0,2.94,5.89,0.04,0.01,187.06,9,298,0
2026-08-02 16:37:04,2.6,86.0,364016.0,35.0,2.67,1.45,0.02,0.02,30.2,9,298,0
2026-08-02 16:37:11,25.9,86.1,360849.33,35.0,2.89,2.81,0.01,0.01,4.81,9,298,0
2026-08-02 16:37:17,17.9,86.0,364360.0,35.0,293.23,206.74,0.14,0.03,8.42,9,298,0
2026-08-02 16:37:23,26.5,89.2,281029.33,35.0,128.6,2.78,0.38,0.71,4.53,9,298,0
2026-08-02 16:37:29,48.3,91.1,231149.33,35.0,79.29,2.06,0.1,0.8,4.58,9,298,0
2026-08-02 16:37:35,62.6,90.8,237929.33,35.0,49.33,10.94,0.1,1.04,8.13,9,303,0
2026-08-02 16:37:41,22.4,91.6,217010.67,35.0,57.88,3.36,0.03,0.0,4.8,9,297,0
2026-08-02 16:37:47,35.7,87.8,315146.67,35.0,30.09,8.67,0.04,0.01,68.19,8,297,0
2026-08-02 16:37:53,6.8,86.2,358044.0,35.0,11.19,2.65,0.02,0.02,44.12,8,297,0
2026-08-02 16:37:59,14.0,87.0,336478.67,35.0,12.87,3.53,0.19,0.12,14.91,8,297,0
2026-08-02 16:38:05,12.8,86.2,357394.67,35.0,27.14,1.79,0.03,0.06,3.34,8,297,0
2026-08-02 16:38:11,15.6,85.7,371802.67,35.0,1.71,1.08,0.02,0.0,10.68,8,297,0
2026-08-02 16:38:17,20.6,85.6,374458.67,35.0,2.8,2.96,0.02,0.01,5.05,8,303,0
2026-08-02 16:38:23,13.8,85.2,383936.0,35.0,1.09,4.73,0.02,0.0,4.5,8,297,0
2026-08-02 16:38:29,7.1,85.5,376304.0,35.0,0.77,1.58,0.0,0.0,53.84,8,297,0
2026-08-02 16:38:35,8.1,85.7,371224.0,35.0,13.65,5.92,0.01,0.0,4.32,8,297,0
2026-08-02 16:38:41,13.0,87.2,333006.67,35.0,38.22,5.17,0.01,0.0,118.59,8,297,0
2026-08-02 16:38:47,4.9,85.9,365114.67,35.0,0.86,6.47,0.02,0.0,66.63,7,297,0
2026-08-02 16:38:53,5.4,86.0,363822.67,35.0,0.68,2.03,0.01,0.0,71.88,7,297,0
2026-08-02 16:38:59,15.0,86.2,358997.33,35.0,22.3,5.43,0.01,0.01,63.17,7,303,0
2026-08-02 16:39:06,11.4,86.2,358730.67,35.0,19.88,2.38,0.01,0.0,13.64,7,298,0
2026-08-02 16:39:12,4.3,86.3,355345.33,35.0,7.36,0.5,0.01,0.0,4.17,7,298,0
2026-08-02 16:39:18,4.9,86.2,358266.67,35.0,14.78,0.99,0.02,0.01,45.01,7,297,0
2026-08-02 16:39:24,17.4,86.3,355857.33,35.0,1.37,1.49,0.01,0.0,4.31,7,297,0
2026-08-02 16:39:30,4.3,86.5,350649.33,35.0,1.02,2.37,0.01,0.01,58.21,7,297,0
2026-08-02 16:39:36,6.1,86.4,352398.67,35.0,1.37,5.44,0.02,0.0,4.42,7,297,0
2026-08-02 16:39:42,8.9,86.6,348294.67,35.0,6.94,1.56,0.01,0.01,4.52,7,303,0
2026-08-02 16:39:48,11.1,86.6,348668.0,35.0,3.31,1.59,0.01,0.01,106.6,7,297,0
2026-08-02 16:39:54,6.4,88.0,311329.33,35.0,46.17,5.97,0.01,0.0,70.08,6,300,0
2026-08-02 16:40:00,3.6,87.5,324000.0,35.0,4.63,2.92,0.01,0.0,89.57,6,298,0
2026-08-02 16:40:06,39.4,89.0,285356.0,35.0,640.74,246.18,0.07,0.05,41.66,6,308,0
2026-08-02 16:40:12,49.1,89.3,276876.0,35.0,247.2,32.36,0.27,0.15,18.93,6,306,0
2026-08-02 16:40:18,28.0,87.8,316996.0,35.0,62.32,117.59,0.07,0.04,4.74,6,306,0
2026-08-02 16:40:24,31.1,88.4,301246.67,35.0,9.87,2.62,0.04,0.02,32.11,7,303,0
2026-08-02 16:40:30,27.5,90.9,235017.33,35.0,105.41,2.22,0.02,0.02,4.15,7,302,0
2026-08-02 16:40:36,18.2,90.5,245369.33,35.0,48.76,5.79,0.1,0.01,3.65,7,300,0
2026-08-02 16:40:42,11.5,88.9,288594.67,35.0,4.05,2.78,0.01,0.0,58.0,7,299,0
2026-08-02 16:40:48,21.0,88.7,294170.67,35.0,1.38,2.21,0.03,0.01,4.16,8,298,0
2026-08-02 16:40:54,12.7,88.6,296405.33,35.0,2.09,6.04,0.0,0.0,4.4,8,298,0
2026-08-02 16:41:00,15.6,89.1,283428.0,35.0,5.95,1.61,0.02,0.01,3.56,8,304,0
2026-08-02 16:41:06,16.8,89.3,277518.67,35.0,2.65,5.7,0.02,0.01,125.35,8,298,0
2026-08-02 16:41:13,29.9,91.1,231486.67,35.0,221.25,2.84,0.06,0.06,4.09,8,298,0
2026-08-02 16:41:19,35.0,92.3,198413.33,35.0,633.61,14.08,0.15,0.7,64.99,8,302,0
2026-08-02 16:41:25,26.7,88.9,287576.0,35.0,394.54,160.2,0.03,0.03,4.32,9,304,0
2026-08-02 16:41:31,23.0,90.0,258644.0,35.0,32.45,13.29,0.45,14.31,101.24,9,304,0
2026-08-02 16:41:37,20.5,91.4,223886.67,35.0,150.63,32.07,0.3,9.72,15.16,9,309,0
2026-08-02 16:41:43,43.5,92.3,200768.0,35.0,1201.58,6.51,0.07,0.32,8.63,9,309,0
2026-08-02 16:41:49,55.7,88.2,305365.33,35.0,590.47,178.35,0.01,0.01,4.49,9,309,0
2026-08-02 16:41:55,13.6,88.5,298676.0,35.0,179.05,2.87,0.01,0.02,3.77,9,309,0
2026-08-02 16:42:01,17.0,88.4,300150.67,35.0,359.15,295.15,0.04,0.02,3.83,10,309,0
2026-08-02 16:42:07,10.0,89.1,281710.67,35.0,79.81,5.94,0.01,0.01,4.05,10,308,0
2026-08-02 16:42:13,10.6,89.3,277738.67,35.0,76.13,2.35,0.02,0.0,3.37,10,308,0
2026-08-02 16:42:19,13.4,87.2,331586.67,35.0,50.27,57.91,0.03,0.0,102.57,10,314,0
2026-08-02 16:42:25,14.9,87.4,327942.67,35.0,10.29,0.8,0.0,0.0,4.01,11,308,0
2026-08-02 16:42:31,17.2,88.0,310856.0,35.0,416.69,4.31,0.01,0.01,95.04,11,308,0
2026-08-02 16:42:37,14.1,91.3,226310.67,35.0,352.26,2.1,0.0,0.0,3.38,11,307,0
2026-08-02 16:42:43,14.4,89.9,262524.0,35.0,362.12,124.53,0.01,0.0,4.36,11,307,0
2026-08-02 16:42:49,15.7,85.5,375902.67,35.0,40.0,111.75,0.0,0.0,3.53,12,306,0
2026-08-02 16:42:55,13.1,85.8,369114.67,35.0,49.26,3.12,0.02,0.08,3.77,12,306,0
2026-08-02 16:43:01,16.0,86.2,357942.67,35.0,17.02,1.97,0.01,0.0,3.86,12,306,0
2026-08-02 16:43:07,13.4,86.8,342742.67,35.0,47.85,9.11,0.01,0.01,4.5,12,305,0
2026-08-02 16:43:13,4.9,87.7,319396.0,35.0,56.26,73.44,0.01,0.01,100.44,12,305,0
2026-08-02 16:43:19,4.2,86.5,350772.0,35.0,8.48,1.35,0.0,0.0,4.09,12,304,0
2026-08-02 16:43:25,4.5,86.8,342128.0,35.0,10.78,3.75,0.01,0.0,8.13,13,304,0
2026-08-02 16:43:32,3.5,87.2,332525.33,35.0,8.86,5.08,0.01,0.0,4.44,13,304,0
2026-08-02 16:43:38,15.8,86.7,345477.33,35.0,111.87,2.05,0.01,0.01,3.94,13,304,0
2026-08-02 16:43:44,2.9,86.4,352310.67,35.0,11.84,3.61,0.01,0.0,123.96,13,304,0
2026-08-02 16:43:50,5.0,86.9,340752.0,35.0,9.35,5.18,0.0,0.0,12.47,13,304,0
2026-08-02 16:43:56,4.6,87.0,338318.67,35.0,4.19,2.08,0.01,0.0,3.75,13,304,0
2026-08-02 16:44:02,12.0,86.1,360733.33,35.0,11.68,0.97,0.02,0.01,4.98,14,304,0
2026-08-02 16:44:08,10.5,86.2,357749.33,35.0,6.58,2.61,0.02,0.01,43.8,14,304,0
2026-08-02 16:44:14,24.5,86.6,348746.67,35.0,3.51,5.27,0.01,0.0,5.23,14,304,0
2026-08-02 16:44:20,3.5,86.5,349726.67,35.0,12.7,3.14,0.02,0.01,68.91,14,303,0
2026-08-02 16:44:26,7.6,86.8,341888.0,35.0,14.07,6.25,0.01,0.01,3.98,15,303,0
2026-08-02 16:44:32,7.9,86.8,341978.67,35.0,13.65,2.72,0.0,0.0,69.0,15,303,0
2026-08-02 16:44:38,7.0,86.7,343944.0,35.0,13.64,2.54,0.01,0.0,6.76,15,303,0
2026-08-02 16:44:44,9.0,88.9,286940.0,35.0,187.67,4.8,0.0,0.0,4.37,15,303,0
2026-08-02 16:44:50,5.4,85.9,366338.67,35.0,44.86,221.98,0.01,0.0,3.35,16,303,0
2026-08-02 16:44:56,3.9,87.6,321428.0,35.0,643.16,41.01,0.01,0.07,5.23,16,304,0
2026-08-02 16:45:02,4.3,88.0,312065.33,35.0,99.3,2.31,0.02,0.01,12.58,16,304,0
2026-08-02 16:45:08,6.5,89.0,285713.33,35.0,160.38,8.0,0.01,0.01,4.34,16,307,0
2026-08-02 16:45:14,6.3,89.1,283154.67,35.0,36.59,3.41,0.0,0.0,6.82,16,307,0
2026-08-02 16:45:20,4.4,89.9,261740.0,35.0,9.29,1.63,0.01,0.0,12.76,16,307,0
2026-08-02 16:45:26,10.5,88.8,290785.33,35.0,48.5,5.33,0.0,0.0,215.32,17,306,0
2026-08-02 16:45:32,7.4,89.0,285742.67,35.0,135.6,3.72,0.02,0.02,4.72,17,307,0
2026-08-02 16:45:38,5.2,88.9,289037.33,35.0,27.52,2.18,0.01,0.0,156.55,17,306,0
2026-08-02 16:45:45,3.5,88.9,287310.67,35.0,5.25,1.73,0.0,0.0,6.16,17,306,0
2026-08-02 16:45:51,8.1,89.1,283082.67,35.0,31.66,6.47,0.01,0.0,3.94,17,306,0
2026-08-02 16:45:57,2.6,89.8,265414.67,35.0,47.71,2.82,0.01,0.02,4.54,18,305,0
2026-08-02 16:46:03,10.1,88.4,301662.67,35.0,43.98,2.62,0.02,0.01,4.49,18,304,0
2026-08-02 16:46:09,5.5,88.5,298482.67,35.0,16.79,5.82,0.01,0.01,46.66,18,302,0
2026-08-02 16:46:15,4.4,88.5,297104.0,35.0,16.06,2.27,0.01,0.0,3.55,18,301,0
2026-08-02 16:46:21,5.9,88.2,306768.0,35.0,4.18,4.9,0.03,0.01,3.84,18,301,0
2026-08-02 16:46:27,11.8,88.5,297342.67,35.0,14.4,2.39,0.01,0.0,137.57,19,301,0
2026-08-02 16:46:33,10.2,90.3,250562.67,35.0,16.74,3.29,0.01,0.01,35.0,19,301,0
2026-08-02 16:46:39,15.3,90.5,247397.33,35.0,77.91,5.77,0.0,0.0,3.31,19,301,0
2026-08-02 16:46:45,12.8,90.1,256832.0,35.0,46.48,2.94,0.01,0.0,102.32,19,301,0
2026-08-02 16:46:51,6.0,91.4,223594.67,35.0,25.07,2.13,0.0,0.0,3.7,20,301,0
2026-08-02 16:46:57,5.2,91.5,221250.67,35.0,122.18,5.15,0.01,0.0,63.59,20,301,0
2026-08-02 16:47:03,4.5,91.2,227513.33,35.0,52.81,1.7,0.01,0.01,3.62,20,301,0
2026-08-02 16:47:09,2.1,89.4,275261.33,35.0,46.12,2.93,0.01,0.0,69.96,20,301,0
2026-08-02 16:47:15,9.0,89.1,281534.67,35.0,34.63,5.03,0.01,0.0,3.97,20,301,0
2026-08-02 16:47:21,17.4,89.3,276696.0,35.0,56.6,1.45,0.02,0.01,66.91,21,301,0
2026-08-02 16:47:27,3.4,89.5,271229.33,35.0,5.56,2.52,0.01,0.0,77.77,21,301,0
2026-08-02 16:47:33,5.5,89.4,274109.33,35.0,7.86,6.74,0.01,0.01,158.34,21,301,0
2026-08-02 16:47:40,4.0,89.6,270788.0,35.0,4.14,1.87,0.01,0.0,13.35,21,301,0
2026-08-02 16:47:46,14.9,89.8,264729.33,35.0,3.49,2.2,0.01,0.01,3.82,21,301,0
2026-08-02 16:47:52,15.8,80.6,503610.67,35.0,10.26,6.66,0.01,0.0,4.03,22,300,0
2026-08-02 16:47:58,17.7,83.5,427156.0,35.0,402.99,4.89,0.03,0.1,3.78,22,300,0
2026-08-02 16:48:04,16.4,88.3,302325.33,35.0,208.83,2.66,0.0,0.01,46.22,22,300,0
2026-08-02 16:48:10,10.5,85.1,385644.0,35.0,47.05,185.48,0.01,0.01,3.97,22,300,0
2026-08-02 16:48:16,12.2,86.2,358450.67,35.0,2.62,5.06,0.0,0.0,65.54,22,300,0
2026-08-02 16:48:22,16.4,86.2,357388.0,35.0,64.25,22.19,0.03,0.01,3.97,23,300,0
2026-08-02 16:48:28,65.7,86.4,353945.33,35.0,52.51,2.87,0.0,0.0,57.12,23,305,0
2026-08-02 16:48:34,21.7,86.6,348722.67,35.0,96.88,6.12,0.01,0.0,4.98,24,299,0
2026-08-02 16:48:40,22.9,87.8,316193.33,35.0,262.74,20.98,0.0,0.0,130.48,24,299,0
2026-08-02 16:48:46,13.5,84.7,396753.33,35.0,44.97,1.48,0.01,0.01,113.71,24,299,0
2026-08-02 16:48:52,9.8,85.3,381501.33,35.0,7.11,6.21,0.01,0.01,3.47,24,299,0
2026-08-02 16:48:58,13.6,86.7,345888.0,35.0,40.33,2.61,0.01,0.01,3.92,24,299,0
2026-08-02 16:49:04,16.0,86.7,344172.0,35.0,98.02,2.27,0.01,0.0,5.62,24,299,0
2026-08-02 16:49:10,17.8,86.1,360382.67,35.0,7.65,5.77,0.0,0.0,74.38,24,299,0
2026-08-02 16:49:17,13.7,86.2,357517.33,35.0,4.99,2.02,0.01,0.0,112.49,24,299,0
2026-08-02 16:49:23,17.0,87.6,322425.33,35.0,4.82,2.07,0.0,0.0,5.93,25,299,0
2026-08-02 16:49:29,17.8,87.7,318624.0,35.0,6.54,6.09,0.01,0.0,39.22,25,299,0
2026-08-02 16:49:35,13.9,86.3,354649.33,35.0,19.76,104.38,0.01,0.01,4.94,25,299,0
2026-08-02 16:49:41,18.5,87.5,323476.0,35.0,45.27,2.02,0.01,0.04,4.91,25,299,0
2026-08-02 16:49:47,14.4,88.5,299144.0,35.0,128.26,6.98,0.01,0.0,258.14,25,299,0
2026-08-02 16:49:53,12.8,87.2,333105.33,35.0,59.17,2.19,0.0,0.0,4.49,26,299,0
2026-08-02 16:49:59,11.4,86.5,349142.67,35.0,35.96,5.48,0.02,0.01,65.71,26,299,0
2026-08-02 16:50:05,85.1,86.9,340684.0,35.0,8.95,3.05,0.0,0.0,4.38,26,299,0
2026-08-02 16:50:11,5.7,87.1,334897.33,35.0,10.52,2.43,0.01,0.01,3.57,26,299,0
2026-08-02 16:50:17,3.0,87.2,333094.67,35.0,3.92,5.41,0.0,0.0,42.72,26,299,0
2026-08-02 16:50:23,9.6,87.3,328805.33,35.0,1.92,1.96,0.01,0.0,74.18,27,299,0
2026-08-02 16:50:29,21.3,89.5,271376.0,35.0,76.15,5.14,0.01,0.0,4.88,27,303,0
2026-08-02 16:50:35,9.3,89.5,272412.0,35.0,92.94,5.8,0.0,0.0,5.26,28,303,0
2026-08-02 16:50:41,7.2,89.8,263518.67,35.0,43.4,1.8,0.01,0.0,5.06,28,303,0
2026-08-02 16:50:47,3.2,90.2,254769.33,35.0,71.94,3.25,0.0,0.01,111.09,28,303,0
2026-08-02 16:50:54,12.0,87.9,312638.67,35.0,10.51,9.15,0.02,0.01,73.17,28,303,0
2026-08-02 16:51:00,4.9,87.7,319012.0,35.0,33.25,1.88,0.01,0.0,75.09,28,308,0
2026-08-02 16:51:06,12.2,86.8,342148.0,35.0,12.08,77.46,0.01,0.01,73.92,28,301,0
2026-08-02 16:51:12,3.9,86.8,342468.0,35.0,7.21,1.89,0.01,0.0,159.77,28,301,0
2026-08-02 16:51:18,4.3,86.8,341964.0,35.0,8.45,5.04,0.0,0.0,6.9,28,301,0
2026-08-02 16:51:24,18.5,89.0,285338.67,35.0,6.6,2.87,0.01,0.02,62.31,29,300,0
2026-08-02 16:51:30,4.9,89.5,273120.0,35.0,27.66,2.96,0.01,0.01,73.54,29,300,0
2026-08-02 16:51:36,33.3,87.6,322165.33,35.0,69.5,7.93,0.01,0.0,5.89,29,302,0
2026-08-02 16:51:42,13.3,87.5,325418.67,35.0,3.84,3.22,0.01,0.01,55.31,29,299,0
2026-08-02 16:51:48,3.7,87.6,321684.0,35.0,29.46,5.18,0.02,0.01,4.37,29,299,0
2026-08-02 16:51:54,9.3,87.8,315136.0,35.0,1.9,2.15,0.01,0.0,73.03,30,299,0
2026-08-02 16:52:00,7.6,87.7,317820.0,35.0,7.67,1.49,0.02,0.01,73.74,30,299,0
2026-08-02 16:52:06,12.4,87.8,315742.67,35.0,3.02,6.23,0.01,0.0,3.49,30,299,0
2026-08-02 16:52:12,18.7,87.9,313704.0,35.0,1.0,2.34,0.01,0.02,5.18,30,305,0
2026-08-02 16:52:18,20.2,87.7,318901.33,35.0,1.38,2.25,0.01,0.0,49.18,30,299,0
2026-08-02 16:52:24,13.9,87.9,314554.67,35.0,2.19,5.67,0.0,0.0,4.62,31,299,0
2026-08-02 16:52:31,14.4,88.0,310784.0,35.0,1.04,1.94,0.01,0.0,3.77,31,299,0
2026-08-02 16:52:37,19.4,88.2,307272.0,35.0,12.31,2.61,0.01,0.01,4.86,31,299,0
2026-08-02 16:52:43,15.5,80.1,516580.0,35.0,20.0,7.63,0.0,0.0,35.12,31,299,0
2026-08-02 16:52:49,29.4,80.3,510557.33,35.0,48.86,2.82,0.01,0.0,117.08,32,299,0
2026-08-02 16:52:55,29.0,77.0,595952.0,35.0,8.68,2.12,0.0,0.0,30.05,32,299,0
2026-08-02 16:53:01,18.1,76.6,607460.0,35.0,31.15,5.56,0.04,0.09,231.67,32,299,0
2026-08-02 16:53:07,23.0,78.5,557680.0,35.0,12.94,5.1,0.01,0.0,74.09,32,299,0
2026-08-02 16:53:13,23.7,78.5,557228.0,35.0,14.86,2.42,0.01,0.0,3.82,32,299,0
2026-08-02 16:53:19,18.3,79.5,531201.33,35.0,65.02,3.39,0.02,0.01,4.68,32,299,0
2026-08-02 16:53:25,22.6,79.4,534545.33,35.0,31.02,4.55,0.01,0.02,56.61,33,299,0
2026-08-02 16:53:31,22.7,79.7,526517.33,35.0,35.86,3.82,0.01,0.01,101.28,33,299,0
2026-08-02 16:53:37,25.6,79.2,539245.33,35.0,45.9,4.38,0.01,0.01,65.14,33,299,0
2026-08-02 16:53:43,22.8,79.4,535428.0,35.0,18.39,4.96,0.01,0.0,10.26,33,299,0
2026-08-02 16:53:49,46.3,81.2,486578.67,35.0,60.82,3.36,0.01,0.0,6.92,33,299,0
2026-08-02 16:53:55,17.9,79.7,525714.67,35.0,23.17,5.86,0.0,0.0,57.65,33,299,0
2026-08-02 16:54:02,17.0,79.8,524028.0,35.0,25.37,5.22,0.03,0.01,4.54,34,299,0
2026-08-02 16:54:08,20.4,80.0,519758.67,35.0,21.39,6.41,0.0,0.0,3.3,34,299,0
2026-08-02 16:54:14,20.6,79.4,533676.0,35.0,32.45,5.82,0.01,0.01,3.72,34,299,0
2026-08-02 16:54:20,42.0,79.4,535190.67,35.0,20.89,4.39,0.01,0.0,4.04,34,299,0
2026-08-02 16:54:26,18.9,79.6,528521.33,35.0,27.08,6.19,0.01,0.0,3.41,35,299,0
2026-08-02 16:54:32,11.9,79.6,529096.0,35.0,40.17,6.12,0.01,0.0,5.38,35,299,0
2026-08-02 16:54:38,14.1,79.6,530321.33,35.0,48.21,8.93,0.02,0.01,183.55,35,299,0
2026-08-02 16:54:44,22.5,79.3,537949.33,35.0,35.46,9.01,0.01,0.0,3.95,35,299,0
2026-08-02 16:54:50,11.3,79.5,530769.33,35.0,34.15,8.5,0.0,0.0,3.8,36,300,0
2026-08-02 16:54:56,11.2,79.0,544248.0,35.0,51.21,10.61,0.01,0.01,147.2,36,299,0
2026-08-02 16:55:02,4.7,77.2,591598.67,35.0,41.23,22.65,0.03,0.02,4.98,36,299,0
2026-08-02 16:55:08,12.5,76.5,610713.33,35.1,323.3,333.61,0.02,0.01,141.05,36,299,0
2026-08-02 16:55:14,13.2,76.4,613302.67,35.3,1081.13,866.58,0.01,0.0,76.18,36,299,0
2026-08-02 16:55:20,26.6,73.9,676664.0,34.9,1001.94,1409.68,0.0,0.0,3.81,36,299,0
2026-08-02 16:55:26,8.7,73.2,693773.33,34.9,94.47,7.88,0.01,0.01,10.4,37,300,0
2026-08-02 16:55:32,7.4,73.7,681782.67,34.9,321.44,5.15,0.01,0.01,3.61,37,300,0
2026-08-02 16:55:38,4.2,73.8,678437.33,34.9,16.79,4.41,0.01,0.0,3.28,37,300,0
2026-08-02 16:55:44,10.8,74.3,667316.0,34.9,6.96,4.93,0.01,0.0,130.56,37,300,0
2026-08-02 16:55:51,4.5,74.1,671920.0,34.9,13.84,5.53,0.02,0.01,6.42,37,300,0
2026-08-02 16:55:57,33.9,74.6,657748.0,34.9,5.46,2.82,0.01,0.0,4.61,37,300,0
2026-08-02 16:56:03,5.5,74.9,650897.33,34.9,6.53,5.02,0.02,0.01,185.61,38,299,0
2026-08-02 16:56:09,5.1,73.9,675617.33,34.9,5.41,2.92,0.01,0.01,4.01,38,299,0
2026-08-02 16:56:15,6.3,74.0,673576.0,34.9,9.27,2.72,0.01,0.01,4.17,38,299,0
2026-08-02 16:56:21,6.2,74.2,670170.67,34.9,2.21,6.38,0.01,0.01,141.83,38,299,0
2026-08-02 16:56:27,10.9,74.2,668917.33,34.9,10.32,2.77,0.01,0.01,7.7,39,300,0
2026-08-02 16:56:33,11.9,74.0,674733.33,34.9,3.6,6.86,0.0,0.0,4.05,39,299,0
2026-08-02 16:56:39,8.0,73.9,676817.33,34.9,3.84,2.91,0.01,0.0,4.07,39,299,0
2026-08-02 16:56:45,4.7,74.0,673093.33,34.9,2.13,5.69,0.0,0.0,50.59,39,299,0
2026-08-02 16:56:51,8.0,78.4,560640.0,34.9,257.97,5.79,0.01,0.0,4.22,39,299,0
2026-08-02 16:56:57,10.5,78.4,559950.67,34.9,1.91,3.82,0.01,0.0,4.94,39,299,0
2026-08-02 16:57:03,7.5,79.4,534812.0,34.9,1.63,5.82,0.01,0.0,61.47,39,299,0
2026-08-02 16:57:09,8.1,79.3,537120.0,34.9,2.73,3.11,0.01,0.0,3.74,39,299,0
2026-08-02 16:57:15,5.7,79.5,532242.67,34.9,3.61,5.59,0.0,0.0,65.04,40,299,0
2026-08-02 16:57:21,8.4,79.6,529928.0,34.9,0.71,4.79,0.01,0.01,4.26,40,299,0
2026-08-02 16:57:27,10.9,79.4,535388.0,34.9,5.57,4.41,0.0,0.0,89.7,41,299,0
2026-08-02 16:57:33,7.7,79.6,529830.67,34.9,3.14,5.21,0.01,0.0,54.25,41,299,0
2026-08-02 16:57:39,6.9,79.8,524769.33,34.9,1.01,3.82,0.0,0.0,74.2,41,299,0
2026-08-02 16:57:46,17.4,79.8,523865.33,34.9,0.63,5.02,0.01,0.01,5.26,41,299,0
2026-08-02 16:57:52,6.5,79.1,541336.0,34.9,0.51,29.03,0.01,0.0,4.82,41,299,0
2026-08-02 16:57:58,8.0,78.8,548805.33,34.9,2.05,3.36,0.03,0.09,62.48,41,299,0
2026-08-02 16:58:04,5.4,79.0,544005.33,34.9,5.59,5.2,0.01,0.0,3.69,41,299,0
2026-08-02 16:58:10,5.8,79.0,545298.67,34.9,2.28,3.37,0.0,0.0,5.37,41,299,0
2026-08-02 16:58:16,9.7,79.2,538898.67,34.9,0.73,5.18,0.01,0.01,3.97,42,299,0
2026-08-02 16:58:22,32.8,80.0,519653.33,34.9,50.89,5.7,0.0,0.0,4.01,42,299,0
2026-08-02 16:58:28,7.8,81.1,490721.33,34.9,108.29,4.5,0.03,0.01,3.82,42,299,0
2026-08-02 16:58:34,30.5,80.7,501116.0,34.9,33.38,13.04,0.01,0.01,25.64,43,299,0
2026-08-02 16:58:40,5.5,81.7,474586.67,34.9,112.05,3.69,0.01,0.01,4.24,43,299,0
2026-08-02 16:58:46,9.3,80.8,498848.0,34.9,50.8,17.59,0.01,0.0,4.84,43,299,0
2026-08-02 16:58:52,8.9,80.5,505348.0,34.9,25.16,5.25,0.0,0.0,4.62,43,299,0
2026-08-02 16:58:58,12.6,81.0,493966.67,34.9,3.67,2.87,0.03,0.01,43.91,43,299,0
2026-08-02 16:59:04,5.2,80.9,494885.33,34.9,22.18,19.61,0.0,0.0,5.06,43,299,0
2026-08-02 16:59:10,5.4,81.0,492377.33,34.9,0.88,2.93,0.01,0.0,7.67,43,299,0
2026-08-02 16:59:16,5.2,81.1,491150.67,34.9,1.87,2.22,0.01,0.01,139.32,43,299,0
2026-08-02 16:59:22,4.3,81.2,486644.0,34.9,2.19,7.81,0.0,0.0,6.8,43,299,0
2026-08-02 16:59:28,9.4,81.0,491909.33,34.9,13.94,3.57,0.01,0.0,4.43,44,299,0
2026-08-02 16:59:34,9.9,80.5,505476.0,34.9,10.69,9.95,0.0,0.0,50.86,44,299,0
2026-08-02 16:59:40,5.1,80.7,500924.0,34.9,0.74,2.46,0.01,0.0,156.82,45,299,0
2026-08-02 16:59:46,6.8,80.8,498102.67,34.9,1.18,5.83,0.01,0.0,4.0,45,299,0
2026-08-02 16:59:52,6.8,81.0,493897.33,34.9,1.73,4.64,0.0,0.0,62.93,45,299,0
2026-08-02 16:59:58,5.6,80.5,504486.67,34.9,3.63,6.06,0.02,0.01,74.6,45,298,0
2026-08-02 17:00:04,7.1,80.8,497785.33,34.9,0.89,5.62,0.0,0.0,77.78,45,298,0
2026-08-02 17:00:11,17.9,81.0,494025.33,34.9,1.03,3.46,0.01,0.0,73.03,45,298,0
2026-08-02 17:00:17,5.5,80.9,496366.67,34.9,0.61,5.36,0.01,0.01,3.93,45,298,0
2026-08-02 17:00:23,4.5,80.9,495886.67,34.9,0.49,4.29,0.01,0.0,146.14,45,298,0
2026-08-02 17:00:29,4.9,80.7,500488.0,34.9,5.09,3.57,0.01,0.0,3.66,46,298,0
2026-08-02 17:00:35,5.4,80.8,497890.67,34.9,13.42,2.5,0.0,0.0,67.4,46,298,0
2026-08-02 17:00:41,5.7,81.0,491706.67,34.9,0.66,5.7,0.01,0.0,3.61,46,302,0
2026-08-02 17:00:47,7.4,81.1,489932.0,34.9,1.07,3.42,0.0,0.0,3.8,46,298,0
2026-08-02 17:00:53,11.1,80.9,495285.33,34.9,4.46,7.54,0.01,0.0,4.36,46,298,0
2026-08-02 17:00:59,4.7,80.5,505213.33,34.9,1.18,3.22,0.01,0.0,3.55,46,298,0
2026-08-02 17:01:05,9.9,80.6,503532.0,34.9,1.54,5.61,0.01,0.01,5.72,46,298,0
2026-08-02 17:01:11,6.1,80.7,499408.0,34.9,1.68,2.93,0.01,0.0,16.87,47,298,0
2026-08-02 17:01:17,3.6,81.1,490634.67,34.9,1.27,6.12,0.0,0.0,4.33,47,298,0
2026-08-02 17:01:23,10.0,80.9,495048.0,34.9,7.0,5.98,0.01,0.01,4.6,47,298,0
2026-08-02 17:01:29,9.1,80.9,496084.0,34.9,11.16,2.7,0.0,0.01,50.82,48,298,0
2026-08-02 17:01:35,4.0,80.9,495396.0,34.9,7.96,6.04,0.01,0.0,11.17,48,298,0
2026-08-02 17:01:41,3.3,81.0,492309.33,34.9,2.71,3.42,0.01,0.0,8.48,48,298,0
2026-08-02 17:01:47,7.3,81.2,488238.67,34.9,21.01,7.85,0.0,0.0,156.6,48,298,0
2026-08-02 17:01:53,4.0,81.3,484877.33,34.9,47.01,4.32,0.01,0.0,3.62,48,301,0
2026-08-02 17:01:59,11.2,81.3,484317.33,34.9,31.67,5.2,0.03,0.02,77.05,48,298,0
2026-08-02 17:02:05,2.0,81.5,479117.33,34.9,86.76,4.55,0.01,0.0,168.26,48,298,0
2026-08-02 17:02:12,2.7,81.5,479236.0,34.9,89.83,8.75,0.0,0.0,3.6,48,298,0
2026-08-02 17:02:18,12.0,82.5,453450.67,34.9,1.89,2.47,0.02,0.01,58.97,49,298,0
2026-08-02 17:02:24,4.9,82.4,455898.67,34.9,46.32,2.73,0.01,0.0,95.27,49,298,0
2026-08-02 17:02:30,8.7,82.5,453106.67,34.9,8.96,5.95,0.0,0.0,4.03,49,304,0
2026-08-02 17:02:36,7.2,80.7,500224.0,34.9,28.78,2.51,0.01,0.01,36.41,49,298,0
2026-08-02 17:02:42,4.7,80.7,499238.67,34.9,2.37,9.45,0.0,0.0,3.5,49,298,0
2026-08-02 17:02:48,7.0,80.8,497592.0,34.9,3.18,2.6,0.01,0.0,11.82,50,298,0
2026-08-02 17:02:54,5.4,79.9,522344.0,34.9,1.67,15.81,0.01,0.0,3.14,50,298,0
2026-08-02 17:03:00,2.1,80.0,519354.67,34.9,2.02,5.7,0.03,0.1,3.75,50,298,0
2026-08-02 17:03:06,6.3,80.0,518012.0,34.9,2.77,5.39,0.01,0.0,53.62,50,298,0
2026-08-02 17:03:12,7.7,79.9,522134.67,34.9,3.95,6.6,0.01,0.0,3.66,50,298,0
2026-08-02 17:03:18,3.8,79.7,525489.33,34.9,2.33,3.51,0.01,0.01,65.87,50,298,0
2026-08-02 17:03:24,3.4,79.8,523089.33,34.9,1.2,2.77,0.01,0.01,156.81,51,298,0
2026-08-02 17:03:30,12.5,80.8,497869.33,34.9,64.63,5.25,0.03,0.15,4.02,51,298,0
2026-08-02 17:03:36,6.1,84.2,410618.67,34.9,223.35,5.77,0.03,0.12,68.82,51,298,0
2026-08-02 17:03:42,7.6,84.0,416092.0,34.9,1.46,6.09,0.0,0.0,90.48,51,298,0
2026-08-02 17:03:48,10.8,85.8,368461.33,34.9,28.59,5.73,0.01,0.01,74.47,51,298,0
2026-08-02 17:03:55,4.0,85.8,368258.67,34.9,70.4,3.69,0.0,0.0,70.46,51,298,0
2026-08-02 17:04:01,4.6,85.8,368042.67,34.9,76.12,10.17,0.02,0.01,3.48,51,298,0
2026-08-02 17:04:07,4.7,85.6,374674.67,34.9,44.83,3.76,0.01,0.01,72.7,52,298,0
2026-08-02 17:04:13,4.7,83.8,420825.33,34.9,29.23,15.05,0.0,0.0,4.55,52,298,0
2026-08-02 17:04:19,6.1,84.0,413932.0,34.9,6.36,4.88,0.02,0.08,106.12,52,298,0
2026-08-02 17:04:25,6.9,84.5,402418.67,34.9,25.8,30.72,0.0,0.01,4.3,53,298,0
2026-08-02 17:04:31,4.9,83.3,432468.0,34.9,2.66,5.71,0.01,0.0,18.88,53,298,0
2026-08-02 17:04:37,2.9,82.4,457028.0,34.9,1.45,3.41,0.0,0.0,76.01,53,298,0
2026-08-02 17:04:43,12.4,82.4,456336.0,34.9,19.45,5.29,0.01,0.0,4.9,53,299,0
2026-08-02 17:04:49,2.7,82.6,451545.33,34.9,12.83,4.65,0.01,0.0,3.63,53,298,0
2026-08-02 17:04:55,9.2,82.6,452122.67,34.9,1.37,3.12,0.0,0.0,4.39,53,298,0
2026-08-02 17:05:01,4.0,82.5,454713.33,34.9,12.88,2.48,0.03,0.02,4.16,53,298,0
2026-08-02 17:05:07,9.1,83.7,423836.0,34.9,14.92,5.19,0.01,0.01,4.38,53,298,0
2026-08-02 17:05:13,6.0,83.9,418314.67,34.9,11.45,3.04,0.01,0.01,4.21,53,298,0
2026-08-02 17:05:19,5.1,84.1,411258.67,34.9,1.09,4.96,0.01,0.0,34.34,54,298,0
2026-08-02 17:05:25,5.3,84.1,411829.33,34.9,2.89,3.92,0.0,0.0,5.56,54,298,0
2026-08-02 17:05:31,6.1,83.9,416522.67,34.9,1.48,4.75,0.02,0.01,3.61,54,298,0
2026-08-02 17:05:37,3.7,83.8,420988.0,34.9,6.72,5.17,0.0,0.01,4.75,54,298,0
2026-08-02 17:05:43,3.8,83.8,419409.33,34.9,0.38,2.27,0.01,0.0,4.21,54,298,0
2026-08-02 17:05:49,3.3,83.9,417716.0,34.9,0.7,5.01,0.0,0.0,4.36,54,298,0
2026-08-02 17:05:55,4.4,84.0,415614.67,34.9,0.47,7.3,0.01,0.0,26.79,54,298,0
2026-08-02 17:06:01,5.2,84.7,396086.67,34.9,102.26,7.34,0.03,0.01,75.19,55,298,0
2026-08-02 17:06:07,6.5,84.8,394817.33,34.9,2.62,2.81,0.01,0.01,4.65,55,298,0
2026-08-02 17:06:13,8.3,84.3,407340.0,34.9,2.06,5.59,0.01,0.0,4.21,55,298,0
2026-08-02 17:06:19,11.8,84.1,411188.0,34.9,24.02,24.49,0.02,0.02,3.38,55,298,0
2026-08-02 17:06:25,12.4,84.2,409966.67,34.9,4.17,7.86,0.01,0.0,22.63,56,297,0
2026-08-02 17:06:31,9.3,84.2,409774.67,34.9,10.62,3.56,0.03,0.02,11.9,56,297,0
2026-08-02 17:06:37,4.5,84.2,410208.0,34.9,1.01,3.11,0.01,0.0,4.69,56,297,0
2026-08-02 17:06:44,7.1,83.6,425053.33,34.9,2.91,10.54,0.01,0.0,5.86,56,297,0
2026-08-02 17:06:50,3.7,83.4,430677.33,34.9,1.31,2.35,0.01,0.0,3.82,56,297,0
2026-08-02 17:06:56,4.7,83.6,424089.33,34.9,0.46,8.93,0.01,0.0,4.37,56,297,0
2026-08-02 17:07:02,5.2,83.9,418220.0,34.9,16.31,14.93,0.02,0.01,113.78,56,297,0
2026-08-02 17:07:08,1.3,83.8,418910.67,34.9,13.34,3.38,0.01,0.0,3.95,56,297,0
2026-08-02 17:07:14,2.2,84.0,415160.0,34.9,0.75,5.62,0.01,0.0,5.64,57,297,0
2026-08-02 17:07:20,7.6,84.0,415672.0,34.9,1.55,2.25,0.0,0.0,3.74,57,297,0
2026-08-02 17:07:26,2.7,84.0,414828.0,34.9,3.7,8.33,0.01,0.01,6.12,57,297,0
2026-08-02 17:07:32,4.9,84.1,413428.0,34.9,0.64,3.62,0.0,0.0,29.1,57,297,0
2026-08-02 17:07:38,2.9,84.0,415500.0,34.9,1.3,6.99,0.01,0.0,5.08,57,297,0
2026-08-02 17:07:44,2.9,83.8,420113.33,34.9,0.27,2.44,0.0,0.0,62.52,57,297,0
2026-08-02 17:07:50,3.4,84.0,414988.0,34.9,1.46,6.32,0.01,0.0,4.79,57,297,0
2026-08-02 17:07:56,9.1,80.8,497618.67,34.9,2.87,4.54,0.01,0.0,4.41,58,297,0
2026-08-02 17:08:02,2.7,80.7,499314.67,34.9,1.25,2.34,0.03,0.1,3.88,58,297,0
2026-08-02 17:08:08,7.8,80.7,499278.67,34.9,1.8,6.51,0.02,0.01,4.41,58,297,0
2026-08-02 17:08:14,5.0,81.6,476813.33,34.9,0.78,6.05,0.0,0.0,29.84,58,297,0
2026-08-02 17:08:20,15.7,82.5,453764.0,34.9,1.2,4.44,0.01,0.01,4.65,58,297,0
2026-08-02 17:08:26,8.7,82.3,459321.33,34.9,30.02,3.32,0.05,0.07,9.23,59,297,0
2026-08-02 17:08:32,4.7,82.3,459872.0,34.9,5.95,4.35,0.0,0.02,3.57,59,297,0
2026-08-02 17:08:38,20.6,83.0,441602.67,34.9,4.12,5.82,0.01,0.0,4.85,59,297,0
2026-08-02 17:08:44,3.4,81.7,475584.0,34.9,0.96,11.43,0.0,0.0,4.47,59,297,0
2026-08-02 17:08:50,12.2,81.9,470674.67,34.9,0.49,5.8,0.01,0.0,5.28,59,297,0
2026-08-02 17:08:56,2.6,81.8,472082.67,34.9,1.02,2.8,0.0,0.0,4.44,59,297,0
2026-08-02 17:09:02,2.9,81.8,472196.0,34.9,3.12,3.31,0.02,0.05,4.44,59,297,0
2026-08-02 17:09:08,4.3,81.8,473032.0,34.9,0.93,5.94,0.01,0.0,3.48,59,297,0
2026-08-02 17:09:14,3.0,81.6,476272.0,34.9,9.63,6.94,0.01,0.0,3.33,60,297,0
2026-08-02 17:09:20,4.4,81.7,475361.33,34.9,0.52,5.09,0.01,0.0,3.89,60,297,0
2026-08-02 17:09:26,0.4,81.8,472921.33,34.9,1.76,2.33,0.01,0.0,3.29,60,297,0
2026-08-02 17:09:32,3.2,82.0,466132.0,34.9,9.01,5.18,0.01,0.01,3.63,60,298,0
2026-08-02 17:09:38,1.4,81.9,468369.33,34.9,0.45,2.74,0.01,0.01,3.96,60,298,0
2026-08-02 17:09:44,3.9,82.0,467144.0,34.9,1.35,2.36,0.01,0.01,6.06,60,298,0
2026-08-02 17:09:50,3.8,81.8,471336.0,34.9,0.19,8.83,0.01,0.0,4.32,60,298,0
2026-08-02 17:09:56,1.4,81.8,471696.0,34.9,1.16,2.62,0.0,0.0,264.6,61,298,0
2026-08-02 17:10:03,3.4,81.8,472345.33,34.9,0.99,6.29,0.03,0.02,4.98,61,298,0
2026-08-02 17:10:09,0.9,81.9,469576.0,34.9,0.5,2.69,0.0,0.0,273.8,61,298,0
2026-08-02 17:10:15,0.7,82.0,466722.67,34.9,0.35,6.66,0.01,0.0,4.12,61,298,0
2026-08-02 17:10:21,8.8,82.3,459756.0,34.9,9.57,4.96,0.01,0.01,4.73,61,300,0
2026-08-02 17:10:27,2.0,81.8,471401.33,34.9,3.31,7.07,0.01,0.0,4.06,62,300,0
2026-08-02 17:10:33,1.9,82.0,465994.67,34.9,1.77,6.7,0.01,0.0,122.56,62,299,0
2026-08-02 17:10:39,9.1,82.4,456777.33,34.9,2.68,2.64,0.0,0.0,8.47,62,299,0
2026-08-02 17:10:45,4.8,82.3,458370.67,34.9,1.03,5.01,0.01,0.0,3.61,62,299,0
2026-08-02 17:10:51,8.8,82.6,450000.0,34.9,0.26,6.22,0.01,0.0,3.46,62,299,0
2026-08-02 17:10:57,13.3,82.7,448808.0,34.9,14.81,2.12,0.02,0.02,3.87,62,299,0
2026-08-02 17:11:03,4.4,82.7,449061.33,34.9,0.33,4.68,0.01,0.01,10.73,62,299,0
2026-08-02 17:11:09,1.8,82.6,450397.33,34.9,0.55,2.77,0.01,0.01,4.29,62,299,0
2026-08-02 17:11:15,8.5,82.7,448802.67,34.9,0.87,2.46,0.01,0.0,3.62,62,299,0
2026-08-02 17:11:21,7.8,82.7,447745.33,34.9,0.61,4.98,0.0,0.0,4.59,63,299,0
2026-08-02 17:11:27,10.4,83.3,433848.0,34.9,57.66,15.62,0.03,0.05,7.57,63,300,0
2026-08-02 17:11:33,9.7,83.2,434701.33,34.9,27.98,5.07,0.01,0.0,3.65,63,300,0
2026-08-02 17:11:39,3.0,83.2,435721.33,34.9,31.11,5.41,0.0,0.0,61.37,63,299,0
2026-08-02 17:11:45,4.4,83.3,433832.0,34.9,13.0,3.54,0.02,0.01,3.77,63,299,0
2026-08-02 17:11:51,4.2,83.4,431149.33,34.9,0.45,5.09,0.0,0.0,65.39,63,299,0
2026-08-02 17:11:57,5.7,83.3,432909.33,34.9,19.86,5.0,0.03,0.02,4.11,63,299,0
2026-08-02 17:12:03,5.2,83.2,435085.33,34.9,43.61,5.24,0.03,0.02,4.39,64,299,0
2026-08-02 17:12:09,8.7,83.4,431576.0,34.9,38.23,28.75,0.03,0.02,4.41,64,299,0
2026-08-02 17:12:15,3.7,83.3,433904.0,34.9,59.69,3.63,0.02,0.01,42.04,64,299,0
2026-08-02 17:12:21,4.8,83.4,430380.0,34.9,15.91,7.92,0.01,0.01,14.1,64,299,0
2026-08-02 17:12:27,2.4,83.3,432578.67,34.9,42.67,2.84,0.03,0.02,148.47,65,299,0
2026-08-02 17:12:34,6.2,83.4,430620.0,34.9,18.88,10.45,0.08,1.71,4.73,65,299,0
2026-08-02 17:12:40,5.5,83.4,429614.67,34.9,50.14,2.71,0.01,0.0,7.96,65,299,0
2026-08-02 17:12:46,6.6,83.5,426728.0,34.9,32.65,2.4,0.01,0.0,44.58,65,299,0
2026-08-02 17:12:52,10.3,83.5,428436.0,34.9,17.38,7.46,0.0,0.0,5.19,65,299,0
2026-08-02 17:12:58,11.7,81.1,490016.0,34.9,20.6,12.06,0.02,0.01,146.81,65,299,0
2026-08-02 17:13:04,4.3,81.2,487406.67,34.9,1.59,6.95,0.02,0.09,3.69,65,299,0
2026-08-02 17:13:10,4.8,81.6,477073.33,34.9,1.06,5.66,0.01,0.0,3.78,65,299,0
2026-08-02 17:13:16,11.4,81.8,472170.67,34.9,0.66,6.83,0.0,0.0,4.03,65,299,0
2026-08-02 17:13:22,7.4,81.6,477193.33,34.9,0.5,2.88,0.01,0.0,124.89,65,299,0
2026-08-02 17:13:28,4.5,81.5,478934.67,34.9,0.41,5.75,0.01,0.0,4.2,66,299,0
2026-08-02 17:13:34,4.6,81.4,482062.67,34.9,0.41,3.91,0.0,0.0,68.46,66,299,0
2026-08-02 17:13:40,8.1,81.4,483126.67,34.9,1.0,5.41,0.01,0.0,3.46,66,299,0
2026-08-02 17:13:46,18.2,81.6,478114.67,34.9,0.12,5.82,0.0,0.01,4.26,66,299,0
2026-08-02 17:13:52,7.9,81.6,477690.67,34.9,0.09,2.86,0.01,0.0,5.03,66,305,0
2026-08-02 17:13:58,12.2,82.3,458524.0,34.9,0.6,5.72,0.03,0.02,44.94,66,299,0
2026-08-02 17:14:04,6.2,81.6,476657.33,34.9,0.33,3.25,0.01,0.0,4.26,66,299,0
2026-08-02 17:14:10,6.1,81.4,481569.33,34.9,0.24,5.43,0.01,0.01,4.54,67,299,0
2026-08-02 17:14:16,7.2,81.5,479686.67,34.9,0.69,5.19,0.0,0.0,50.06,67,298,0
2026-08-02 17:14:22,12.1,81.5,478534.67,34.9,0.5,2.72,0.01,0.01,77.38,67,298,0
2026-08-02 17:14:28,8.0,81.5,479609.33,34.9,0.46,5.87,0.0,0.0,4.08,67,298,0
2026-08-02 17:14:34,6.1,81.4,483102.67,34.9,0.5,2.54,0.01,0.0,61.58,67,298,0
2026-08-02 17:14:41,8.0,81.4,482112.0,34.9,0.39,6.13,0.01,0.0,3.46,67,298,0
2026-08-02 17:14:47,6.0,81.7,475053.33,34.9,1.48,5.31,0.0,0.0,4.37,68,298,0
2026-08-02 17:14:53,6.8,81.4,481124.0,34.9,0.16,3.95,0.01,0.0,3.34,68,298,0
2026-08-02 17:14:59,13.3,81.6,476086.67,34.9,1.23,4.74,0.02,0.01,6.94,68,298,0
2026-08-02 17:15:05,14.0,81.6,478050.67,34.9,0.19,2.93,0.01,0.0,4.07,68,298,0
2026-08-02 17:15:11,8.9,81.4,482296.0,34.9,0.31,4.27,0.01,0.01,4.41,68,298,0
2026-08-02 17:15:17,7.0,81.4,481672.0,34.9,0.28,2.25,0.0,0.0,3.68,68,298,0
2026-08-02 17:15:23,6.4,81.4,483514.67,34.9,0.23,8.17,0.01,0.0,6.75,68,298,0
2026-08-02 17:15:29,6.4,81.3,486000.0,34.9,0.17,2.71,0.0,0.0,4.81,68,298,0
2026-08-02 17:15:35,5.3,81.3,485518.67,34.9,0.23,4.74,0.01,0.0,3.68,68,298,0
2026-08-02 17:15:41,6.6,81.4,483329.33,34.9,0.09,7.21,0.0,0.0,50.31,68,304,0
2026-08-02 17:15:47,12.7,81.4,482361.33,34.9,0.24,5.26,0.01,0.0,4.21,69,298,0
2026-08-02 17:15:53,4.5,81.4,482432.0,34.9,0.88,3.16,0.03,0.02,3.7,69,298,0
2026-08-02 17:15:59,5.4,81.4,483262.67,34.9,0.71,2.86,0.03,0.01,37.57,69,298,0
2026-08-02 17:16:05,12.1,81.3,483745.33,34.9,7.02,5.84,0.01,0.01,3.69,69,298,0
2026-08-02 17:16:11,6.1,81.3,486130.67,34.9,0.83,6.6,0.0,0.01,65.7,69,298,0
2026-08-02 17:16:17,7.6,81.5,478596.0,34.9,1.22,5.98,0.01,0.0,4.38,69,304,0
2026-08-02 17:16:23,10.6,81.6,478240.0,34.9,2.45,4.3,0.01,0.01,8.56,69,298,0
2026-08-02 17:16:29,6.7,81.3,483857.33,34.9,0.34,5.14,0.01,0.0,3.94,70,298,0
2026-08-02 17:16:35,5.1,81.2,486954.67,34.9,1.41,3.53,0.01,0.0,40.4,70,298,0
2026-08-02 17:16:41,9.3,81.4,482238.67,34.9,0.81,9.34,0.0,0.0,4.58,70,298,0
2026-08-02 17:16:47,6.2,81.3,486054.67,34.9,0.85,4.19,0.01,0.0,59.34,70,298,0
2026-08-02 17:16:53,8.3,81.4,483034.67,34.9,0.34,5.0,0.0,0.0,5.01,70,298,0
2026-08-02 17:16:59,11.4,81.3,484230.67,34.9,0.89,2.33,0.03,0.02,66.77,70,298,0
2026-08-02 17:17:05,6.7,81.3,484694.67,34.9,0.5,6.6,0.01,0.0,4.73,70,298,0
2026-08-02 17:17:11,7.1,81.5,480506.67,34.9,1.25,5.25,0.0,0.0,4.8,70,298,0
2026-08-02 17:17:17,9.7,81.3,484070.67,34.9,0.17,6.4,0.01,0.0,51.31,70,298,0
2026-08-02 17:17:23,5.0,81.4,482433.33,34.9,0.62,2.43,0.0,0.0,155.3,71,298,0
2026-08-02 17:17:30,9.5,81.4,482070.67,34.9,0.38,7.46,0.01,0.01,6.94,71,298,0
2026-08-02 17:17:36,7.5,81.2,487920.0,34.9,0.86,5.36,0.01,0.0,3.8,71,298,0
2026-08-02 17:17:42,7.8,81.6,477004.0,34.9,5.73,4.31,0.01,0.01,134.69,71,298,0
2026-08-02 17:17:48,4.9,81.5,480697.33,34.9,6.95,4.66,0.01,0.0,4.14,71,298,0
2026-08-02 17:17:54,8.9,80.4,507492.0,34.9,0.93,15.54,0.0,0.0,64.34,71,298,0
2026-08-02 17:18:00,7.6,80.7,501425.33,34.9,0.99,3.46,0.04,0.11,3.94,71,298,0
2026-08-02 17:18:06,7.2,80.8,498638.67,34.9,0.07,8.16,0.0,0.0,3.51,71,298,0
2026-08-02 17:18:12,11.1,80.8,496905.33,34.9,0.36,4.36,0.01,0.0,4.16,72,298,0
2026-08-02 17:18:18,7.9,80.9,495674.67,34.9,0.39,5.71,0.01,0.0,129.11,72,298,0
2026-08-02 17:18:24,2.7,80.6,503036.0,34.9,18.5,3.26,0.01,0.01,3.81,72,298,0
2026-08-02 17:18:30,31.4,83.9,417226.67,34.9,53.72,8.11,0.02,0.12,230.06,72,301,0
2026-08-02 17:18:36,4.0,84.2,409526.67,34.9,33.69,5.99,0.03,0.16,144.43,72,301,0
2026-08-02 17:18:42,10.1,84.7,396094.67,34.9,6.35,6.2,0.01,0.01,3.48,73,301,0
2026-08-02 17:18:48,5.5,83.6,426548.0,34.9,30.2,8.96,0.01,0.03,3.97,73,301,0
2026-08-02 17:18:54,3.9,83.7,423564.0,34.9,0.24,5.11,0.0,0.0,4.67,73,301,0
2026-08-02 17:19:00,4.2,83.6,424325.33,34.9,0.58,2.46,0.02,0.01,3.65,73,301,0
2026-08-02 17:19:06,5.2,82.2,460937.33,34.9,1.22,6.44,0.0,0.0,3.93,73,301,0
2026-08-02 17:19:12,6.7,82.8,446844.0,34.9,90.68,11.99,0.02,0.02,4.31,73,305,0
2026-08-02 17:19:18,9.6,83.0,440984.0,34.9,0.46,6.76,0.0,0.0,3.49,73,305,0
2026-08-02 17:19:24,11.1,83.1,438658.67,34.9,0.47,2.73,0.01,0.0,17.41,73,305,0
2026-08-02 17:19:31,2.5,82.4,456113.33,34.9,3.71,9.82,0.01,0.0,75.38,73,303,0
2026-08-02 17:19:37,3.5,82.5,452696.0,34.9,3.25,26.85,0.01,0.02,4.68,73,303,0
2026-08-02 17:19:43,3.9,82.7,448668.0,34.9,1.16,6.67,0.01,0.0,146.27,73,302,0
2026-08-02 17:19:49,8.4,82.4,457316.0,34.9,54.12,3.75,0.0,0.01,4.91,73,302,0
2026-08-02 17:19:55,10.0,82.7,447805.33,34.9,0.56,4.93,0.01,0.01,63.69,74,302,0
2026-08-02 17:20:01,16.3,83.2,435838.67,34.9,1.28,4.72,0.06,0.04,4.22,74,300,0
2026-08-02 17:20:07,5.9,83.5,427518.67,34.9,4.09,3.82,0.02,0.02,4.41,74,300,0
2026-08-02 17:20:13,24.3,85.0,389430.67,34.9,81.43,5.99,0.01,0.0,4.1,74,300,0
2026-08-02 17:20:19,2.9,86.8,341524.0,34.9,124.46,2.52,0.01,0.01,3.41,74,301,0
2026-08-02 17:20:25,10.2,85.5,376376.0,34.9,39.83,6.5,0.03,0.01,33.94,74,301,0
2026-08-02 17:20:31,4.5,85.6,374460.0,34.9,2.21,6.38,0.0,0.02,156.91,74,301,0
2026-08-02 17:20:37,3.2,85.8,367298.67,34.9,0.73,3.84,0.01,0.0,75.06,75,301,0
2026-08-02 17:20:43,4.6,86.2,356908.0,34.9,0.56,5.56,0.01,0.0,4.03,75,301,0
2026-08-02 17:20:49,5.6,85.4,379366.67,34.9,0.41,5.38,0.0,0.0,4.03,75,300,0
2026-08-02 17:20:55,1.0,85.1,386729.33,34.9,0.14,5.9,0.01,0.0,57.71,75,300,0
2026-08-02 17:21:01,2.9,85.3,380760.0,34.9,1.39,2.7,0.02,0.01,3.52,75,300,0
2026-08-02 17:21:07,6.4,85.4,379209.33,34.9,0.3,2.93,0.01,0.01,7.28,75,300,0
2026-08-02 17:21:13,7.1,85.6,374120.0,34.9,0.68,5.79,0.02,0.01,3.57,75,300,0
2026-08-02 17:21:19,2.2,85.3,381010.67,34.9,0.45,4.91,0.01,0.0,51.15,75,300,0
2026-08-02 17:21:25,2.0,85.4,379433.33,34.9,0.92,5.62,0.02,0.03,3.8,76,299,0
2026-08-02 17:21:31,7.4,85.5,375382.67,34.9,4.42,2.91,0.01,0.01,140.37,76,300,0
2026-08-02 17:21:38,3.5,85.4,377690.67,34.9,5.89,6.92,0.01,0.0,4.16,76,300,0
2026-08-02 17:21:44,7.2,84.6,398374.67,34.9,0.86,13.13,0.01,0.01,4.53,76,300,0
2026-08-02 17:21:50,6.5,84.7,398005.33,34.9,0.2,7.08,0.01,0.0,55.07,76,300,0
2026-08-02 17:21:56,2.1,84.6,399228.0,34.9,0.21,5.16,0.02,0.01,3.99,76,300,0
2026-08-02 17:22:02,2.5,84.5,402660.0,34.9,1.18,3.11,0.03,0.01,4.49,76,300,0
2026-08-02 17:22:08,2.7,84.8,394185.33,34.9,7.81,6.4,0.01,0.0,3.65,76,300,0
2026-08-02 17:22:14,2.7,85.0,387888.0,34.9,0.12,3.4,0.0,0.0,46.62,76,300,0
2026-08-02 17:22:20,8.5,85.0,389916.0,34.9,0.13,7.91,0.01,0.0,3.29,76,300,0
2026-08-02 17:22:26,12.5,85.2,383965.33,34.9,0.55,4.06,0.02,0.01,61.78,77,300,0
2026-08-02 17:22:32,9.1,85.3,382280.0,34.9,2.31,5.24,0.01,0.0,4.1,77,300,0
2026-08-02 17:22:38,2.6,85.3,382089.33,34.9,0.49,3.77,0.01,0.0,61.63,77,299,0
2026-08-02 17:22:44,2.3,85.3,380154.67,34.9,2.06,5.13,0.0,0.0,4.62,77,299,0
2026-08-02 17:22:50,4.3,85.1,385501.33,34.9,0.5,5.82,0.01,0.0,66.56,77,299,0
2026-08-02 17:22:56,9.0,83.3,433225.33,34.9,0.39,9.59,0.0,0.0,9.81,77,299,0
2026-08-02 17:23:02,3.6,83.5,428076.0,34.9,1.54,2.61,0.03,0.09,55.45,77,299,0
2026-08-02 17:23:08,1.2,83.7,423128.0,34.9,0.94,5.36,0.01,0.01,75.91,77,299,0
2026-08-02 17:23:14,3.5,83.6,424117.33,34.9,0.59,5.2,0.01,0.0,76.45,77,299,0
2026-08-02 17:23:20,1.4,83.6,424757.33,34.9,0.27,6.95,0.01,0.0,76.78,77,299,0
2026-08-02 17:23:26,6.7,83.5,428445.33,34.9,0.47,4.59,0.0,0.0,4.06,78,299,0
2026-08-02 17:23:32,5.3,83.6,425145.33,34.9,1.25,4.83,0.01,0.01,64.79,78,300,0
2026-08-02 17:23:39,1.4,83.6,425110.67,34.9,0.32,5.18,0.0,0.01,4.76,78,300,0
2026-08-02 17:23:45,3.0,83.4,429308.0,34.9,0.11,2.77,0.01,0.0,64.84,78,300,0
2026-08-02 17:23:51,1.4,83.6,426302.67,34.9,1.16,7.67,0.01,0.0,44.96,78,299,0
2026-08-02 17:23:57,3.2,83.4,429669.33,34.9,0.12,3.75,0.0,0.0,3.77,78,299,0
2026-08-02 17:24:03,6.0,83.8,420852.0,34.9,3.81,5.35,0.04,0.02,13.12,78,299,0
2026-08-02 17:24:09,6.8,84.1,413145.33,34.9,0.03,2.7,0.0,0.0,3.95,78,299,0
2026-08-02 17:24:15,2.2,84.0,414364.0,34.9,0.25,5.92,0.01,0.0,7.03,78,299,0
2026-08-02 17:24:21,2.7,84.0,415236.0,34.9,1.19,5.53,0.0,0.01,3.45,78,299,0
2026-08-02 17:24:27,3.1,84.0,414173.33,34.9,0.07,3.98,0.01,0.01,123.09,79,299,0
2026-08-02 17:24:33,3.9,84.0,414658.67,34.9,1.0,5.22,0.01,0.0,3.98,79,299,0
2026-08-02 17:24:39,3.0,83.9,416956.0,34.9,0.12,1.62,0.0,0.0,4.48,79,299,0
2026-08-02 17:24:45,7.4,83.8,419334.67,34.9,0.12,2.49,0.01,0.0,6.07,79,299,0
2026-08-02 17:24:51,1.4,84.1,413226.67,34.9,1.52,4.95,0.01,0.02,4.03,79,299,0
2026-08-02 17:24:57,1.6,84.0,416180.0,34.9,0.33,5.52,0.01,0.0,29.45,79,299,0
2026-08-02 17:25:03,5.1,83.9,416861.33,34.9,0.48,3.08,0.01,0.01,70.05,79,299,0
2026-08-02 17:25:09,5.8,84.0,414106.67,34.9,0.17,6.26,0.02,0.01,4.49,79,299,0
2026-08-02 17:25:15,3.3,84.0,415990.67,34.9,0.29,2.35,0.01,0.0,69.88,79,298,0
2026-08-02 17:25:21,6.4,83.9,417500.0,34.9,0.06,5.75,0.0,0.0,4.3,79,298,0
2026-08-02 17:25:27,10.9,83.9,416522.67,34.9,7.66,7.0,0.01,0.0,30.83,80,299,0
2026-08-02 17:25:33,2.5,83.8,420822.67,34.9,1.58,3.25,0.0,0.0,4.47,80,298,0
2026-08-02 17:25:39,5.0,83.8,419086.67,34.9,0.51,6.18,0.01,0.0,65.16,80,298,0
2026-08-02 17:25:45,2.6,83.8,419738.67,34.9,1.18,2.37,0.0,0.0,5.27,80,298,0
2026-08-02 17:25:51,1.6,83.8,419173.33,34.9,0.88,5.11,0.01,0.0,3.78,80,298,0
2026-08-02 17:25:57,8.6,84.1,412562.67,34.9,0.38,4.8,0.02,0.01,58.28,80,298,0
2026-08-02 17:26:03,4.4,84.0,414020.0,34.9,0.46,5.18,0.0,0.0,4.77,80,298,0
2026-08-02 17:26:09,5.6,84.0,415994.67,34.9,0.51,6.55,0.01,0.01,63.59,80,298,0
2026-08-02 17:26:16,8.0,84.0,416130.67,34.9,0.2,4.97,0.0,0.0,4.1,80,298,0
2026-08-02 17:26:22,2.7,84.1,413257.33,34.9,0.21,8.07,0.01,0.01,4.04,80,298,0
2026-08-02 17:26:28,2.6,84.1,411052.0,34.9,0.32,16.83,0.02,0.02,53.95,81,299,0
2026-08-02 17:26:34,8.9,84.1,412784.0,34.9,1.64,6.36,0.0,0.0,177.01,81,298,0
2026-08-02 17:26:40,4.2,84.1,412634.67,34.9,0.55,2.78,0.01,0.0,4.32,81,298,0
2026-08-02 17:26:46,3.8,84.2,410905.33,34.9,0.12,5.05,0.0,0.0,3.81,81,298,0
2026-08-02 17:26:52,1.2,84.3,407696.0,34.9,0.05,4.47,0.01,0.0,113.07,81,298,0
2026-08-02 17:26:58,2.3,83.6,424449.33,34.9,0.72,3.96,0.01,0.0,6.2,81,298,0
2026-08-02 17:27:04,1.3,84.0,416026.67,34.9,0.28,5.1,0.01,0.0,3.64,81,298,0
2026-08-02 17:27:10,8.1,84.1,413622.67,34.9,0.15,3.71,0.01,0.0,5.5,81,298,0
2026-08-02 17:27:16,3.8,84.2,408754.67,34.9,0.06,4.9,0.0,0.0,43.78,81,298,0
2026-08-02 17:27:22,3.5,84.3,407317.33,34.9,7.36,4.79,0.01,0.0,4.2,81,304,0
2026-08-02 17:27:28,7.1,84.4,403996.0,34.9,1.11,4.26,0.02,0.02,4.19,82,302,0
2026-08-02 17:27:34,3.0,84.5,402312.0,34.9,0.27,5.08,0.01,0.0,4.15,82,302,0
2026-08-02 17:27:40,6.7,84.3,406997.33,34.9,0.3,3.6,0.0,0.0,6.1,82,298,0
2026-08-02 17:27:46,5.4,84.2,409685.33,34.9,0.2,4.98,0.01,0.0,3.74,82,298,0
2026-08-02 17:27:52,2.5,84.2,409789.33,34.9,0.0,5.64,0.01,0.0,4.77,82,298,0
2026-08-02 17:27:58,3.1,83.1,437417.33,34.9,0.71,8.3,0.02,0.01,20.08,82,298,0
2026-08-02 17:28:04,2.9,83.4,430636.0,34.9,0.38,5.3,0.02,0.09,3.79,82,298,0
2026-08-02 17:28:10,4.6,83.4,430638.67,34.9,0.28,3.66,0.0,0.0,3.94,82,298,0
2026-08-02 17:28:16,6.3,83.1,439408.0,34.9,0.07,4.82,0.01,0.0,4.56,82,298,0
2026-08-02 17:28:22,8.6,83.1,437073.33,34.9,0.06,5.29,0.01,0.0,3.92,82,298,0
2026-08-02 17:28:28,2.5,83.3,431905.33,34.9,0.18,3.18,0.01,0.01,4.16,82,298,0
2026-08-02 17:28:34,4.3,83.3,434125.33,34.9,0.23,3.03,0.01,0.0,3.87,83,298,0
2026-08-02 17:28:40,4.2,84.0,415980.0,34.9,0.48,5.87,0.0,0.0,6.5,83,298,0
2026-08-02 17:28:46,5.2,83.0,442060.0,34.9,0.34,5.47,0.01,0.0,4.27,83,298,0
2026-08-02 17:28:52,11.5,83.5,429012.0,34.9,0.48,2.98,0.01,0.01,4.23,83,298,0
2026-08-02 17:28:58,9.2,83.4,430496.0,34.9,1.39,6.0,0.02,0.01,4.53,83,298,0
2026-08-02 17:29:04,5.1,82.7,448385.33,34.9,0.32,3.0,0.01,0.0,4.57,83,298,0
2026-08-02 17:29:10,17.6,83.3,433573.33,34.9,0.29,6.1,0.0,0.0,3.37,83,298,0
2026-08-02 17:29:16,6.5,83.3,432472.0,34.9,0.16,7.25,0.01,0.0,5.61,83,298,0
2026-08-02 17:29:22,9.0,83.5,428549.33,34.9,0.14,4.43,0.0,0.0,74.83,83,298,0
2026-08-02 17:29:29,8.3,83.5,427232.0,34.9,3.46,6.35,0.01,0.01,31.75,83,298,0
2026-08-02 17:29:35,9.5,83.2,434496.0,34.9,0.14,3.36,0.01,0.0,5.06,83,298,0
2026-08-02 17:29:41,4.1,83.3,432005.33,34.9,0.12,5.85,0.01,0.01,60.57,83,298,0
2026-08-02 17:29:47,5.1,83.5,427785.33,34.9,4.73,1.69,0.01,0.01,4.22,84,298,0
2026-08-02 17:29:53,6.0,83.3,432502.67,34.9,0.12,5.5,0.0,0.0,98.9,84,298,0
2026-08-02 17:29:59,7.0,83.3,433294.67,34.9,0.86,5.0,0.02,0.01,4.78,84,298,0
2026-08-02 17:30:05,8.0,83.5,428053.33,34.9,0.93,3.71,0.0,0.0,4.14,84,298,0
2026-08-02 17:30:11,10.7,83.5,428445.33,34.9,0.44,6.34,0.01,0.0,58.66,84,298,0
2026-08-02 17:30:17,4.7,83.4,431032.0,34.9,0.24,3.28,0.01,0.0,14.57,84,298,0
2026-08-02 17:30:23,5.8,83.4,430701.33,34.9,0.02,7.95,0.0,0.01,53.67,84,298,0
2026-08-02 17:30:29,6.4,83.4,429849.33,34.9,0.47,4.1,0.01,0.01,75.63,84,298,0
2026-08-02 17:30:35,13.1,83.4,429905.33,34.9,0.0,4.95,0.0,0.0,75.69,84,298,0
2026-08-02 17:30:41,6.5,83.4,431596.0,34.9,1.68,2.91,0.02,0.01,80.54,84,298,0
2026-08-02 17:30:47,16.4,83.6,425022.67,34.9,1.09,6.43,0.01,0.01,73.85,84,298,0
2026-08-02 17:30:53,6.2,83.7,423374.67,34.9,0.11,4.99,0.0,0.0,3.79,84,298,0
2026-08-02 17:30:59,4.7,83.7,422313.33,34.9,0.99,3.87,0.01,0.0,71.62,84,298,0
2026-08-02 17:31:05,9.3,83.6,425194.67,34.9,0.82,5.88,0.01,0.01,4.17,84,298,0
2026-08-02 17:31:11,6.9,83.7,423622.67,34.9,0.16,11.84,0.01,0.0,3.83,84,298,0
2026-08-02 17:31:17,8.6,83.6,425132.0,34.9,0.3,2.69,0.01,0.0,6.39,85,298,0
2026-08-02 17:31:23,16.1,83.4,429364.0,34.9,0.44,6.34,0.0,0.0,4.62,85,298,0
2026-08-02 17:31:29,6.5,83.2,435948.0,34.9,0.55,4.22,0.01,0.0,34.49,85,298,0
2026-08-02 17:31:36,4.3,83.4,429748.0,34.9,0.73,7.2,0.0,0.01,4.2,85,298,0
2026-08-02 17:31:42,13.8,83.7,422260.0,34.9,0.32,4.93,0.01,0.0,4.13,85,298,0
2026-08-02 17:31:48,9.3,83.7,422641.33,34.9,0.22,5.93,0.0,0.0,5.01,85,298,0
2026-08-02 17:31:54,6.1,83.4,431448.0,34.9,0.04,2.82,0.01,0.0,62.92,85,298,0
2026-08-02 17:32:00,12.3,83.4,430889.33,34.9,0.64,2.79,0.03,0.02,77.96,85,298,0
2026-08-02 17:32:06,8.4,83.7,423390.67,34.9,0.47,5.06,0.0,0.0,4.37,85,298,0
2026-08-02 17:32:12,5.1,84.5,401352.0,34.9,0.14,6.12,0.01,0.0,3.48,85,298,0
2026-08-02 17:32:18,9.4,84.5,400984.0,34.9,0.0,4.5,0.0,0.0,4.17,85,298,0
2026-08-02 17:32:24,6.8,84.5,401526.67,34.9,0.08,3.98,0.01,0.0,3.73,86,298,0
2026-08-02 17:32:30,6.5,85.0,388773.33,34.9,0.17,5.25,0.01,0.01,3.68,86,298,0
2026-08-02 17:32:36,16.1,84.8,392892.0,34.9,19.06,4.14,0.01,0.0,3.75,86,298,0
2026-08-02 17:32:42,6.9,85.0,388424.0,34.9,23.37,6.37,0.03,0.06,3.62,86,299,0
2026-08-02 17:32:48,5.0,85.4,379877.33,34.9,5.02,7.22,0.03,0.08,14.86,86,299,0
2026-08-02 17:32:54,9.5,85.3,381742.67,34.9,34.79,3.25,0.01,0.0,3.67,86,299,0
2026-08-02 17:33:00,10.8,84.6,398909.33,34.9,35.84,7.16,0.01,0.01,4.72,86,299,0
2026-08-02 17:33:06,5.5,84.5,402493.33,34.9,0.74,3.68,0.02,0.08,4.19,86,299,0
2026-08-02 17:33:12,11.9,84.4,403565.33,34.9,0.14,5.2,0.01,0.0,3.48,86,299,0
2026-08-02 17:33:18,8.7,84.7,396606.67,34.9,0.68,5.7,0.0,0.0,3.59,86,299,0
2026-08-02 17:33:24,11.4,84.5,401981.33,34.9,0.4,4.75,0.01,0.01,4.19,86,299,0
2026-08-02 17:33:30,29.6,85.6,373232.0,34.9,3.93,6.43,0.02,0.11,7.57,86,299,0
2026-08-02 17:33:36,6.2,86.6,346622.67,34.9,39.39,7.56,0.03,0.13,4.3,86,299,0
2026-08-02 17:33:42,11.2,86.4,353010.67,34.9,2.04,25.42,0.0,0.0,4.72,86,299,0
2026-08-02 17:33:48,7.8,86.0,361778.67,34.9,0.95,4.26,0.01,0.0,7.02,86,305,0
2026-08-02 17:33:54,11.2,86.2,358968.0,34.9,0.68,6.05,0.01,0.0,4.36,87,299,0
2026-08-02 17:34:00,9.4,88.0,312288.0,34.9,1.23,2.53,0.02,0.01,3.39,87,299,0
2026-08-02 17:34:06,13.0,84.7,397665.33,34.9,58.15,7.71,0.01,0.0,5.0,87,299,0
2026-08-02 17:34:12,7.2,84.0,415361.33,34.9,1.09,4.66,0.0,0.0,5.18,87,299,0
2026-08-02 17:34:18,8.1,83.9,417189.33,34.9,0.89,3.48,0.02,0.01,171.29,87,299,0
2026-08-02 17:34:24,6.9,83.9,417964.0,34.9,0.31,3.04,0.0,0.0,52.35,87,300,0
2026-08-02 17:34:30,11.6,85.1,387545.33,34.9,252.62,8.44,0.01,0.01,5.65,87,304,0
2026-08-02 17:34:36,9.3,85.0,388750.67,34.9,908.06,6.06,0.02,0.02,3.99,87,304,0
2026-08-02 17:34:42,7.6,86.2,356700.0,34.9,400.64,57.16,0.01,0.01,4.65,87,304,0
2026-08-02 17:34:48,27.9,87.5,325128.0,34.9,30.94,4.68,0.01,0.0,4.95,87,304,0
2026-08-02 17:34:54,4.4,83.9,417628.0,34.9,36.78,380.17,0.0,0.0,27.08,87,304,0
2026-08-02 17:35:00,4.3,83.8,418897.33,34.9,3.66,6.33,0.02,0.01,5.51,87,303,0
2026-08-02 17:35:06,5.4,83.1,437633.33,34.9,0.88,4.02,0.01,0.0,3.95,87,303,0
2026-08-02 17:35:13,6.5,83.2,434764.0,34.9,8.12,7.94,0.01,0.02,4.53,88,303,0
2026-08-02 17:35:19,3.1,83.5,427629.33,34.9,1.38,4.17,0.01,0.0,21.96,88,303,0
2026-08-02 17:35:25,5.6,83.6,424761.33,34.9,0.65,3.78,0.0,0.0,4.79,88,303,0
2026-08-02 17:35:31,7.3,83.5,427310.67,34.9,9.76,5.97,0.01,0.0,4.08,88,303,0
2026-08-02 17:35:37,6.6,84.3,406594.67,34.9,1.07,2.9,0.0,0.0,3.61,88,302,0
2026-08-02 17:35:43,7.3,84.6,399840.0,34.9,39.22,8.2,0.01,0.01,3.65,88,302,0
2026-08-02 17:35:49,5.2,84.6,398366.67,34.9,34.14,2.77,0.01,0.0,62.69,88,302,0
2026-08-02 17:35:55,6.0,84.7,395790.67,34.9,5.6,5.7,0.0,0.0,4.65,88,302,0
2026-08-02 17:36:01,5.6,84.7,397184.0,34.9,36.69,2.39,0.02,0.01,3.89,88,302,0
2026-08-02 17:36:07,3.4,84.9,391518.67,34.9,44.08,6.62,0.0,0.01,5.77,88,301,0
2026-08-02 17:36:13,5.7,85.2,384973.33,34.9,58.43,6.38,0.01,0.0,4.45,88,301,0
2026-08-02 17:36:19,7.4,84.9,392866.67,34.9,45.6,2.59,0.0,0.0,33.08,88,301,0
2026-08-02 17:36:25,6.5,85.1,387370.67,34.9,14.73,5.68,0.01,0.0,4.39,89,300,0
2026-08-02 17:36:31,7.9,85.0,388518.67,34.9,56.99,16.21,0.01,0.02,4.67,89,300,0
2026-08-02 17:36:37,2.5,84.9,392666.67,34.9,10.82,6.99,0.0,0.0,3.49,89,300,0
2026-08-02 17:36:43,4.2,83.8,421401.33,34.9,27.78,34.12,0.01,0.0,32.41,89,299,0
2026-08-02 17:36:49,4.6,83.9,417390.67,34.9,11.97,3.0,0.01,0.01,4.58,89,299,0
2026-08-02 17:36:55,8.1,84.0,414641.33,34.9,0.77,4.94,0.02,0.01,4.53,89,305,0
2026-08-02 17:37:01,6.9,83.9,416790.67,34.9,0.59,3.44,0.01,0.01,89.16,89,299,0
2026-08-02 17:37:07,5.2,84.0,416153.33,34.9,1.29,5.66,0.0,0.01,38.99,89,299,0
2026-08-02 17:37:13,5.9,84.2,410825.33,34.9,0.33,4.77,0.01,0.0,72.76,89,299,0
2026-08-02 17:37:19,3.6,84.1,413542.67,34.9,0.37,4.15,0.0,0.0,4.82,89,299,0
2026-08-02 17:37:25,4.5,84.1,412786.67,34.9,0.61,5.71,0.02,0.02,145.74,89,299,0
2026-08-02 17:37:31,7.2,83.9,416654.67,34.9,0.37,7.55,0.01,0.01,5.16,89,299,0
2026-08-02 17:37:37,2.6,84.0,415442.67,34.9,0.66,6.56,0.01,0.01,3.88,89,299,0
2026-08-02 17:37:43,2.7,83.9,416812.0,34.9,0.43,2.56,0.01,0.0,4.26,89,299,0
2026-08-02 17:37:49,8.1,84.0,414406.67,34.9,0.16,5.79,0.0,0.0,5.24,89,299,0
2026-08-02 17:37:55,5.8,84.1,413438.67,34.9,0.27,2.53,0.01,0.0,46.64,89,299,0
2026-08-02 17:38:01,3.5,81.8,472689.33,34.9,1.36,7.88,0.03,0.08,3.73,89,299,0
2026-08-02 17:38:07,10.3,81.8,472313.33,34.9,13.19,7.33,0.02,0.01,61.73,89,299,0
2026-08-02 17:38:14,5.1,81.9,468632.0,34.9,3.2,4.94,0.02,0.04,3.82,89,299,0
2026-08-02 17:38:20,3.3,82.0,468052.0,34.9,0.54,6.01,0.01,0.0,4.2,90,299,0
2026-08-02 17:38:26,4.6,82.0,467896.0,34.9,1.09,2.71,0.01,0.01,9.12,90,299,0
2026-08-02 17:38:32,4.8,82.0,467444.0,34.9,0.56,8.66,0.01,0.01,4.49,90,299,0
2026-08-02 17:38:38,5.7,82.0,466510.67,34.9,1.21,4.06,0.01,0.0,6.71,90,299,0
2026-08-02 17:38:44,15.9,83.7,421920.0,34.9,54.79,19.64,0.0,0.0,6.28,90,301,0
2026-08-02 17:38:50,7.1,84.5,402853.33,34.9,17.24,8.74,0.02,0.01,6.54,90,301,0
2026-08-02 17:38:56,3.7,85.5,376929.33,34.9,48.42,4.27,0.01,0.02,11.27,90,302,0
2026-08-02 17:39:02,13.6,85.5,376938.67,34.9,51.49,6.46,0.02,0.02,4.74,90,301,0
2026-08-02 17:39:08,8.5,85.4,378829.33,34.9,53.87,3.06,0.01,0.0,131.39,90,301,0
2026-08-02 17:39:14,6.8,85.5,376788.0,34.9,31.62,3.02,0.0,0.0,5.11,90,301,0
2026-08-02 17:39:20,7.7,85.0,390244.0,34.9,10.06,14.91,0.01,0.0,38.23,90,306,0
2026-08-02 17:39:26,9.4,84.9,392698.67,34.9,0.55,10.38,0.0,0.0,5.3,90,300,0
2026-08-02 17:39:32,7.0,84.9,390873.33,34.9,0.18,5.05,0.01,0.01,106.8,90,299,0
2026-08-02 17:39:38,3.9,84.9,391140.0,34.9,0.5,4.8,0.02,0.01,13.18,90,299,0
2026-08-02 17:39:44,2.8,84.9,390382.67,34.9,0.3,5.56,0.0,0.0,95.18,90,299,0
2026-08-02 17:39:50,2.3,85.0,389476.0,34.9,0.27,5.12,0.01,0.0,4.11,90,299,0
2026-08-02 17:39:56,6.2,85.0,388224.0,34.9,6.48,7.6,0.0,0.0,4.82,91,299,0
2026-08-02 17:40:02,4.8,84.9,390334.67,34.9,3.65,3.2,0.03,0.01,10.4,91,299,0
2026-08-02 17:40:08,2.0,84.9,390380.0,34.9,0.56,2.84,0.01,0.0,4.44,91,299,0
2026-08-02 17:40:14,5.8,85.2,384105.33,34.9,0.47,5.13,0.0,0.0,71.88,91,299,0
2026-08-02 17:40:20,2.3,85.3,380030.67,34.9,21.7,6.25,0.01,0.0,4.3,91,299,0
2026-08-02 17:40:26,11.4,85.8,369040.0,34.9,48.9,2.92,0.0,0.0,79.29,91,299,0
2026-08-02 17:40:32,12.1,86.4,352866.67,34.9,66.34,5.42,0.04,0.02,98.93,91,299,0
2026-08-02 17:40:39,18.8,86.7,345334.67,34.9,53.87,3.42,0.0,0.0,207.5,91,298,0
2026-08-02 17:40:45,3.6,86.7,345093.33,34.9,50.49,6.34,0.01,0.0,7.0,91,298,0
2026-08-02 17:40:51,3.2,86.3,354941.33,34.9,4.86,3.2,0.01,0.0,7.76,91,298,0
2026-08-02 17:40:57,2.1,86.2,358841.33,34.9,0.49,4.92,0.0,0.01,36.69,91,298,0
2026-08-02 17:41:03,3.6,85.8,367412.0,34.9,90.89,5.66,0.03,0.02,11.92,91,299,0
2026-08-02 17:41:09,7.1,85.5,374926.67,34.9,1.63,5.62,0.01,0.01,8.35,91,298,0
2026-08-02 17:41:15,12.7,86.4,353829.33,34.9,0.22,2.62,0.01,0.0,4.77,91,298,0
2026-08-02 17:41:21,2.4,87.4,327938.67,34.9,0.5,5.12,0.01,0.0,59.16,91,298,0
2026-08-02 17:41:27,7.2,83.7,422022.67,34.9,37.02,3.73,0.01,0.01,8.56,92,299,0
2026-08-02 17:41:33,3.0,85.3,381600.0,34.9,4.85,7.99,0.01,0.0,61.44,92,299,0
2026-08-02 17:41:39,12.3,85.2,384134.67,34.9,6.85,7.45,0.0,0.0,4.9,92,299,0
2026-08-02 17:41:45,4.7,85.2,382876.0,34.9,1.63,2.38,0.01,0.0,4.82,92,299,0
2026-08-02 17:41:51,2.2,85.3,380481.33,34.9,0.2,4.91,0.0,0.0,6.09,92,299,0
2026-08-02 17:41:57,5.6,85.5,376888.0,34.9,0.49,2.56,0.03,0.02,3.86,92,299,0
2026-08-02 17:42:03,1.7,85.5,377132.0,34.9,0.5,6.32,0.01,0.01,3.8,92,299,0
2026-08-02 17:42:09,1.3,85.6,372917.33,34.9,0.11,6.11,0.0,0.0,3.89,92,299,0
2026-08-02 17:42:15,3.0,85.7,371172.0,34.9,0.54,2.39,0.03,0.01,3.72,92,299,0
2026-08-02 17:42:21,9.1,85.6,374437.33,34.9,0.06,2.27,0.0,0.0,5.07,92,299,0
2026-08-02 17:42:27,2.1,85.5,376882.67,34.9,0.14,5.43,0.01,0.0,4.7,92,299,0
2026-08-02 17:42:33,4.3,85.8,367626.67,34.9,0.31,6.18,0.01,0.01,47.88,92,299,0
2026-08-02 17:42:39,3.4,85.7,369612.0,34.9,20.35,26.01,0.01,0.02,6.09,92,299,0
2026-08-02 17:42:45,7.2,85.7,370648.0,34.9,0.33,6.95,0.01,0.0,4.7,92,299,0
2026-08-02 17:42:51,3.0,85.4,378125.33,34.9,0.07,5.89,0.0,0.0,5.51,92,299,0
2026-08-02 17:42:57,14.1,84.6,400460.0,34.9,0.66,36.33,0.03,0.02,57.32,92,299,0
2026-08-02 17:43:03,4.9,84.1,413286.67,34.9,1.06,4.02,0.01,0.09,4.27,92,299,0
2026-08-02 17:43:10,1.6,84.0,413992.0,34.9,0.32,3.02,0.02,0.01,3.68,92,299,0
2026-08-02 17:43:16,1.6,84.2,410377.33,34.9,0.19,5.62,0.01,0.0,3.6,92,299,0
2026-08-02 17:43:22,0.8,84.3,406037.33,34.9,0.4,6.7,0.0,0.0,3.81,93,299,0
2026-08-02 17:43:28,3.8,84.2,410961.33,34.9,0.51,7.04,0.01,0.0,4.22,93,299,0
2026-08-02 17:43:34,11.1,84.8,394217.33,34.9,0.3,3.99,0.0,0.01,4.42,93,299,0
2026-08-02 17:43:40,3.7,85.0,389802.67,34.9,0.26,1.84,0.01,0.0,18.04,93,299,0
2026-08-02 17:43:46,3.8,84.8,393173.33,34.9,0.23,6.81,0.01,0.0,4.8,93,299,0
2026-08-02 17:43:52,3.9,84.8,393130.67,34.9,0.12,6.0,0.0,0.0,62.98,93,299,0
2026-08-02 17:43:58,2.9,84.6,398604.0,34.9,0.25,5.25,0.03,0.02,76.03,93,299,0
2026-08-02 17:44:04,15.7,84.5,401225.33,34.9,0.96,2.82,0.0,0.0,3.85,93,299,0
2026-08-02 17:44:10,4.5,84.6,399584.0,34.9,0.61,6.33,0.01,0.0,77.19,93,299,0
2026-08-02 17:44:16,22.6,85.5,375382.67,34.9,5.95,2.8,0.02,0.02,3.63,93,299,0
2026-08-02 17:44:22,0.7,85.9,365726.67,34.9,1.16,4.95,0.01,0.0,4.78,93,299,0
2026-08-02 17:44:28,4.6,85.9,366501.33,34.9,8.75,6.01,0.01,0.0,3.56,93,299,0
2026-08-02 17:44:34,3.8,86.1,361004.0,34.9,0.77,3.43,0.01,0.0,128.32,93,299,0
2026-08-02 17:44:40,10.2,85.7,371936.0,34.9,48.33,3.11,0.05,0.04,4.04,93,299,0
2026-08-02 17:44:46,11.1,84.9,391448.0,34.9,19.85,4.92,0.0,0.0,7.25,93,299,0
2026-08-02 17:44:52,2.7,85.4,379646.67,34.9,1.48,5.94,0.01,0.0,4.79,93,299,0
2026-08-02 17:44:58,2.8,84.9,390613.33,34.9,0.44,4.54,0.01,0.01,4.55,93,299,0
2026-08-02 17:45:04,22.9,85.1,387261.33,34.9,0.42,3.27,0.01,0.0,3.87,93,299,0
2026-08-02 17:45:10,3.6,85.1,385240.0,34.9,0.79,6.79,0.02,0.01,4.65,93,299,0
2026-08-02 17:45:16,13.1,85.1,387325.33,34.9,0.67,2.26,0.01,0.01,4.1,93,299,0
2026-08-02 17:45:22,20.5,85.4,379129.33,34.9,0.19,5.3,0.01,0.0,4.32,94,305,0
2026-08-02 17:45:28,5.7,85.4,379104.0,34.9,0.16,7.51,0.0,0.0,3.82,94,299,0
2026-08-02 17:45:34,6.0,85.6,372505.33,34.9,15.5,5.99,0.02,0.02,3.78,94,299,0
2026-08-02 17:45:40,7.3,87.6,322838.67,34.9,7.86,5.81,0.0,0.0,5.74,94,299,0
2026-08-02 17:45:46,5.3,86.6,347904.0,34.9,48.78,10.05,0.01,0.0,28.07,94,299,0
2026-08-02 17:45:52,3.6,86.5,350473.33,34.9,55.88,8.09,0.0,0.0,156.66,94,299,0
2026-08-02 17:45:58,26.2,86.1,360909.33,34.9,8.17,2.71,0.03,0.02,8.24,94,305,0
2026-08-02 17:46:05,23.8,86.5,350453.33,34.9,6.99,3.6,0.03,0.02,45.39,94,299,0
2026-08-02 17:46:11,32.0,87.5,324854.67,34.9,39.3,5.62,0.06,0.07,76.69,94,299,0
2026-08-02 17:46:17,19.6,86.9,339628.0,34.9,29.52,6.05,0.02,0.01,82.7,94,299,0
2026-08-02 17:46:23,13.1,86.1,360770.67,34.9,0.62,5.72,0.0,0.0,147.24,94,299,0
2026-08-02 17:46:29,13.4,86.1,359905.33,34.9,4.13,5.25,0.01,0.0,4.98,94,299,0
2026-08-02 17:46:35,5.5,86.2,357216.0,34.9,1.54,5.32,0.02,0.0,4.23,94,299,0
2026-08-02 17:46:41,17.5,86.4,353802.67,34.9,9.37,6.03,0.01,0.01,3.8,94,299,0
2026-08-02 17:46:47,8.1,86.4,352330.67,34.9,0.32,5.06,0.0,0.0,3.85,94,299,0
2026-08-02 17:46:53,2.0,86.4,353060.0,34.9,0.53,2.48,0.02,0.0,3.83,94,299,0
2026-08-02 17:46:59,20.4,86.9,340090.67,34.9,9.1,8.45,0.19,0.12,3.47,94,299,0
2026-08-02 17:47:05,21.5,87.3,328092.0,34.9,4.05,3.95,0.02,0.01,18.11,95,299,0
2026-08-02 17:47:11,18.7,83.6,425774.67,34.9,6.59,353.12,0.01,0.01,7.21,95,299,0
2026-08-02 17:47:17,22.7,85.4,378277.33,34.9,83.98,2.36,0.02,0.01,3.7,95,299,0
2026-08-02 17:47:23,20.3,87.6,320914.67,34.9,91.53,5.92,0.05,0.02,44.72,95,299,0
2026-08-02 17:47:29,3.8,88.3,303621.33,34.9,83.21,7.36,0.09,0.01,4.26,95,300,0
2026-08-02 17:47:35,3.8,86.7,345629.33,34.9,22.12,3.39,0.01,0.02,4.11,95,300,0
2026-08-02 17:47:41,5.4,86.9,339949.33,34.9,15.84,6.7,0.01,0.0,52.57,95,300,0
2026-08-02 17:47:47,6.0,85.4,378024.0,34.9,0.88,2.43,0.0,0.0,78.52,95,300,0
2026-08-02 17:47:53,8.5,86.2,357081.33,34.9,0.52,5.91,0.03,0.01,4.31,95,300,0
2026-08-02 17:47:59,11.2,82.8,445077.33,34.9,1.71,38.38,0.05,0.02,247.48,95,300,0
2026-08-02 17:48:06,2.7,83.0,441404.0,34.9,1.11,4.13,0.01,0.08,4.24,95,300,0
2026-08-02 17:48:12,3.1,83.2,436078.67,34.9,1.95,5.12,0.04,0.01,4.8,95,300,0
2026-08-02 17:48:18,12.4,83.2,435510.67,34.9,0.48,3.22,0.01,0.0,4.37,95,300,0
2026-08-02 17:48:24,6.7,83.3,432681.33,34.9,0.39,4.45,0.01,0.0,50.24,95,300,0
2026-08-02 17:48:30,23.6,83.4,430306.67,34.9,7.29,7.04,0.01,0.15,4.41,95,299,0
2026-08-02 17:48:36,3.6,85.7,370182.67,34.9,79.84,231.09,0.03,0.1,4.59,95,299,0
2026-08-02 17:48:42,6.7,87.0,336794.67,34.9,74.47,6.42,0.02,0.01,45.11,95,299,0
2026-08-02 17:48:48,6.4,85.9,364760.0,34.9,23.85,3.64,0.01,0.02,76.83,95,299,0
2026-08-02 17:48:54,7.2,86.1,361064.0,34.9,1.56,7.62,0.01,0.0,113.16,95,299,0
2026-08-02 17:49:00,6.6,86.2,357714.67,34.9,2.62,2.78,0.01,0.0,34.59,95,299,0
2026-08-02 17:49:06,12.3,84.9,392652.0,34.9,1.6,3.83,0.03,0.02,3.88,95,299,0
2026-08-02 17:49:12,17.4,84.3,406888.0,34.9,0.54,6.02,0.0,0.0,5.77,95,299,0
2026-08-02 17:49:18,6.2,84.4,404958.67,34.9,0.71,5.11,0.01,0.0,4.85,95,299,0
2026-08-02 17:49:24,13.2,84.3,406813.33,34.9,0.24,2.33,0.0,0.0,69.51,96,299,0
2026-08-02 17:49:30,8.2,84.4,404998.67,34.9,2.04,7.23,0.01,0.0,4.04,96,299,0
2026-08-02 17:49:36,6.7,84.3,406288.0,35.0,0.4,4.29,0.0,0.0,3.39,96,299,0
2026-08-02 17:49:42,7.3,84.3,406096.0,34.9,0.7,5.11,0.01,0.01,5.72,96,299,0
2026-08-02 17:49:48,8.7,84.5,401642.67,34.9,0.5,6.23,0.01,0.0,3.25,96,299,0
2026-08-02 17:49:54,5.2,84.8,393000.0,35.0,0.23,1.48,0.01,0.0,196.71,96,299,0
2026-08-02 17:50:00,6.2,84.9,390530.67,34.9,0.72,7.2,0.02,0.01,3.89,96,299,0
2026-08-02 17:50:06,4.2,84.9,390574.67,34.9,0.5,2.71,0.01,0.0,156.34,96,299,0
2026-08-02 17:50:13,6.8,85.0,389077.33,35.0,0.32,6.66,0.0,0.0,4.37,96,299,0
2026-08-02 17:50:19,12.9,84.9,390520.0,35.0,0.34,2.42,0.01,0.0,49.91,96,299,0
2026-08-02 17:50:25,21.1,84.8,394988.0,34.9,0.23,8.49,0.01,0.0,4.34,96,299,0
2026-08-02 17:50:31,5.6,85.7,370226.67,34.9,31.74,6.05,0.0,0.0,12.87,96,303,0
2026-08-02 17:50:37,6.0,85.8,368512.0,35.0,0.59,2.77,0.01,0.0,33.7,96,303,0
2026-08-02 17:50:43,7.6,85.9,364394.67,35.0,0.29,6.12,0.01,0.01,3.44,96,303,0
2026-08-02 17:50:49,7.2,85.9,364382.67,35.0,0.3,5.45,0.01,0.0,4.0,96,303,0
2026-08-02 17:50:55,11.8,85.8,368449.33,35.0,0.4,1.44,0.0,0.0,3.74,96,303,0
2026-08-02 17:51:01,11.9,86.1,359618.67,34.9,5.97,5.38,0.04,0.06,4.81,96,302,0
2026-08-02 17:51:07,6.5,86.1,359588.0,35.0,1.62,4.14,0.02,0.01,47.0,96,301,0
2026-08-02 17:51:13,4.8,86.0,363166.67,35.0,0.81,6.23,0.01,0.0,4.32,96,301,0
2026-08-02 17:51:19,6.7,85.9,365022.67,35.0,2.71,2.44,0.0,0.0,4.43,96,301,0
2026-08-02 17:51:25,7.6,86.0,362429.33,35.0,1.5,6.45,0.01,0.02,52.6,96,300,0
2026-08-02 17:51:31,19.9,86.8,342169.33,34.9,39.01,118.98,0.01,0.0,4.69,96,300,0
2026-08-02 17:51:37,10.4,85.9,365822.67,35.0,45.45,7.97,0.0,0.0,3.99,96,299,0
2026-08-02 17:51:43,10.7,86.1,360177.33,35.0,0.35,4.91,0.01,0.01,62.03,96,299,0
2026-08-02 17:51:49,8.3,86.2,358533.33,35.0,8.41,6.43,0.01,0.03,3.9,96,300,0
2026-08-02 17:51:55,5.9,86.5,349468.0,35.0,6.68,4.99,1.18,0.04,67.42,97,300,0
2026-08-02 17:52:01,7.9,86.6,347460.0,34.9,1.62,2.86,2.12,0.06,71.74,97,300,0
2026-08-02 17:52:07,10.3,86.7,345658.67,34.9,1.84,4.03,0.01,0.0,10.24,97,300,0
2026-08-02 17:52:13,6.2,86.7,344380.0,34.9,1.06,5.73,0.01,0.01,7.2,97,300,0
2026-08-02 17:52:19,5.4,86.6,346266.67,34.9,0.33,6.05,0.0,0.0,4.3,97,300,0
2026-08-02 17:52:25,4.5,86.6,347862.67,34.9,0.38,4.93,0.01,0.0,77.19,97,300,0
2026-08-02 17:52:32,6.9,86.5,349469.33,34.9,0.64,4.3,0.0,0.0,119.99,97,300,0
2026-08-02 17:52:38,12.4,86.5,349809.33,34.9,3.77,6.48,0.01,0.0,4.66,97,300,0
2026-08-02 17:52:44,7.5,85.2,383736.0,34.9,385.7,17.25,0.01,0.01,73.68,97,301,0
2026-08-02 17:52:50,4.4,85.3,382410.67,34.9,28.32,6.22,0.0,0.0,75.33,97,301,0
2026-08-02 17:52:56,8.4,85.3,380278.67,34.9,0.41,4.45,0.02,0.01,4.2,97,301,0
2026-08-02 17:53:02,6.2,82.3,458550.67,34.9,8.25,2.83,0.03,0.02,3.91,97,301,0
2026-08-02 17:53:08,7.8,82.4,457204.0,34.9,1.33,6.69,0.03,0.09,82.23,97,301,0
2026-08-02 17:53:14,6.8,81.5,480380.0,34.9,0.93,3.57,0.02,0.01,3.44,97,300,0
2026-08-02 17:53:20,8.8,81.9,470254.67,34.9,0.32,8.96,0.0,0.0,4.19,97,300,0
2026-08-02 17:53:26,5.7,81.9,468901.33,34.9,0.33,3.45,0.01,0.0,18.89,97,300,0
2026-08-02 17:53:32,5.8,82.0,466778.67,35.0,3.39,3.7,0.01,0.01,7.61,97,301,0
2026-08-02 17:53:38,12.0,82.3,459246.67,35.0,12.12,19.44,0.01,0.0,3.84,97,301,0
2026-08-02 17:53:44,6.7,82.3,458132.0,35.0,0.43,3.54,0.0,0.0,4.07,97,301,0
2026-08-02 17:53:50,3.7,83.1,437236.0,34.9,39.02,6.36,0.01,0.02,49.14,97,301,0
2026-08-02 17:53:56,10.3,82.9,442820.0,35.0,0.27,3.89,0.01,0.0,4.14,97,301,0
2026-08-02 17:54:02,4.9,82.9,443658.67,35.0,0.6,5.85,0.02,0.01,77.85,97,301,0
2026-08-02 17:54:08,4.7,83.0,441605.33,35.0,0.52,6.36,0.01,0.0,3.98,97,301,0
2026-08-02 17:54:14,7.9,83.1,438028.0,34.9,2.47,4.96,0.0,0.0,4.49,97,301,0
2026-08-02 17:54:20,7.0,82.3,460214.67,34.9,0.62,3.34,0.01,0.0,4.27,98,300,0
2026-08-02 17:54:26,13.0,82.3,457876.0,35.0,0.79,5.66,0.0,0.0,33.77,98,300,0
2026-08-02 17:54:32,6.2,82.7,447976.0,35.0,0.57,3.53,0.01,0.0,76.92,98,300,0
2026-08-02 17:54:38,23.9,84.3,407473.33,35.0,7.53,5.86,0.07,0.05,33.17,98,300,0
2026-08-02 17:54:44,22.1,84.8,394337.33,34.9,1.61,6.48,0.01,0.02,54.39,98,300,0
2026-08-02 17:54:51,3.8,84.7,397916.0,35.0,1.13,3.75,0.04,0.02,4.3,98,300,0
2026-08-02 17:54:57,11.4,84.1,412564.0,35.0,6.93,11.47,0.0,0.0,5.18,98,300,0
2026-08-02 17:55:03,5.7,83.7,422364.0,35.0,11.4,24.9,0.01,0.0,4.02,98,300,0
2026-08-02 17:55:09,7.1,83.3,431841.33,34.9,0.73,6.3,0.03,0.0,3.21,98,300,0
2026-08-02 17:55:15,5.2,84.3,406524.0,35.0,0.39,3.27,0.01,0.01,4.05,98,300,0
2026-08-02 17:55:21,4.2,84.7,397348.0,35.0,0.31,2.38,0.01,0.0,23.33,98,300,0
2026-08-02 17:55:27,2.5,84.6,399752.0,35.0,0.32,5.05,0.0,0.0,4.89,98,300,0
2026-08-02 17:55:33,2.9,84.5,403164.0,35.0,1.3,2.47,0.01,0.0,25.75,98,300,0
2026-08-02 17:55:39,9.7,84.8,393326.67,35.0,3.95,6.01,0.02,0.02,4.36,98,300,0
2026-08-02 17:55:45,17.3,84.8,394980.0,34.9,0.19,6.32,0.0,0.0,26.53,98,300,0
2026-08-02 17:55:51,6.1,83.4,429201.33,35.0,15.98,4.8,0.01,0.0,6.4,98,300,0
2026-08-02 17:55:57,5.3,83.5,428344.0,35.0,0.34,4.77,0.0,0.01,5.83,98,300,0
2026-08-02 17:56:03,3.0,83.5,429160.0,35.0,1.95,2.35,0.02,0.01,10.8,98,300,0
2026-08-02 17:56:09,5.2,83.5,427842.67,35.0,0.38,5.71,0.01,0.01,3.22,98,300,0
2026-08-02 17:56:15,7.8,83.7,423418.67,34.9,0.12,4.18,0.01,0.0,7.27,98,300,0
2026-08-02 17:56:21,9.3,83.7,423444.0,35.0,1.13,3.87,0.01,0.0,4.2,98,300,0
2026-08-02 17:56:27,3.3,83.6,426076.0,35.0,0.88,2.7,0.01,0.01,4.44,98,301,0
2026-08-02 17:56:33,3.1,83.5,427121.33,35.0,4.4,7.05,0.01,0.0,33.84,98,300,0
2026-08-02 17:56:39,6.2,83.4,430861.33,35.0,0.72,5.33,0.0,0.0,5.35,98,300,0
2026-08-02 17:56:45,3.0,83.4,430073.33,35.0,0.65,6.26,0.01,0.01,58.21,98,300,0
2026-08-02 17:56:51,1.7,83.4,430625.33,35.0,1.11,3.52,0.01,0.0,4.37,99,300,0
2026-08-02 17:56:57,7.0,83.7,422590.67,35.0,0.41,2.76,0.01,0.0,68.66,99,300,0
2026-08-02 17:57:03,2.2,83.4,430500.0,35.0,0.64,5.7,0.01,0.0,4.07,99,300,0
2026-08-02 17:57:09,3.5,83.8,419152.0,35.0,0.94,7.28,0.0,0.01,3.72,99,300,0
2026-08-02 17:57:15,10.1,83.9,417161.33,35.0,0.87,5.83,0.01,0.01,4.32,99,301,0
2026-08-02 17:57:21,6.1,83.4,430273.33,35.0,0.47,3.75,0.0,0.0,33.44,99,300,0
2026-08-02 17:57:27,2.2,83.7,422208.0,35.0,0.25,4.96,0.01,0.0,74.71,99,300,0
2026-08-02 17:57:33,7.8,83.6,426308.0,35.0,1.03,2.52,0.01,0.0,4.1,99,299,0
2026-08-02 17:57:39,7.9,83.6,426038.67,35.0,0.36,5.39,0.0,0.0,5.55,99,299,0
2026-08-02 17:57:45,7.2,83.8,419218.67,35.0,0.8,7.09,0.01,0.0,4.58,99,299,0
2026-08-02 17:57:51,5.2,83.7,422552.0,35.0,0.65,3.04,0.0,0.0,4.41,99,299,0
2026-08-02 17:57:57,6.5,83.7,421658.67,35.0,1.2,5.85,0.03,0.02,4.61,99,299,0
2026-08-02 17:58:03,5.4,78.5,558621.33,35.0,1.22,6.77,0.01,0.07,5.51,99,299,0
2026-08-02 17:58:09,8.8,78.5,557165.33,35.0,0.56,4.66,0.01,0.01,5.95,99,299,0
2026-08-02 17:58:15,3.9,78.7,553546.67,35.0,0.09,7.02,0.01,0.0,4.64,99,299,0
2026-08-02 17:58:21,3.1,78.7,552181.33,35.0,0.11,2.82,0.0,0.0,5.56,99,299,0
2026-08-02 17:58:27,7.6,78.7,552177.33,35.0,3.04,5.23,0.01,0.0,3.82,99,300,0
2026-08-02 17:58:33,6.8,79.1,542037.33,35.0,54.15,4.27,0.0,0.0,4.34,99,300,0
2026-08-02 17:58:40,6.0,79.9,522537.33,35.0,1.3,6.36,0.01,0.0,4.16,99,300,0
2026-08-02 17:58:46,6.0,78.9,548190.67,35.0,0.55,6.77,0.01,0.01,4.43,99,300,0
2026-08-02 17:58:52,6.1,79.0,544660.0,35.0,0.46,5.05,0.01,0.01,4.23,99,300,0
2026-08-02 17:58:58,1.8,79.1,541730.67,35.0,2.06,2.55,0.02,0.01,4.39,99,300,0
2026-08-02 17:59:04,6.3,79.2,540302.67,35.0,0.12,4.97,0.0,0.0,30.32,99,300,0
2026-08-02 17:59:10,3.9,79.3,537944.0,35.0,0.39,4.4,0.01,0.0,157.03,99,300,0
2026-08-02 17:59:16,5.6,78.8,549449.33,35.0,0.23,7.2,0.0,0.01,3.85,99,300,0
2026-08-02 17:59:22,5.4,78.7,552668.0,35.0,0.61,4.56,0.01,0.0,69.5,99,300,0
2026-08-02 17:59:28,2.6,78.8,549434.67,35.0,0.16,5.05,0.01,0.0,4.14,99,300,0
2026-08-02 17:59:34,5.5,79.0,543314.67,35.0,0.29,2.95,0.0,0.0,4.71,99,299,0
2026-08-02 17:59:40,3.1,79.1,541442.67,35.0,0.82,6.75,0.01,0.0,4.26,99,299,0
2026-08-02 17:59:46,2.2,79.2,540478.67,35.0,0.17,2.6,0.0,0.0,4.1,99,299,0
2026-08-02 17:59:52,3.7,79.1,542577.33,35.0,0.28,5.98,0.01,0.0,72.83,99,299,0
2026-08-02 17:59:58,5.5,79.0,544386.67,35.0,0.64,6.74,0.03,0.02,5.8,99,299,0
2026-08-02 18:00:04,3.0,78.9,547408.0,35.0,1.32,5.7,0.01,0.0,5.36,99,298,0
2026-08-02 18:00:10,1.9,79.1,542990.67,35.0,0.39,6.39,0.01,0.0,45.47,99,298,0
2026-08-02 18:00:16,2.2,79.1,541814.67,35.0,0.3,4.84,0.01,0.0,15.75,99,298,0
2026-08-02 18:00:22,3.4,79.0,544728.0,35.0,0.2,3.04,0.01,0.01,3.7,99,298,0
2026-08-02 18:00:28,2.3,78.9,546333.33,35.0,0.32,2.79,0.0,0.0,4.57,99,298,0
2026-08-02 18:00:34,10.9,78.9,546422.67,35.0,0.0,5.61,0.01,0.0,49.28,99,298,0
2026-08-02 18:00:40,3.0,78.7,553537.33,35.0,0.29,5.37,0.01,0.01,4.45,99,298,0
2026-08-02 18:00:46,6.2,78.7,552630.67,35.0,0.93,6.26,0.01,0.01,60.23,99,298,0
2026-08-02 18:00:52,2.6,78.7,552213.33,35.0,0.21,2.57,0.0,0.0,3.75,99,298,0
2026-08-02 18:00:58,4.0,78.7,551886.67,35.0,0.37,2.72,0.01,0.0,82.31,99,298,0
2026-08-02 18:01:04,8.1,79.7,527673.33,35.0,38.12,5.86,0.01,0.01,4.56,99,298,0
2026-08-02 18:01:10,14.2,81.3,485646.67,35.0,10.83,7.3,0.02,0.02,56.84,99,298,0
2026-08-02 18:01:17,22.9,83.3,432981.33,35.0,0.72,5.09,0.02,0.0,4.75,99,299,0
2026-08-02 18:01:23,2.2,84.0,415057.33,35.0,0.45,2.71,0.01,0.01,4.64,99,298,0
2026-08-02 18:01:29,3.2,82.5,454698.67,35.0,2.16,6.4,0.01,0.0,3.95,99,298,0
2026-08-02 18:01:35,5.3,81.4,483265.33,35.0,0.6,3.98,0.0,0.0,8.54,99,298,0
2026-08-02 18:01:41,11.3,82.8,446916.0,35.0,4.6,5.6,0.01,0.01,4.98,99,298,0
2026-08-02 18:01:47,13.8,83.3,431998.67,35.0,15.6,3.08,0.01,0.01,4.33,99,298,0
2026-08-02 18:01:53,17.2,82.0,466314.67,35.0,1.44,7.91,0.02,0.01,22.63,99,298,0
2026-08-02 18:01:59,3.7,81.9,468806.67,35.0,2.63,2.76,0.04,0.02,3.64,99,298,0
2026-08-02 18:02:05,5.1,81.7,474173.33,35.0,0.42,4.77,0.0,0.0,4.11,99,298,0
2026-08-02 18:02:11,4.6,81.8,472620.0,35.0,0.29,3.07,0.01,0.0,5.89,99,298,0
2026-08-02 18:02:17,3.6,81.7,474060.0,35.0,1.39,5.08,0.0,0.0,3.87,99,298,0
2026-08-02 18:02:23,5.6,81.7,474440.0,35.0,0.25,6.51,0.01,0.0,4.55,99,298,0
2026-08-02 18:02:29,2.5,81.8,472912.0,35.0,0.13,3.16,0.0,0.0,3.61,99,298,0
2026-08-02 18:02:35,3.1,81.7,475861.33,35.0,2.54,2.62,0.01,0.0,22.79,99,298,0
2026-08-02 18:02:41,2.8,85.6,372925.33,35.0,88.5,21.77,0.02,0.03,4.25,99,301,0
2026-08-02 18:02:47,2.0,85.4,379258.67,35.0,65.83,24.67,0.02,0.03,93.38,99,301,0
2026-08-02 18:02:53,3.9,85.5,374826.67,35.0,6.21,6.54,0.01,0.0,42.4,99,301,0
2026-08-02 18:02:59,12.3,85.5,375949.33,35.0,32.62,4.03,0.02,0.01,4.08,99,301,0
2026-08-02 18:03:05,3.2,84.2,410684.0,35.0,31.73,29.07,0.01,0.07,64.63,99,301,0
2026-08-02 18:03:11,0.9,83.7,422026.67,35.0,3.59,3.99,0.02,0.02,3.47,99,300,0
2026-08-02 18:03:17,4.4,83.0,440300.0,35.0,3.94,5.84,0.11,0.07,8.68,99,299,0
2026-08-02 18:03:23,1.6,83.3,433172.0,35.0,3.91,16.21,0.01,0.01,25.53,99,299,0
2026-08-02 18:03:29,7.2,83.5,428352.0,35.0,2.48,4.36,0.01,0.03,5.11,99,299,0
2026-08-02 18:03:35,6.8,86.9,340349.33,35.0,37.85,9.02,0.04,0.25,3.84,99,299,0
2026-08-02 18:03:41,4.9,86.9,339112.0,35.0,10.39,7.68,0.02,0.03,3.9,99,300,0
2026-08-02 18:03:47,29.1,84.2,410524.0,35.0,0.53,374.65,0.01,0.0,12.63,99,300,0
2026-08-02 18:03:53,6.9,84.7,397437.33,35.0,56.67,4.55,0.01,0.01,3.19,99,300,0
2026-08-02 18:03:59,3.2,84.7,397322.67,35.0,52.23,4.89,0.17,0.04,3.9,99,300,0
2026-08-02 18:04:05,3.6,84.7,396466.67,35.0,49.94,3.0,0.48,0.01,13.24,99,300,0
2026-08-02 18:04:11,7.2,82.7,447821.33,35.0,22.04,36.98,0.77,0.03,17.02,99,305,0
2026-08-02 18:04:17,6.0,82.4,457680.0,35.0,27.92,2.57,1.19,0.02,29.9,99,299,0
2026-08-02 18:04:23,9.9,83.0,442162.67,35.0,11.01,7.45,1.58,0.11,3.92,99,299,0
2026-08-02 18:04:29,12.1,83.3,434297.33,34.9,5.07,10.05,0.0,0.0,4.65,99,299,0
2026-08-02 18:04:35,2.6,83.2,436089.33,34.9,3.54,5.39,0.01,0.0,38.21,99,299,0
2026-08-02 18:04:41,3.9,83.2,436552.0,34.9,0.81,5.39,0.01,0.0,3.85,99,299,0
2026-08-02 18:04:47,10.7,84.3,407032.0,34.9,59.15,2.85,0.01,0.01,3.78,99,300,0
2026-08-02 18:04:53,10.9,82.8,447260.0,34.9,39.58,5.62,0.01,0.0,5.36,100,300,0
2026-08-02 18:05:00,3.2,82.9,442628.0,34.9,18.9,6.29,0.02,0.01,4.69,100,300,0
2026-08-02 18:05:06,36.7,83.5,427597.33,34.9,4.84,5.19,0.01,0.0,3.96,100,300,0
2026-08-02 18:05:12,2.1,83.8,419046.67,34.9,6.35,3.14,0.01,0.01,3.71,100,300,0
2026-08-02 18:05:18,17.1,84.4,405162.67,34.9,8.0,5.04,0.01,0.02,6.13,100,300,0
2026-08-02 18:05:24,7.0,83.7,421878.67,34.9,0.73,2.41,0.01,0.0,3.99,100,300,0
2026-08-02 18:05:30,7.1,83.0,440424.0,34.9,0.68,5.56,0.01,0.01,3.83,100,300,0
2026-08-02 18:05:36,16.5,83.4,429966.67,34.9,1.75,6.05,0.01,0.0,4.19,100,300,0
2026-08-02 18:05:42,4.3,83.0,442018.67,34.9,0.46,3.5,0.0,0.0,5.26,100,300,0
2026-08-02 18:05:48,2.3,82.4,455422.67,34.9,4.63,7.22,0.01,0.0,7.06,100,300,0
2026-08-02 18:05:54,4.5,82.4,455556.0,34.9,0.27,2.41,0.01,0.0,76.1,100,300,0
2026-08-02 18:06:00,3.6,82.3,458525.33,34.9,1.21,8.2,0.02,0.01,75.23,100,300,0
2026-08-02 18:06:06,10.1,82.9,444488.0,34.9,21.17,3.44,0.01,0.01,4.22,100,301,0
2026-08-02 18:06:12,8.9,82.3,458677.33,34.9,0.83,2.97,0.0,0.0,4.21,100,301,0
2026-08-02 18:06:18,7.9,82.2,460962.67,34.9,131.14,5.13,0.02,0.02,4.9,100,300,0
2026-08-02 18:06:24,3.5,82.1,464922.67,34.9,1.1,6.32,0.01,0.0,42.46,100,299,0
2026-08-02 18:06:30,9.2,82.3,458285.33,34.9,2.95,5.96,0.01,0.01,3.42,100,299,0
2026-08-02 18:06:36,4.0,82.4,455960.0,34.9,1.26,3.34,0.01,0.0,4.26,100,299,0
2026-08-02 18:06:42,12.7,82.6,451230.67,34.9,0.86,5.7,0.0,0.0,4.16,100,299,0
2026-08-02 18:06:48,8.9,82.5,453449.33,34.9,0.46,3.48,0.01,0.01,5.36,100,299,0
2026-08-02 18:06:54,5.0,82.3,458388.0,34.9,0.31,5.01,0.0,0.0,26.09,100,299,0
2026-08-02 18:07:00,8.2,83.0,440749.33,34.9,33.94,2.62,0.01,0.0,3.44,100,299,0
2026-08-02 18:07:06,6.3,83.2,435905.33,34.9,4.95,7.08,0.01,0.0,3.91,100,299,0
2026-08-02 18:07:12,11.4,83.1,439513.33,34.9,0.28,5.07,0.0,0.0,52.8,100,299,0
2026-08-02 18:07:18,18.7,83.1,438172.0,34.9,0.22,2.49,0.01,0.0,4.62,100,299,0
2026-08-02 18:07:24,8.2,83.1,438874.67,34.9,0.22,6.02,0.0,0.01,4.28,100,299,0
2026-08-02 18:07:30,8.1,83.3,433656.0,34.9,9.65,7.49,0.02,0.03,3.88,100,299,0
2026-08-02 18:07:36,5.3,83.4,430993.33,34.9,4.67,3.27,0.0,0.0,4.61,100,299,0
2026-08-02 18:07:42,8.1,83.4,430712.0,34.9,28.74,5.94,0.01,0.01,16.64,100,299,0
2026-08-02 18:07:48,6.8,83.4,430612.0,34.9,45.79,2.53,0.01,0.0,106.33,100,299,0
2026-08-02 18:07:54,10.6,83.2,435512.0,34.9,29.29,6.19,0.0,0.0,68.5,100,298,0
2026-08-02 18:08:00,12.3,83.3,431870.67,34.9,21.9,22.38,0.02,0.01,187.42,100,298,0
2026-08-02 18:08:07,5.2,82.5,453902.67,34.9,27.26,10.33,0.01,0.08,6.49,100,298,0
2026-08-02 18:08:13,4.8,82.4,457345.33,34.9,0.54,6.09,0.02,0.01,74.41,100,298,0
2026-08-02 18:08:19,5.4,82.3,458282.67,34.9,9.4,2.72,0.01,0.0,3.89,100,298,0
2026-08-02 18:08:25,17.3,82.5,454094.67,34.9,1.17,5.45,0.02,0.03,71.44,100,298,0
2026-08-02 18:08:31,13.4,82.7,447430.67,34.9,8.05,4.45,0.01,0.04,3.32,100,298,0
2026-08-02 18:08:37,16.3,82.9,444221.33,34.9,0.51,4.93,0.0,0.01,4.41,100,298,0
2026-08-02 18:08:43,5.1,84.1,412128.0,34.9,46.12,3.12,0.01,0.0,51.38,100,298,0
2026-08-02 18:08:49,8.1,83.2,436337.33,34.9,27.45,14.49,0.01,0.02,4.11,100,298,0
2026-08-02 18:08:55,6.6,83.3,433417.33,34.9,0.19,3.51,0.01,0.0,62.32,100,298,0
2026-08-02 18:09:01,7.6,83.4,431718.67,34.9,1.44,5.88,0.02,0.05,4.4,100,298,0
2026-08-02 18:09:07,11.1,83.3,432210.67,34.9,0.64,6.34,0.0,0.0,5.89,100,298,0
2026-08-02 18:09:13,6.0,83.3,432925.33,34.9,1.51,3.12,0.01,0.0,103.1,100,298,0
2026-08-02 18:09:19,4.3,83.4,429557.33,34.9,21.88,8.22,0.01,0.01,142.52,100,298,0
2026-08-02 18:09:25,6.7,83.5,428037.33,34.9,0.2,5.03,0.01,0.0,4.21,100,298,0
2026-08-02 18:09:31,9.4,83.4,431566.67,34.9,0.56,6.48,0.0,0.0,72.93,100,298,0
2026-08-02 18:09:37,5.4,83.3,432089.33,34.9,0.77,2.9,0.01,0.0,4.29,100,298,0
2026-08-02 18:09:43,9.1,83.5,428004.0,34.9,0.38,5.86,0.01,0.0,171.26,100,298,0
2026-08-02 18:09:50,5.4,83.3,431953.33,34.9,0.48,2.53,0.0,0.0,86.92,100,298,0
2026-08-02 18:09:56,6.5,83.4,431196.0,34.9,0.36,5.29,0.01,0.01,4.44,100,298,0
2026-08-02 18:10:02,7.0,83.4,431482.67,34.9,0.59,5.83,0.02,0.01,70.06,100,298,0
2026-08-02 18:10:08,10.0,83.3,432685.33,34.9,0.39,6.78,0.01,0.0,4.18,100,298,0
2026-08-02 18:10:14,7.9,83.4,429206.67,34.9,0.37,5.82,0.01,0.0,87.74,100,298,0
2026-08-02 18:10:20,8.8,83.7,423353.33,34.9,0.63,4.44,0.0,0.0,78.01,100,298,0
2026-08-02 18:10:26,5.0,83.5,428906.67,34.9,0.72,5.19,0.01,0.0,118.2,100,298,0
2026-08-02 18:10:32,6.4,83.4,429568.0,34.9,0.5,2.38,0.01,0.0,189.85,100,298,0
2026-08-02 18:10:38,4.4,83.4,430177.33,34.9,0.79,7.29,0.01,0.0,12.61,100,298,0
2026-08-02 18:10:44,4.8,83.5,427312.0,34.9,0.03,3.52,0.0,0.0,125.44,100,298,0
2026-08-02 18:10:51,6.3,83.5,428632.0,34.9,0.86,4.91,0.02,0.02,87.08,100,298,0
2026-08-02 18:10:57,3.6,83.5,428990.67,34.9,0.31,2.43,0.01,0.0,205.48,100,298,0
2026-08-02 18:11:03,4.4,83.3,431913.33,34.9,0.65,5.11,0.03,0.02,65.9,100,298,0
2026-08-02 18:11:09,3.9,83.6,426281.33,34.9,0.73,6.78,0.01,0.01,180.05,100,298,0
2026-08-02 18:11:15,4.0,83.4,429752.0,34.9,0.74,4.62,0.0,0.0,15.31,100,298,0
2026-08-02 18:11:21,5.7,83.4,430140.0,34.9,0.2,2.61,0.03,0.01,21.73,100,298,0
2026-08-02 18:11:27,2.6,83.7,422948.0,34.9,2.08,6.05,0.01,0.01,87.75,100,299,0
2026-08-02 18:11:33,4.1,83.8,420612.0,34.9,3.4,6.32,0.01,0.0,142.09,100,299,0
2026-08-02 18:11:39,2.5,83.8,419278.67,34.9,5.79,7.3,0.01,0.0,36.73,100,299,0
2026-08-02 18:11:45,2.2,83.8,419086.67,34.9,12.01,3.18,0.02,0.0,95.31,100,299,0
2026-08-02 18:11:52,2.6,83.9,416626.67,34.9,12.32,5.88,0.02,0.0,78.88,100,299,0
2026-08-02 18:11:58,12.4,84.1,413529.33,34.9,92.27,6.07,0.05,0.1,42.33,100,299,0
2026-08-02 18:12:04,4.1,84.3,406157.33,34.9,73.86,5.68,0.02,0.01,4.43,100,299,0
2026-08-02 18:12:10,2.6,84.5,401144.0,34.9,75.87,5.88,0.02,0.01,89.05,100,299,0
2026-08-02 18:12:16,5.8,84.7,396357.33,34.9,31.91,5.4,0.03,0.02,171.31,100,299,0
2026-08-02 18:12:22,2.8,84.8,394109.33,34.9,50.17,2.73,0.02,0.01,4.08,100,299,0
2026-08-02 18:12:28,5.0,84.9,390401.33,34.9,45.26,30.61,0.01,0.01,127.93,100,299,0
2026-08-02 18:12:34,4.9,85.0,388673.33,34.9,56.93,6.88,0.01,0.0,15.04,100,299,0
2026-08-02 18:12:40,6.1,84.9,391266.67,34.9,49.31,3.85,0.0,0.0,22.03,100,299,0
2026-08-02 18:12:46,6.9,84.8,395402.67,34.9,21.21,5.88,0.01,0.0,5.7,100,299,0
2026-08-02 18:12:52,5.9,84.7,395985.33,34.9,0.12,2.45,0.01,0.01,65.8,100,299,0
2026-08-02 18:12:58,8.5,86.4,351932.0,34.9,144.16,9.29,0.02,0.02,74.67,100,303,0
2026-08-02 18:13:04,10.0,82.6,450625.33,34.9,97.18,38.62,0.02,0.02,3.12,100,304,0
2026-08-02 18:13:10,7.0,82.2,460400.0,34.9,3.08,25.8,0.01,0.08,92.03,100,303,0
2026-08-02 18:13:17,4.3,82.3,459009.33,34.9,2.19,7.82,0.02,0.01,134.9,100,303,0
2026-08-02 18:13:23,11.9,83.6,426086.67,34.9,0.52,5.59,0.01,0.0,531.68,100,303,1
2026-08-02 18:13:29,5.8,83.5,427357.33,34.9,0.98,6.77,0.01,0.0,18.7,100,303,0
2026-08-02 18:13:35,4.4,84.5,401340.0,34.9,1.59,4.41,0.02,0.02,52.92,100,307,0
2026-08-02 18:13:41,23.8,85.0,388122.67,34.9,1.2,6.7,0.01,0.02,97.38,100,301,0
2026-08-02 18:13:47,6.0,85.2,382833.33,34.9,0.59,2.7,0.01,0.01,80.52,100,301,0
2026-08-02 18:13:54,5.3,84.9,392621.33,34.9,0.06,4.86,0.0,0.0,277.42,100,301,0
2026-08-02 18:14:00,2.5,85.0,387892.0,34.9,1.5,7.91,0.03,0.02,1522.46,100,307,1
2026-08-02 18:14:07,13.5,85.6,372236.0,34.9,9.96,3.8,0.01,0.0,47.66,100,301,0
2026-08-02 18:14:13,2.9,86.0,363394.67,34.9,78.85,12.86,0.01,0.0,389.96,100,301,1
2026-08-02 18:14:20,4.7,85.8,369262.67,34.9,114.25,3.07,0.01,0.0,113.97,100,302,0
2026-08-02 18:14:26,6.2,84.9,390360.0,34.9,34.5,12.05,0.0,0.0,,100,302,0
2026-08-02 18:14:36,4.8,84.8,392944.0,34.9,16.69,4.07,0.03,0.01,168.3,100,302,0
2026-08-02 18:14:42,3.3,85.0,389393.33,34.9,0.47,5.36,0.0,0.0,166.71,100,302,0
2026-08-02 18:14:48,2.7,84.9,390901.33,34.9,0.54,2.52,0.01,0.0,106.28,100,302,0
2026-08-02 18:14:54,2.8,84.8,393766.67,34.9,2.48,5.27,0.01,0.01,25.67,100,302,0
2026-08-02 18:15:01,4.0,84.0,413665.33,34.9,2.85,1.52,0.02,0.01,85.98,100,306,0
2026-08-02 18:15:07,8.1,84.4,404720.0,34.9,3.41,2.48,0.0,0.0,8.22,100,300,0
2026-08-02 18:15:13,3.6,84.3,406933.33,34.9,0.23,1.76,0.01,0.01,27.06,100,300,0
2026-08-02 18:15:19,3.3,84.1,411356.0,35.0,0.41,5.39,0.02,0.01,21.63,100,300,0
2026-08-02 18:15:25,2.9,84.1,411146.67,35.0,5.07,8.93,0.0,0.0,25.99,100,300,0
2026-08-02 18:15:31,2.6,84.4,405697.33,35.0,0.62,1.88,0.01,0.0,10.51,100,300,0
2026-08-02 18:15:37,5.8,84.5,401436.0,35.0,0.56,5.52,0.0,0.0,48.03,100,300,0
2026-08-02 18:15:43,2.0,84.3,407314.67,35.0,25.3,1.4,0.01,0.0,153.93,100,300,0
2026-08-02 18:15:49,7.1,84.2,410792.0,35.0,0.91,2.35,0.0,0.0,46.45,100,300,0
2026-08-02 18:15:55,2.1,84.3,407708.0,35.0,0.24,5.21,0.01,0.0,784.54,100,300,1
2026-08-02 18:16:02,4.0,84.3,406002.67,35.0,14.15,2.21,0.06,0.02,223.47,100,300,0
2026-08-02 18:16:08,5.6,84.1,411085.33,35.0,29.97,5.89,0.03,0.03,14.47,100,300,0
2026-08-02 18:16:14,2.3,84.2,410594.67,35.0,20.91,2.38,0.01,0.0,62.9,100,300,0
2026-08-02 18:16:21,6.6,84.3,406638.67,35.0,17.48,2.43,0.0,0.0,64.07,100,306,0
2026-08-02 18:16:27,8.8,84.3,406142.67,35.0,32.34,5.35,0.02,0.01,4.8,100,300,0
2026-08-02 18:16:33,4.8,85.4,377633.33,35.0,135.06,3.12,0.02,0.04,53.04,100,300,0
2026-08-02 18:16:39,5.4,85.3,381552.0,35.0,70.66,9.68,0.01,0.0,4.42,100,300,0
2026-08-02 18:16:45,1.7,85.3,380032.0,35.0,35.26,2.34,0.0,0.0,83.83,100,300,0
2026-08-02 18:16:51,0.8,85.3,380337.33,35.0,60.23,2.25,0.01,0.0,102.43,100,300,0
2026-08-02 18:16:57,1.3,85.3,380528.0,35.0,21.21,5.82,0.01,0.01,80.69,100,300,0
2026-08-02 18:17:03,7.3,85.3,380488.0,35.0,45.66,2.53,0.02,0.01,667.08,100,300,1
2026-08-02 18:17:10,3.9,85.3,382104.0,35.0,36.67,5.73,0.01,0.01,18.93,100,300,0
2026-08-02 18:17:16,2.2,85.5,376168.0,35.0,40.44,1.4,0.0,0.0,3.84,100,300,0
2026-08-02 18:17:22,5.3,85.3,382446.67,35.0,35.69,2.37,0.01,0.0,51.3,100,300,0
2026-08-02 18:17:28,2.1,85.3,380862.67,35.0,47.66,8.83,0.0,0.0,40.98,100,300,0
2026-08-02 18:17:34,1.7,85.5,376580.0,35.0,64.71,2.55,0.01,0.04,4.29,100,300,0
2026-08-02 18:17:40,6.7,85.6,373258.67,35.0,64.09,2.71,0.01,0.03,77.38,100,300,0
2026-08-02 18:17:46,8.3,85.4,378526.67,35.0,32.78,6.33,0.0,0.0,3.64,100,300,0
2026-08-02 18:17:52,3.6,85.3,382046.67,35.0,15.28,1.42,0.01,0.0,4.48,100,300,0
2026-08-02 18:17:58,1.3,85.3,381954.67,35.0,3.15,5.31,0.02,0.02,3.95,100,300,0
2026-08-02 18:18:04,3.4,84.3,407269.33,35.0,31.6,10.31,0.01,0.0,5.98,100,300,0
2026-08-02 18:18:10,3.1,84.3,406725.33,35.0,26.61,1.81,0.01,0.09,4.67,100,300,0
2026-08-02 18:18:16,4.8,85.1,385928.0,35.0,64.83,6.51,0.02,0.04,3.94,100,304,0
2026-08-02 18:18:22,1.2,85.0,388292.0,35.0,26.85,6.55,0.01,0.0,39.8,100,304,0
2026-08-02 18:18:28,10.0,85.0,389000.0,35.0,0.54,2.79,0.01,0.01,4.69,100,304,0
2026-08-02 18:18:34,12.5,85.2,382638.67,35.0,0.22,6.22,0.01,0.0,31.97,100,304,0
2026-08-02 18:18:40,2.1,83.2,434693.33,35.0,7.83,3.78,0.0,0.0,3.27,100,304,0
2026-08-02 18:18:46,5.3,82.2,461028.0,35.0,1.22,14.77,0.01,0.01,271.25,100,303,0
2026-08-02 18:18:53,2.2,82.6,451209.33,35.0,0.69,2.2,0.02,0.01,109.88,100,302,0
2026-08-02 18:18:59,1.6,82.7,447954.67,35.0,0.52,2.26,0.03,0.02,22.97,100,302,0
2026-08-02 18:19:05,4.0,82.5,453580.0,35.0,0.36,4.5,0.0,0.0,173.49,100,306,0
2026-08-02 18:19:11,32.1,83.9,416742.67,35.0,34.82,5.87,0.02,0.01,21.59,100,306,0
2026-08-02 18:19:17,1.5,83.2,434840.0,35.0,13.1,11.42,0.01,0.01,43.92,100,304,0
2026-08-02 18:19:23,1.5,83.3,432077.33,35.0,0.65,7.25,0.01,0.0,4.27,100,304,0
2026-08-02 18:19:29,2.6,83.4,429865.33,35.0,0.57,2.91,0.01,0.0,3.98,100,303,0
2026-08-02 18:19:35,3.1,83.5,428537.33,35.0,0.18,5.3,0.0,0.0,41.12,100,303,0
2026-08-02 18:19:41,1.3,83.0,439880.0,35.0,0.7,3.17,0.01,0.0,144.38,100,302,0
2026-08-02 18:19:47,7.5,82.9,443342.67,35.0,0.61,5.75,0.01,0.01,98.12,100,302,0
2026-08-02 18:19:54,6.9,83.1,438504.0,35.0,0.33,5.36,0.01,0.01,4.67,100,302,0
2026-08-02 18:20:00,1.7,83.3,433122.67,35.0,0.28,2.24,0.02,0.01,16.48,100,301,0
2026-08-02 18:20:06,1.4,83.3,433300.0,35.0,0.33,5.4,0.01,0.0,143.28,100,301,0
2026-08-02 18:20:12,3.4,83.2,435453.33,35.0,0.46,2.99,0.01,0.0,33.73,100,301,0
2026-08-02 18:20:18,0.5,83.9,416766.67,35.0,129.53,2.54,0.01,0.01,45.45,100,302,0
2026-08-02 18:20:24,2.5,83.9,417114.67,35.0,68.1,6.05,0.01,0.0,6.68,100,302,0
2026-08-02 18:20:30,10.5,84.0,415288.0,35.0,44.36,1.74,0.01,0.01,58.14,100,302,0
2026-08-02 18:20:36,8.8,84.1,413218.67,35.0,45.59,1.75,0.01,0.0,1405.93,99,302,1
2026-08-02 18:20:43,1.5,84.1,412196.0,35.0,73.0,6.05,0.01,0.0,33.06,99,302,0
2026-08-02 18:20:49,1.4,83.6,425885.33,35.0,54.25,2.57,0.0,0.0,24.44,99,301,0
2026-08-02 18:20:55,6.0,83.6,424424.0,35.0,0.34,2.21,0.01,0.0,30.23,99,301,0
2026-08-02 18:21:02,1.0,83.7,422536.0,35.0,8.67,5.54,0.03,0.01,1671.03,99,301,1
2026-08-02 18:21:09,2.7,83.8,421182.67,35.0,0.14,2.72,0.03,0.04,176.12,99,301,0
2026-08-02 18:21:15,5.7,83.7,421593.33,35.0,7.8,8.82,0.01,0.0,4.03,99,301,0
2026-08-02 18:21:21,1.8,83.9,417032.0,35.0,26.92,2.43,0.01,0.01,4.15,99,301,0
2026-08-02 18:21:27,11.7,83.6,425766.67,35.0,18.69,1.78,0.01,0.01,156.61,99,300,0
2026-08-02 18:21:34,2.6,83.7,422358.67,35.0,23.09,20.38,0.0,0.0,81.93,99,300,0
2026-08-02 18:21:40,9.7,83.6,424884.0,35.0,18.93,2.25,0.01,0.0,,99,300,0
2026-08-02 18:21:50,5.7,83.8,420880.0,35.0,21.06,3.98,0.03,0.02,1835.75,99,300,1
2026-08-02 18:21:58,7.1,84.0,415928.0,35.0,36.23,5.57,0.02,0.01,30.89,99,300,0
2026-08-02 18:22:04,3.9,84.0,414785.33,35.0,68.07,2.23,0.02,0.01,34.3,99,300,0
2026-08-02 18:22:10,1.8,83.8,419620.0,35.0,74.24,7.18,0.01,0.0,4.07,99,300,0
2026-08-02 18:22:16,0.9,84.0,415042.67,35.0,34.24,5.69,0.01,0.0,68.68,99,300,0
2026-08-02 18:22:22,4.6,84.0,415150.67,35.0,34.41,2.3,0.01,0.0,62.31,99,306,0
2026-08-02 18:22:28,9.7,84.0,415441.33,35.0,21.63,4.89,0.01,0.02,13.56,98,301,0
2026-08-02 18:22:34,4.3,84.1,412092.0,35.0,43.42,2.54,0.01,0.0,94.77,98,301,0
2026-08-02 18:22:40,0.9,84.2,409813.33,35.0,46.15,2.0,0.01,0.0,149.6,98,300,0
2026-08-02 18:22:46,1.9,84.3,407900.0,35.0,57.1,5.38,0.0,0.0,193.35,98,300,0
2026-08-02 18:22:52,3.3,84.1,412880.0,35.0,41.79,2.33,0.01,0.0,79.43,98,300,0
2026-08-02 18:22:59,1.3,84.0,414480.0,35.0,31.82,1.38,0.03,0.02,144.46,98,300,0
2026-08-02 18:23:05,14.3,83.0,441589.33,35.0,36.04,13.04,0.01,0.01,82.66,98,300,0
2026-08-02 18:23:11,3.5,83.0,441309.33,35.0,27.14,2.77,0.01,0.08,4.96,98,300,0
2026-08-02 18:23:17,3.6,83.0,439738.67,35.0,0.5,2.81,0.01,0.01,43.98,98,300,0
2026-08-02 18:23:23,8.7,82.9,443114.67,35.0,0.39,8.77,0.01,0.0,4.38,98,300,0
2026-08-02 18:23:29,4.3,82.8,445074.67,35.0,0.47,2.18,0.01,0.0,47.05,98,300,0
2026-08-02 18:23:35,4.0,82.8,445122.67,35.0,1.13,5.75,0.01,0.01,51.1,98,300,0
2026-08-02 18:23:41,4.4,83.0,440878.67,35.0,0.64,2.39,0.0,0.0,50.05,98,300,0
2026-08-02 18:23:47,10.3,82.9,442497.33,35.0,0.59,1.88,0.02,0.0,4.5,97,300,0
2026-08-02 18:23:53,6.9,82.9,444529.33,35.0,0.23,5.36,0.01,0.0,103.56,97,300,0
2026-08-02 18:23:59,6.6,83.0,440768.0,35.0,0.78,2.36,0.04,0.02,68.96,97,300,0
2026-08-02 18:24:05,4.4,83.0,440498.67,35.0,0.26,2.23,0.01,0.0,920.28,97,300,1
2026-08-02 18:24:12,4.6,83.1,439205.33,35.0,0.27,5.54,0.01,0.0,312.85,97,300,1
2026-08-02 18:24:19,11.7,83.1,438692.0,35.0,0.44,2.45,0.01,0.0,350.22,97,300,1
2026-08-02 18:24:25,6.5,83.0,441622.67,35.0,0.27,5.79,0.0,0.0,47.16,97,300,0
2026-08-02 18:24:31,8.8,83.1,438169.33,35.0,0.69,6.23,0.01,0.0,78.39,97,300,0
2026-08-02 18:24:37,5.6,83.1,437229.33,35.0,0.55,2.52,0.02,0.02,135.63,97,300,0
2026-08-02 18:24:43,4.1,83.0,442118.67,35.0,0.4,5.7,0.01,0.0,17.49,97,300,0
2026-08-02 18:24:49,4.2,83.0,439624.0,35.0,0.47,1.71,0.01,0.0,8.18,96,300,0
2026-08-02 18:24:55,3.9,83.1,438488.0,35.0,0.12,2.36,0.01,0.0,53.68,96,300,0
2026-08-02 18:25:01,10.2,83.3,432913.33,35.0,1.08,1.8,0.02,0.01,107.46,96,300,0
2026-08-02 18:25:08,3.7,83.3,433614.67,35.0,0.25,4.7,0.01,0.01,32.16,96,300,0
2026-08-02 18:25:14,5.6,83.1,438682.67,35.0,0.22,2.36,0.01,0.0,45.21,96,299,0
2026-08-02 18:25:20,3.7,83.1,438362.67,35.0,0.22,2.68,0.01,0.01,4.16,96,299,0
2026-08-02 18:25:26,3.4,83.0,441440.0,35.0,0.12,5.16,0.01,0.0,4.35,96,299,0
2026-08-02 18:25:32,3.4,83.0,441041.33,35.0,7.91,5.9,0.01,0.0,34.37,96,299,0
2026-08-02 18:25:38,4.4,83.0,440784.0,35.0,0.49,6.05,0.0,0.0,95.54,96,299,0
2026-08-02 18:25:44,10.7,83.1,439498.67,35.0,1.08,1.38,0.01,0.0,17.62,96,299,0
2026-08-02 18:25:50,12.4,83.1,439488.0,35.0,0.12,2.43,0.01,0.01,4.16,96,299,0
2026-08-02 18:25:56,3.2,83.0,441774.67,35.0,0.26,5.55,0.01,0.0,4.97,96,299,0
2026-08-02 18:26:02,7.9,83.0,439590.67,35.0,1.23,2.9,0.03,0.02,6.6,96,299,0
2026-08-02 18:26:08,3.9,83.1,438398.67,35.0,0.01,2.99,0.01,0.01,109.61,96,299,0
2026-08-02 18:26:14,3.7,83.2,436929.33,35.0,0.16,5.48,0.01,0.0,65.37,95,299,0
2026-08-02 18:26:20,3.8,83.3,433941.33,35.0,16.55,1.91,0.0,0.0,65.0,95,299,0
2026-08-02 18:26:26,8.9,83.1,437102.67,35.0,5.83,5.91,0.01,0.0,40.63,95,300,0
2026-08-02 18:26:32,7.2,83.1,438958.67,35.0,0.25,5.52,0.0,0.0,5.14,95,300,0
2026-08-02 18:26:38,4.2,83.1,438661.33,35.0,0.91,2.45,0.01,0.0,4.77,95,300,0
2026-08-02 18:26:44,9.7,83.2,436497.33,35.0,0.03,2.4,0.0,0.0,107.72,95,300,0
2026-08-02 18:26:51,7.1,83.4,429857.33,35.0,17.43,4.26,0.01,0.0,142.18,95,300,0
2026-08-02 18:26:57,8.0,83.2,435218.67,35.0,49.64,2.84,0.01,0.0,57.43,95,300,0
2026-08-02 18:27:03,4.9,83.2,434861.33,35.0,0.59,2.33,0.02,0.01,10.59,95,300,0
2026-08-02 18:27:09,12.1,83.1,438052.0,35.0,14.18,6.08,0.01,0.01,53.4,95,300,0
2026-08-02 18:27:15,3.8,83.2,436845.33,35.0,0.27,2.3,0.0,0.0,16.74,95,300,0
2026-08-02 18:27:21,7.9,83.3,433130.67,35.0,15.72,5.54,0.01,0.01,4.66,95,306,0
2026-08-02 18:27:27,4.0,83.4,430461.33,35.0,55.11,2.8,0.0,0.0,69.21,94,304,0
2026-08-02 18:27:33,3.2,83.4,429898.67,35.0,44.61,2.1,0.01,0.0,68.02,94,304,0
2026-08-02 18:27:39,4.2,83.2,435350.67,35.0,42.69,5.93,0.01,0.0,128.59,94,300,0
2026-08-02 18:27:45,3.9,83.3,434038.67,35.0,31.88,2.92,0.0,0.0,15.48,94,300,0
2026-08-02 18:27:51,11.8,83.3,432569.33,35.0,28.18,2.25,0.01,0.0,105.23,94,300,0
2026-08-02 18:27:57,8.8,83.4,430476.0,35.0,37.29,9.43,0.04,0.02,151.84,94,300,0
2026-08-02 18:28:04,8.2,83.3,432312.0,35.0,32.8,1.44,0.02,0.02,90.75,94,300,0
2026-08-02 18:28:10,4.9,83.4,429952.0,35.0,55.26,2.95,0.01,0.11,14.41,94,300,0
2026-08-02 18:28:16,3.5,83.4,430298.67,35.0,72.65,5.0,0.01,0.0,85.42,94,300,0
2026-08-02 18:28:22,2.9,83.5,428366.67,35.0,30.13,2.32,0.01,0.0,3.71,94,300,0
2026-08-02 18:28:28,4.2,83.5,427650.67,35.0,21.55,2.59,0.0,0.0,51.01,93,304,0
2026-08-02 18:28:34,9.6,83.5,428185.33,35.0,18.39,6.81,0.01,0.0,83.34,93,300,0
2026-08-02 18:28:40,5.6,84.4,405485.33,35.0,27.8,2.71,0.0,0.01,20.54,93,300,0
2026-08-02 18:28:46,7.0,83.3,432393.33,35.0,39.89,6.21,0.01,0.0,3.86,93,300,0
2026-08-02 18:28:52,3.5,83.2,434704.0,35.0,14.5,5.14,0.01,0.0,4.69,93,300,0
2026-08-02 18:28:58,7.3,83.1,438528.0,35.0,1.34,1.44,0.02,0.02,4.01,93,300,0
2026-08-02 18:29:04,4.3,83.5,427100.0,35.0,1.66,2.87,0.02,0.01,3.77,93,300,0
2026-08-02 18:29:10,8.6,83.5,429012.0,35.0,0.38,5.75,0.01,0.01,136.46,93,304,0
2026-08-02 18:29:16,7.9,83.4,430238.67,35.0,0.12,6.64,0.01,0.0,45.17,93,300,0
2026-08-02 18:29:22,9.8,84.2,409605.33,35.0,9.12,5.25,0.0,0.0,29.16,93,300,0
2026-08-02 18:29:28,3.5,84.4,405158.67,35.0,24.83,2.55,0.01,0.0,65.09,93,300,0
2026-08-02 18:29:34,4.3,84.3,407797.33,35.0,45.44,2.52,0.01,0.0,141.56,93,300,0
2026-08-02 18:29:41,2.3,84.1,411550.67,35.0,35.93,5.84,0.0,0.0,6.46,93,300,0
2026-08-02 18:29:47,4.3,84.2,410513.33,35.0,12.37,2.47,0.01,0.0,4.0,92,300,0
2026-08-02 18:29:53,3.8,84.2,409009.33,35.0,29.23,9.24,0.0,0.01,86.67,92,306,0
2026-08-02 18:29:59,14.2,84.4,403853.33,35.0,44.35,2.25,0.02,0.01,63.55,92,300,0
2026-08-02 18:30:05,2.2,84.3,405998.67,35.0,45.03,2.59,0.01,0.0,73.83,92,300,0
2026-08-02 18:30:11,4.5,84.4,405054.67,35.0,28.94,6.39,0.0,0.0,87.68,92,300,0
2026-08-02 18:30:17,3.1,84.4,403824.0,35.0,77.19,2.41,0.01,0.0,45.51,92,300,0
2026-08-02 18:30:23,3.4,84.8,395436.0,35.0,47.1,6.2,0.0,0.0,81.0,92,301,0
2026-08-02 18:30:29,2.0,84.4,403596.0,35.0,31.66,1.72,0.01,0.0,10.76,92,300,0
2026-08-02 18:30:35,4.2,84.3,405904.0,35.0,9.99,2.4,0.0,0.0,58.85,92,306,0
2026-08-02 18:30:41,12.4,84.5,401925.33,35.0,2.82,2.37,0.01,0.0,4.2,92,300,0
2026-08-02 18:30:47,2.1,84.4,404061.33,35.0,2.29,5.53,0.01,0.0,4.27,91,300,0
2026-08-02 18:30:53,2.3,84.4,404977.33,35.0,0.32,3.23,0.0,0.0,240.83,91,300,0
2026-08-02 18:31:00,3.9,84.4,404214.67,35.0,9.99,6.57,0.01,0.0,6.66,91,300,0
2026-08-02 18:31:06,6.1,84.5,402876.0,35.0,35.17,2.49,0.01,0.01,5.97,91,300,0
2026-08-02 18:31:12,2.5,84.5,401798.67,35.0,32.98,3.15,0.02,0.01,160.79,91,300,0
2026-08-02 18:31:18,6.4,84.7,396462.67,35.0,41.32,6.72,0.01,0.01,114.61,91,306,0
2026-08-02 18:31:24,11.4,84.6,399877.33,35.0,40.7,1.82,0.0,0.0,349.08,91,300,1
2026-08-02 18:31:30,2.2,84.5,400834.67,35.0,25.23,2.86,0.01,0.0,60.99,91,300,0
2026-08-02 18:31:37,6.6,84.3,406154.67,35.0,65.73,5.64,0.01,0.01,3.98,91,300,0
2026-08-02 18:31:43,3.0,84.7,397718.67,35.0,29.98,1.88,0.02,0.01,4.26,91,300,0
2026-08-02 18:31:49,1.7,84.5,401474.67,35.0,0.27,2.95,0.01,0.0,4.35,91,300,0
2026-08-02 18:31:55,2.3,84.4,403340.0,35.0,8.21,6.72,0.0,0.0,4.27,91,300,0
2026-08-02 18:32:01,8.2,84.7,396800.0,35.0,0.38,2.61,0.03,0.03,61.3,91,300,0
2026-08-02 18:32:07,7.1,84.8,393248.0,35.0,0.54,4.6,0.0,0.0,166.01,90,300,0
2026-08-02 18:32:13,2.5,84.7,396333.33,35.0,23.25,6.63,0.01,0.01,56.9,90,300,0
2026-08-02 18:32:19,2.1,85.0,390104.0,35.0,20.79,2.61,0.0,0.0,4.77,90,300,0
2026-08-02 18:32:25,5.1,85.0,390154.67,35.0,56.25,5.46,0.01,0.0,7.1,90,300,0
2026-08-02 18:32:31,7.7,85.1,387684.0,35.0,31.65,2.44,0.01,0.0,3.54,90,300,0
2026-08-02 18:32:37,3.6,84.7,397738.67,35.0,18.82,2.05,0.0,0.0,86.29,90,300,0
2026-08-02 18:32:43,8.7,84.7,396160.0,35.0,3.05,5.4,0.01,0.0,79.8,90,300,0
2026-08-02 18:32:49,2.6,84.9,392518.67,35.0,0.45,1.76,0.0,0.0,86.33,90,300,0
2026-08-02 18:32:55,2.0,84.9,390594.67,35.0,0.38,2.52,0.01,0.0,1162.74,90,300,1
2026-08-02 18:33:03,3.0,84.9,391774.67,35.0,16.21,8.87,0.02,0.01,8.25,90,300,0
2026-08-02 18:33:09,2.6,84.9,392290.67,35.0,37.83,3.37,0.0,0.0,3.6,90,300,0
2026-08-02 18:33:15,6.3,85.1,387529.33,35.0,27.05,5.31,0.02,0.08,3.72,89,306,0
2026-08-02 18:33:21,7.2,84.9,391182.67,35.0,35.54,2.62,0.02,0.01,12.04,89,300,0
2026-08-02 18:33:27,3.1,85.1,386457.33,35.0,9.58,2.76,0.01,0.02,144.32,89,300,0
2026-08-02 18:33:33,3.2,85.1,386976.0,35.0,30.17,5.39,0.01,0.03,40.55,89,300,0
2026-08-02 18:33:39,4.2,84.2,408478.67,35.0,44.66,4.59,0.01,0.0,96.47,89,300,0
2026-08-02 18:33:45,1.2,84.5,401913.33,35.0,9.29,2.45,0.01,0.0,675.53,89,300,1
2026-08-02 18:33:52,4.5,84.7,395916.0,35.0,0.24,5.62,0.01,0.0,3.95,89,306,0
2026-08-02 18:33:58,28.3,84.8,394070.67,35.0,0.42,6.28,0.03,0.01,25.92,89,300,0
2026-08-02 18:34:04,5.2,84.9,392506.67,35.0,0.93,2.32,0.0,0.0,73.22,89,300,0
2026-08-02 18:34:10,1.6,84.8,393190.67,35.0,10.43,6.02,0.01,0.0,571.02,89,300,1
2026-08-02 18:34:16,5.4,84.9,391004.0,35.0,22.3,2.66,0.01,0.0,70.05,89,300,0
2026-08-02 18:34:22,2.2,85.1,387225.33,35.0,36.54,5.16,0.0,0.0,89.91,89,300,0
2026-08-02 18:34:29,28.1,85.6,373525.33,35.0,80.04,2.07,0.01,0.0,205.78,88,314,0
2026-08-02 18:34:35,13.9,86.0,363892.0,35.0,785.46,5.41,0.0,0.0,18.15,88,305,0
2026-08-02 18:34:41,20.2,86.8,342021.33,35.0,748.0,12.58,0.01,0.01,66.12,88,305,0
2026-08-02 18:34:47,2.3,82.2,460716.0,35.0,255.99,508.12,0.01,0.0,69.65,88,305,0
2026-08-02 18:34:53,3.1,84.0,415948.0,35.0,9.47,3.41,0.0,0.0,63.53,88,305,0
2026-08-02 18:34:59,6.7,84.0,416126.67,35.0,42.48,7.04,0.02,0.01,5.63,88,304,0
2026-08-02 18:35:05,4.2,83.8,421004.0,35.0,65.99,2.9,0.0,0.0,11.13,88,304,0
2026-08-02 18:35:11,2.7,83.7,421998.67,35.0,27.9,6.27,0.01,0.01,13.9,88,310,0
2026-08-02 18:35:17,7.1,83.7,422554.67,35.0,27.62,2.41,0.01,0.01,4.97,88,304,0
2026-08-02 18:35:23,3.7,83.9,417518.67,35.0,29.28,2.29,0.02,0.01,4.88,88,304,0
2026-08-02 18:35:29,1.2,83.9,418577.33,35.0,36.69,6.11,0.01,0.0,4.62,87,304,0
2026-08-02 18:35:35,5.4,83.7,422618.67,35.0,24.92,7.39,0.0,0.0,16.71,87,304,0
2026-08-02 18:35:41,19.9,85.2,384777.33,35.0,484.99,18.39,0.02,0.02,5.84,87,304,0
2026-08-02 18:35:47,23.9,88.9,288101.33,35.0,472.15,46.34,0.03,0.18,47.41,87,306,0
2026-08-02 18:35:53,10.5,87.3,330428.0,35.0,56.37,95.52,0.01,0.0,147.4,87,312,0
2026-08-02 18:36:00,11.4,87.4,325678.67,35.0,5.55,2.66,0.03,0.02,158.0,87,306,0
2026-08-02 18:36:06,15.4,88.5,297398.67,35.0,164.24,7.75,0.02,0.02,64.1,87,306,0
2026-08-02 18:36:12,9.7,92.0,207798.67,35.0,474.42,7.55,0.07,0.35,77.08,87,305,0
2026-08-02 18:36:18,4.7,91.7,214716.0,35.0,81.25,3.3,0.0,0.0,3.86,87,305,0
2026-08-02 18:36:24,0.8,91.8,212706.67,35.0,11.3,5.5,0.01,0.0,4.74,87,305,0
2026-08-02 18:36:30,4.8,91.6,218369.33,35.0,8.28,1.13,0.01,0.01,115.12,86,305,0
2026-08-02 18:36:36,6.6,90.8,238693.33,35.0,1.84,2.72,0.01,0.0,70.56,86,305,0
2026-08-02 18:36:42,0.4,90.3,252208.0,35.0,2.26,1.27,0.01,0.0,150.63,86,304,0
2026-08-02 18:36:48,2.1,87.3,328605.33,35.0,196.66,160.37,0.01,0.01,4.52,86,305,0
2026-08-02 18:36:54,33.8,88.4,300212.0,35.0,8.03,6.5,0.02,0.01,3.69,86,305,0
2026-08-02 18:37:00,4.7,88.8,290858.67,35.0,43.79,2.61,0.01,0.0,4.16,86,305,0
2026-08-02 18:37:06,1.2,89.1,282138.67,35.0,66.09,6.43,0.01,0.0,3.65,86,305,0
2026-08-02 18:37:12,3.1,88.6,296149.33,35.0,22.64,3.13,0.01,0.0,22.46,85,305,0
2026-08-02 18:37:19,20.4,87.8,317062.67,35.0,1.68,5.72,0.01,0.01,72.97,85,304,0
2026-08-02 18:37:25,3.3,87.7,318417.33,35.0,0.94,1.41,0.01,0.01,4.68,85,304,0
2026-08-02 18:37:31,7.2,87.8,315250.67,35.0,1.04,2.57,0.01,0.01,3.55,85,304,0
2026-08-02 18:37:37,1.4,87.9,312853.33,35.0,2.41,5.79,0.01,0.0,28.83,85,305,0
2026-08-02 18:37:43,0.5,88.0,310430.67,35.0,2.05,2.68,0.0,0.0,4.22,85,304,0
2026-08-02 18:37:49,1.0,88.1,307422.67,35.0,1.29,2.6,0.01,0.0,5.48,85,304,0
2026-08-02 18:37:55,1.0,88.2,306133.33,35.0,10.62,8.41,0.01,0.0,34.44,85,304,0
2026-08-02 18:38:01,11.2,87.9,313304.0,35.0,1.29,2.66,0.02,0.01,70.06,85,304,0
2026-08-02 18:38:07,3.4,88.0,310460.0,35.0,1.51,1.68,0.01,0.0,4.1,85,304,0
2026-08-02 18:38:13,1.3,88.0,310930.67,35.0,1.39,5.88,0.01,0.08,51.12,85,304,0
2026-08-02 18:38:19,0.4,88.0,311009.33,35.0,1.81,2.74,0.01,0.0,17.02,85,304,0
2026-08-02 18:38:25,11.4,88.2,305013.33,35.0,1.39,1.66,0.01,0.0,141.44,84,304,0
2026-08-02 18:38:31,2.7,88.1,308416.0,35.0,2.11,6.62,0.0,0.0,1051.19,84,310,1
2026-08-02 18:38:38,39.0,89.8,265652.0,35.0,195.13,4.71,0.01,0.01,31.09,84,304,0
2026-08-02 18:38:44,10.7,87.4,326813.33,35.0,164.98,173.59,0.0,0.0,121.85,84,305,0
2026-08-02 18:38:50,1.6,87.5,324166.67,35.0,25.88,1.43,0.01,0.0,112.07,84,305,0
2026-08-02 18:38:57,0.5,87.4,325506.67,35.0,1.46,2.57,0.01,0.0,37.48,84,304,0
2026-08-02 18:39:03,3.5,87.7,318820.0,35.0,1.68,5.46,0.01,0.0,9.82,84,304,0
2026-08-02 18:39:09,11.6,87.5,324409.33,35.0,22.32,3.12,0.01,0.0,1170.49,84,304,1
2026-08-02 18:39:16,3.4,86.8,341593.33,35.0,1.86,7.14,0.02,0.0,1700.83,84,304,1
2026-08-02 18:39:24,0.8,86.9,340416.0,35.0,0.44,3.35,0.02,0.02,87.24,84,304,0
2026-08-02 18:39:30,0.8,87.0,337377.33,35.0,2.43,7.3,0.01,0.01,31.42,84,304,0
2026-08-02 18:39:36,1.4,87.1,333672.0,35.0,0.46,1.76,0.0,0.0,20.14,84,310,0
2026-08-02 18:39:42,11.9,87.2,331192.0,35.0,0.6,2.51,0.01,0.0,49.07,84,304,0
2026-08-02 18:39:48,5.0,87.1,333558.67,35.0,3.36,1.99,0.0,0.0,8.48,83,304,0
2026-08-02 18:39:54,1.3,87.0,337089.33,35.0,0.26,9.04,0.01,0.01,4.96,83,304,0
2026-08-02 18:40:00,1.0,87.2,331394.67,35.0,3.49,2.51,0.03,0.02,62.93,83,304,0
2026-08-02 18:40:06,9.0,87.3,329832.0,35.0,1.42,4.57,0.01,0.0,4.42,83,304,0
2026-08-02 18:40:12,4.3,87.5,323713.33,35.0,3.19,1.88,0.01,0.01,58.7,83,304,0
2026-08-02 18:40:18,13.5,87.4,327094.67,35.0,6.56,2.68,0.0,0.0,63.02,83,304,0
2026-08-02 18:40:24,16.5,87.4,326293.33,35.0,0.27,5.41,0.01,0.0,70.58,83,304,0
2026-08-02 18:40:30,6.8,87.4,326438.67,35.0,0.25,5.59,0.0,0.0,8.91,83,304,0
2026-08-02 18:40:36,4.3,87.4,327960.0,35.0,1.99,2.66,0.01,0.02,5.05,83,304,0
2026-08-02 18:40:42,4.3,87.3,329473.33,35.0,2.79,6.64,0.01,0.0,38.28,83,303,0
2026-08-02 18:40:48,1.0,87.4,327002.67,35.0,0.52,2.57,0.0,0.0,4.73,82,303,0
2026-08-02 18:40:54,0.9,87.4,325880.0,35.0,0.31,1.52,0.01,0.01,46.36,82,303,0
2026-08-02 18:41:00,0.9,87.2,330782.67,35.0,25.0,4.5,0.01,0.0,4.61,82,303,0
2026-08-02 18:41:06,8.4,87.2,332089.33,35.0,1.51,5.57,0.01,0.01,139.66,82,302,0
2026-08-02 18:41:13,6.1,87.3,328549.33,35.0,12.13,2.93,0.01,0.01,5.17,82,303,0
2026-08-02 18:41:19,1.7,87.3,329108.0,35.0,0.36,5.25,0.01,0.01,197.67,82,303,0
2026-08-02 18:41:25,16.6,87.4,326181.33,35.0,10.75,2.43,0.02,0.01,45.79,82,303,0
2026-08-02 18:41:31,2.9,87.3,329057.33,35.0,37.8,6.69,0.0,0.0,4.55,82,302,0
2026-08-02 18:41:37,10.2,87.3,329629.33,35.0,19.78,5.46,0.01,0.0,1487.82,82,302,1
2026-08-02 18:41:44,2.6,87.6,322652.0,35.0,24.52,2.77,0.0,0.0,13.74,82,302,0
2026-08-02 18:41:50,3.4,87.5,325153.33,35.0,33.3,5.54,0.01,0.0,104.62,82,302,0
2026-08-02 18:41:57,3.6,87.4,326145.33,35.0,40.72,2.57,0.01,0.01,96.48,82,302,0
2026-08-02 18:42:03,1.4,87.7,319290.67,35.0,62.85,2.63,0.04,0.03,38.17,82,303,0
2026-08-02 18:42:09,5.2,87.5,323266.67,35.0,22.45,4.86,0.01,0.01,3.71,82,302,0
2026-08-02 18:42:15,9.3,87.6,322072.0,35.0,27.22,1.77,0.0,0.0,47.72,81,308,0
2026-08-02 18:42:21,15.1,87.5,322934.67,35.0,26.14,2.4,0.01,0.0,3.9,81,302,0
2026-08-02 18:42:27,3.6,87.7,319585.33,35.0,18.24,5.53,0.0,0.0,4.26,81,303,0
2026-08-02 18:42:33,2.6,87.7,318366.67,35.0,27.44,6.34,0.01,0.0,25.78,81,303,0
2026-08-02 18:42:39,9.2,87.7,320241.33,35.0,33.08,2.87,0.01,0.0,163.17,81,302,0
2026-08-02 18:42:45,12.2,87.6,321545.33,35.0,52.24,5.92,0.0,0.0,6.75,81,302,0
2026-08-02 18:42:51,4.3,87.8,315957.33,35.0,31.84,2.51,0.01,0.0,7.48,81,303,0
2026-08-02 18:42:57,26.0,87.8,316532.0,35.0,56.73,22.75,0.03,0.05,85.84,81,308,0
2026-08-02 18:43:03,11.9,87.8,315680.0,35.0,57.72,5.44,0.01,0.01,6.39,81,302,0
2026-08-02 18:43:09,6.6,81.9,468350.67,35.0,37.92,1.87,0.0,0.0,23.57,81,302,0
2026-08-02 18:43:15,4.4,82.0,465737.33,35.0,0.81,2.57,0.02,0.1,5.03,81,302,0
2026-08-02 18:43:21,4.7,82.1,464453.33,35.0,0.8,5.51,0.02,0.02,57.18,80,302,0
2026-08-02 18:43:27,11.8,82.3,458068.0,35.0,1.44,2.7,0.0,0.0,60.37,80,302,0
2026-08-02 18:43:34,12.4,82.2,462618.67,35.0,0.34,5.47,0.01,0.0,4.42,80,302,0
2026-08-02 18:43:40,9.2,82.1,464716.0,35.0,2.14,3.52,0.05,0.04,4.19,80,306,0
2026-08-02 18:43:46,23.1,82.0,467909.33,35.0,0.46,6.33,0.01,0.0,82.06,80,302,0
2026-08-02 18:43:52,4.3,82.0,466496.0,35.0,0.51,5.57,0.0,0.0,4.32,80,302,0
2026-08-02 18:43:58,11.3,82.4,456713.33,35.0,1.39,2.45,0.02,0.01,5.33,80,302,0
2026-08-02 18:44:04,17.6,82.1,463252.0,35.0,1.62,2.25,0.01,0.0,29.88,80,302,0
2026-08-02 18:44:10,7.1,82.9,444532.0,35.0,12.25,7.23,0.0,0.0,4.88,80,302,0
2026-08-02 18:44:16,15.8,82.5,453256.0,35.0,0.38,2.37,0.02,0.01,54.25,80,302,0
2026-08-02 18:44:22,5.2,82.8,445900.0,35.0,1.46,1.48,0.0,0.0,53.8,79,308,0
2026-08-02 18:44:28,10.9,82.9,442858.67,35.0,7.29,4.81,0.01,0.01,67.16,79,302,0
2026-08-02 18:44:34,11.3,83.2,436326.67,35.0,2.78,1.34,0.01,0.0,4.15,79,303,0
2026-08-02 18:44:40,5.1,83.1,437241.33,35.0,1.26,3.21,0.0,0.0,4.2,79,303,0
2026-08-02 18:44:46,3.1,83.7,423517.33,35.0,3.69,8.19,0.01,0.0,35.59,79,302,0
2026-08-02 18:44:52,3.9,83.5,428422.67,35.0,0.54,5.27,0.01,0.01,3.78,79,302,0
2026-08-02 18:44:58,3.0,83.6,425650.67,35.0,3.38,2.54,0.05,0.05,4.95,79,302,0
2026-08-02 18:45:04,4.4,83.6,425213.33,35.0,1.66,6.82,0.0,0.0,8.94,79,302,0
2026-08-02 18:45:10,12.1,83.7,423644.0,35.0,0.61,1.9,0.01,0.0,4.03,79,302,0
2026-08-02 18:45:16,7.7,83.6,424892.0,35.0,0.77,1.84,0.01,0.0,4.08,79,302,0
2026-08-02 18:45:22,3.9,83.7,422741.33,35.0,0.44,5.55,0.01,0.01,3.84,79,302,0
2026-08-02 18:45:28,13.5,83.7,422556.0,35.0,0.63,1.65,0.01,0.01,26.77,78,302,0
2026-08-02 18:45:34,5.2,83.6,424389.33,35.0,0.25,1.75,0.0,0.0,18.84,78,302,0
2026-08-02 18:45:40,4.7,83.8,419753.33,35.0,0.95,1.65,0.01,0.0,16.85,78,302,0
2026-08-02 18:45:46,9.0,83.8,419702.67,35.0,0.34,5.52,0.01,0.0,3.71,78,302,0
2026-08-02 18:45:52,12.9,83.6,424574.67,35.0,38.02,6.65,0.01,0.01,76.2,78,302,0
2026-08-02 18:45:59,7.5,83.7,421904.0,35.0,1.33,2.8,0.07,0.05,78.37,78,302,0
2026-08-02 18:46:05,7.2,83.7,422136.0,35.0,10.19,5.61,0.0,0.0,4.78,78,301,0
2026-08-02 18:46:11,4.3,83.9,417716.0,35.0,19.1,2.96,0.03,0.02,3.33,78,302,0
2026-08-02 18:46:17,4.0,84.0,413784.0,35.0,1.01,6.39,0.0,0.0,25.18,78,302,0
2026-08-02 18:46:23,3.4,83.9,417946.67,35.0,0.89,2.4,0.01,0.0,6.36,78,302,0
2026-08-02 18:46:29,4.3,83.9,416397.33,35.0,0.46,2.19,0.01,0.0,4.24,78,301,0
2026-08-02 18:46:35,10.1,83.9,418446.67,35.0,0.78,9.38,0.01,0.0,56.2,77,301,0
2026-08-02 18:46:41,5.3,83.7,421692.0,35.0,1.64,1.88,0.01,0.0,3.34,77,301,0
2026-08-02 18:46:47,6.6,83.8,421154.67,35.0,0.14,2.39,0.0,0.0,4.52,77,301,0
2026-08-02 18:46:53,4.9,83.9,418262.67,35.0,1.06,6.27,0.01,0.01,4.62,77,301,0
2026-08-02 18:46:59,4.3,83.9,416556.0,35.0,0.47,3.24,0.02,0.01,25.78,77,301,0
2026-08-02 18:47:05,23.1,83.8,419277.33,35.0,0.34,5.68,0.0,0.0,7.54,77,301,0
2026-08-02 18:47:11,2.9,83.8,419172.0,35.0,1.32,1.9,0.01,0.01,4.0,77,301,0
2026-08-02 18:47:17,12.2,84.0,416040.0,35.0,0.33,2.57,0.0,0.0,16.47,77,301,0
2026-08-02 18:47:23,5.3,84.0,414464.0,35.0,0.02,5.28,0.01,0.01,3.79,77,301,0
2026-08-02 18:47:29,23.7,84.1,411666.67,35.0,0.05,3.02,0.0,0.0,58.0,77,301,0
2026-08-02 18:47:35,4.3,84.0,414998.67,35.0,0.47,2.38,0.01,0.0,62.36,77,301,0
2026-08-02 18:47:41,4.1,84.0,415690.67,35.0,0.88,4.65,0.01,0.0,3.84,77,301,0
2026-08-02 18:47:47,6.6,84.2,408856.0,35.0,0.17,2.77,0.0,0.0,4.57,77,301,0
2026-08-02 18:47:53,2.9,84.0,413950.67,35.0,0.22,6.29,0.01,0.0,3.94,77,302,0
2026-08-02 18:47:59,9.5,84.2,409764.0,35.0,0.76,5.32,0.03,0.02,15.67,76,302,0
2026-08-02 18:48:05,22.2,84.1,413069.33,35.0,0.29,2.72,0.01,0.0,65.76,76,302,0
2026-08-02 18:48:11,3.0,80.8,497128.0,35.0,1.37,6.72,0.01,0.0,3.67,76,302,0
2026-08-02 18:48:17,5.6,81.0,493273.33,35.0,0.89,2.78,0.01,0.08,64.28,76,302,0
2026-08-02 18:48:24,7.0,80.8,496877.33,35.0,0.34,5.24,0.01,0.0,10.04,76,302,0
2026-08-02 18:48:30,5.5,80.7,501369.33,35.0,0.06,2.71,0.0,0.0,32.32,76,302,0
2026-08-02 18:48:36,6.5,80.9,495893.33,35.0,0.48,2.86,0.01,0.0,4.1,76,302,0
2026-08-02 18:48:42,10.1,81.7,475525.33,35.0,2.21,6.83,0.0,0.0,45.94,76,302,0
2026-08-02 18:48:48,5.4,80.7,501534.67,35.0,1.43,6.62,0.01,0.02,4.19,75,302,0
2026-08-02 18:48:54,4.5,80.7,501230.67,35.0,0.27,2.26,0.01,0.0,54.53,75,302,0
2026-08-02 18:49:00,5.9,80.8,496792.0,35.0,2.82,4.74,0.01,0.01,4.45,75,302,0
2026-08-02 18:49:06,9.1,81.0,493637.33,35.0,0.39,2.73,0.01,0.0,9.51,75,302,0
2026-08-02 18:49:12,2.3,81.1,490060.0,35.0,0.97,2.02,0.0,0.0,22.93,75,302,0
2026-08-02 18:49:18,3.1,81.1,491106.67,35.0,0.98,6.38,0.01,0.01,68.6,75,302,0
2026-08-02 18:49:24,8.7,81.1,489924.0,35.0,0.22,1.58,0.01,0.01,61.74,75,302,0
2026-08-02 18:49:30,10.9,81.2,488248.0,35.0,0.6,2.95,0.0,0.0,4.93,75,302,0
2026-08-02 18:49:36,3.8,81.0,492712.0,35.0,0.64,5.86,0.01,0.0,3.68,75,302,0
2026-08-02 18:49:42,8.8,80.7,501548.0,35.0,0.34,3.0,0.0,0.0,35.54,75,302,0
2026-08-02 18:49:48,4.7,81.0,493466.67,35.0,0.44,2.66,0.01,0.0,68.51,75,302,0
2026-08-02 18:49:54,2.3,80.9,494513.33,35.0,0.14,4.42,0.01,0.0,3.73,75,302,0
2026-08-02 18:50:00,2.9,81.1,489654.67,35.0,3.41,2.68,0.04,0.03,4.17,75,302,0
2026-08-02 18:50:06,9.6,81.1,490538.67,35.0,1.2,5.94,0.01,0.0,23.45,75,302,0
2026-08-02 18:50:12,26.4,81.4,481505.33,35.0,20.01,1.83,0.01,0.01,3.72,75,305,0
2026-08-02 18:50:18,6.2,81.4,482669.33,35.0,7.79,7.14,0.02,0.01,50.49,74,304,0
2026-08-02 18:50:24,4.1,81.6,477245.33,35.0,0.17,1.69,0.0,0.0,4.44,74,304,0
2026-08-02 18:50:30,4.6,82.1,465430.67,35.0,35.89,8.66,0.01,0.02,52.05,74,307,0
2026-08-02 18:50:37,3.8,82.3,458020.0,35.0,0.29,2.59,0.01,0.0,5.32,74,307,0
2026-08-02 18:50:43,13.3,82.2,460650.67,35.0,0.28,1.88,0.0,0.0,51.1,74,307,0
2026-08-02 18:50:49,11.1,82.2,462734.67,35.0,0.89,6.62,0.01,0.01,4.06,74,306,0
2026-08-02 18:50:55,10.7,82.2,461701.33,35.0,0.11,2.24,0.0,0.0,51.54,74,306,0
2026-08-02 18:51:01,5.8,82.2,462065.33,35.0,1.69,6.33,0.02,0.01,4.17,74,305,0
2026-08-02 18:51:07,6.7,82.1,463589.33,35.0,0.2,2.61,0.01,0.01,3.73,74,305,0
2026-08-02 18:51:13,5.0,82.1,463400.0,35.0,1.09,6.05,0.0,0.0,36.42,74,305,0
2026-08-02 18:51:19,7.5,82.0,466450.67,35.0,1.46,2.37,0.01,0.0,4.03,74,305,0
2026-08-02 18:51:25,18.3,82.8,445424.0,35.0,33.28,5.15,0.03,0.08,4.83,73,306,0
2026-08-02 18:51:31,10.8,82.3,459289.33,35.0,4.43,19.13,0.01,0.0,3.89,73,310,0
2026-08-02 18:51:37,19.2,82.6,451538.67,35.0,11.52,4.25,0.0,0.0,3.49,73,304,0
2026-08-02 18:51:43,3.0,82.3,457860.0,35.0,1.28,7.48,0.01,0.01,4.4,73,304,0
2026-08-02 18:51:49,6.2,82.4,455906.67,35.0,0.24,2.56,0.01,0.01,3.99,73,304,0
2026-08-02 18:51:55,4.1,82.5,454916.0,35.0,0.22,2.61,0.0,0.0,3.68,73,304,0
2026-08-02 18:52:01,9.8,82.7,449317.33,35.0,1.87,5.36,0.04,0.02,7.47,73,303,0
2026-08-02 18:52:07,1.9,82.4,456152.0,35.0,0.33,2.88,0.0,0.0,67.79,73,303,0
2026-08-02 18:52:13,2.5,82.4,455162.67,35.0,0.57,5.84,0.01,0.0,5.31,73,303,0
2026-08-02 18:52:19,7.7,82.2,462230.67,35.0,0.2,2.39,0.01,0.0,35.69,73,303,0
2026-08-02 18:52:25,6.4,82.4,457238.67,35.0,0.69,5.4,0.0,0.0,3.86,72,303,0
2026-08-02 18:52:31,2.1,82.5,454916.0,35.0,0.39,2.7,0.01,0.0,4.67,72,303,0
2026-08-02 18:52:37,3.1,82.4,455674.67,35.0,0.15,2.6,0.0,0.0,5.12,72,303,0
2026-08-02 18:52:43,8.0,82.1,464356.0,35.0,0.2,4.79,0.01,0.0,15.54,72,303,0
2026-08-02 18:52:49,4.4,82.5,454710.67,35.0,1.38,2.54,0.01,0.0,4.77,72,303,0
2026-08-02 18:52:55,10.7,82.6,451874.67,35.0,23.11,27.95,0.0,0.01,3.74,72,303,0
2026-08-02 18:53:01,8.2,82.3,457846.67,35.0,0.92,9.78,0.02,0.01,19.38,72,303,0
2026-08-02 18:53:07,5.2,82.5,453172.0,35.0,0.43,2.14,0.0,0.0,4.34,72,303,0
2026-08-02 18:53:13,2.4,82.5,453782.67,35.0,0.38,2.45,0.01,0.09,4.39,72,303,0
2026-08-02 18:53:19,3.8,82.4,457484.0,35.0,0.44,5.63,0.0,0.0,3.6,72,303,0
2026-08-02 18:53:25,8.7,82.5,454557.33,35.0,0.46,2.64,0.03,0.02,6.98,72,303,0
2026-08-02 18:53:31,3.3,82.5,454140.0,35.0,0.1,2.73,0.01,0.0,3.67,72,303,0
2026-08-02 18:53:37,8.6,82.3,457952.0,35.0,0.35,5.71,0.0,0.0,4.44,72,303,0
2026-08-02 18:53:43,8.5,82.4,457173.33,35.0,0.23,3.34,0.01,0.0,42.62,72,303,0
2026-08-02 18:53:50,6.3,82.4,455537.33,35.0,0.18,2.71,0.0,0.0,3.95,71,303,0
2026-08-02 18:53:56,1.7,82.5,455028.0,35.0,0.23,2.45,0.01,0.0,4.76,71,303,0
2026-08-02 18:54:02,1.0,82.4,455676.0,35.0,0.34,5.42,0.03,0.02,4.5,71,303,0
2026-08-02 18:54:08,5.8,82.5,453797.33,35.0,0.32,2.61,0.01,0.01,3.52,71,303,0
2026-08-02 18:54:14,2.2,82.3,457990.67,35.0,0.12,1.46,0.01,0.0,4.44,71,303,0
2026-08-02 18:54:20,2.7,82.2,462817.33,35.0,0.33,5.26,0.0,0.0,4.79,71,303,0
2026-08-02 18:54:26,5.7,82.5,453438.67,35.0,0.21,2.25,0.01,0.0,4.51,71,309,0
2026-08-02 18:54:32,6.9,82.5,453122.67,35.0,0.23,5.65,0.0,0.0,11.69,71,303,0
2026-08-02 18:54:38,2.7,82.3,459982.67,35.0,0.32,2.68,0.01,0.0,3.69,71,303,0
2026-08-02 18:54:44,7.6,82.4,456353.33,35.0,0.84,1.37,0.01,0.0,49.1,71,303,0
2026-08-02 18:54:50,26.3,83.1,438153.33,35.0,0.25,5.41,0.0,0.0,4.59,70,303,0
2026-08-02 18:54:56,2.2,84.0,414149.33,35.0,0.79,2.28,0.01,0.0,3.74,70,303,0
2026-08-02 18:55:02,5.9,83.6,425578.67,35.0,47.66,19.77,0.02,0.02,4.14,70,303,0
2026-08-02 18:55:08,8.6,83.4,431204.0,35.0,11.44,2.77,0.01,0.0,5.78,70,308,0
2026-08-02 18:55:14,9.2,83.4,431032.0,35.0,0.22,1.45,0.01,0.0,4.47,70,303,0
2026-08-02 18:55:20,0.9,83.4,429634.67,35.0,0.32,5.36,0.0,0.01,3.75,70,303,0
2026-08-02 18:55:26,10.9,83.5,427693.33,35.0,0.31,2.27,0.02,0.01,19.27,70,303,0
2026-08-02 18:55:32,5.5,83.2,434770.67,35.0,7.55,10.88,0.0,0.0,4.26,70,303,0
2026-08-02 18:55:38,1.9,83.2,436804.0,35.0,0.56,6.16,0.01,0.0,5.41,70,303,0
2026-08-02 18:55:44,1.4,83.1,438088.0,35.0,0.12,2.26,0.0,0.0,4.33,70,303,0
2026-08-02 18:55:50,1.7,83.1,438293.33,35.0,0.27,5.43,0.01,0.0,4.25,70,303,0
2026-08-02 18:55:56,8.0,83.2,435365.33,35.0,0.4,2.45,0.01,0.0,11.43,70,303,0
2026-08-02 18:56:02,4.4,83.3,432106.67,35.0,1.53,5.48,0.02,0.01,4.38,69,303,0
2026-08-02 18:56:08,7.3,83.3,433700.0,35.0,0.86,3.73,0.01,0.01,12.77,69,303,0
2026-08-02 18:56:14,2.4,83.3,432421.33,35.0,0.33,2.36,0.0,0.0,15.71,69,303,0
2026-08-02 18:56:20,1.7,83.3,433692.0,35.0,0.49,4.82,0.01,0.0,6.81,69,303,0
2026-08-02 18:56:26,4.2,83.2,436834.67,35.0,0.23,2.23,0.01,0.01,61.64,69,303,0
2026-08-02 18:56:32,1.8,83.0,440344.0,35.0,0.45,1.8,0.01,0.0,3.86,69,302,0
2026-08-02 18:56:38,7.9,83.2,436941.33,35.0,1.55,6.68,0.01,0.01,4.14,69,302,0
2026-08-02 18:56:44,2.6,83.2,436154.67,35.0,0.36,2.35,0.01,0.0,5.08,69,302,0
2026-08-02 18:56:50,5.5,83.0,441342.67,35.0,0.39,1.64,0.01,0.0,19.05,69,302,0
2026-08-02 18:56:56,1.2,83.2,435748.0,35.0,0.69,6.98,0.0,0.0,42.7,69,302,0
2026-08-02 18:57:03,1.7,83.1,437006.67,35.0,1.27,2.5,0.02,0.01,3.79,69,302,0
2026-08-02 18:57:09,2.0,83.3,433972.0,35.0,0.77,2.97,0.0,0.0,3.9,69,302,0
2026-08-02 18:57:15,2.5,83.1,438182.67,35.0,4.52,13.67,0.01,0.0,3.51,68,302,0
2026-08-02 18:57:21,6.8,83.2,436138.67,35.0,0.0,2.27,0.01,0.0,5.23,68,302,0
2026-08-02 18:57:27,3.9,83.1,438752.0,35.0,15.11,6.57,0.02,0.01,4.15,68,302,0
2026-08-02 18:57:33,1.8,83.2,436205.33,35.0,0.3,2.84,0.01,0.0,72.79,68,302,0
2026-08-02 18:57:39,3.7,83.0,442160.0,35.0,0.52,5.79,0.0,0.0,46.32,68,302,0
2026-08-02 18:57:45,4.3,82.9,443017.33,35.0,0.08,2.71,0.01,0.0,3.66,68,302,0
2026-08-02 18:57:51,7.4,83.1,437973.33,35.0,0.12,2.44,0.01,0.0,34.6,68,301,0
2026-08-02 18:57:57,3.1,83.3,432996.0,35.0,0.29,5.19,0.0,0.01,4.25,68,301,0
2026-08-02 18:58:03,13.3,83.5,428956.0,35.0,1.01,2.42,0.03,0.02,4.47,68,301,0
2026-08-02 18:58:09,8.0,81.2,488301.33,35.0,0.3,4.52,0.0,0.0,4.47,68,301,0
2026-08-02 18:58:15,3.6,81.3,485020.0,35.0,0.39,5.59,0.02,0.09,3.7,68,301,0
2026-08-02 18:58:21,1.2,81.5,479244.0,35.0,0.09,5.6,0.01,0.0,3.13,68,301,0
2026-08-02 18:58:27,9.7,81.4,481565.33,35.0,0.2,2.45,0.0,0.0,3.97,67,301,0
2026-08-02 18:58:33,3.4,81.3,484386.67,35.0,0.68,6.28,0.01,0.0,88.05,67,301,0
2026-08-02 18:58:39,10.3,82.5,454826.67,35.0,2.75,4.79,0.0,0.0,4.38,67,301,0
2026-08-02 18:58:45,8.0,81.3,484909.33,35.0,0.59,5.42,0.01,0.0,4.13,67,301,0
2026-08-02 18:58:51,5.1,81.5,479080.0,35.0,0.46,3.01,0.0,0.0,5.21,67,301,0
2026-08-02 18:58:57,9.3,81.5,480969.33,35.1,1.77,6.82,0.01,0.0,4.22,67,301,0
2026-08-02 18:59:03,3.3,81.8,473216.0,35.1,0.68,3.56,0.01,0.01,4.0,67,301,0
2026-08-02 18:59:09,1.7,81.8,470869.33,35.1,0.6,2.14,0.0,0.01,3.64,67,301,0
2026-08-02 18:59:15,1.8,81.7,475574.67,35.1,0.89,5.96,0.01,0.0,3.83,67,301,0
2026-08-02 18:59:21,5.7,82.1,463101.33,35.1,47.43,4.08,0.01,0.03,15.31,67,304,0
2026-08-02 18:59:27,11.5,82.2,462285.33,35.1,0.26,2.78,0.01,0.01,28.54,66,304,0
2026-08-02 18:59:33,13.0,82.2,460812.0,35.1,0.46,8.06,0.01,0.0,5.13,66,304,0
2026-08-02 18:59:39,3.1,82.3,459129.33,35.1,4.36,11.14,0.0,0.0,4.06,66,304,0
2026-08-02 18:59:45,12.2,80.4,508598.67,35.1,1.21,6.41,0.01,0.0,37.17,66,304,0
2026-08-02 18:59:51,1.8,80.9,496605.33,35.1,0.11,2.34,0.0,0.0,3.86,66,304,0
2026-08-02 18:59:57,4.1,80.9,496265.33,35.1,2.11,6.39,0.02,0.01,145.66,66,303,0
2026-08-02 19:00:04,3.0,81.0,491933.33,35.1,0.81,2.27,0.01,0.0,64.7,66,302,0
2026-08-02 19:00:10,9.6,81.1,491006.67,35.1,0.8,6.32,0.0,0.0,4.0,66,302,0
2026-08-02 19:00:16,14.8,81.1,489302.67,35.1,0.28,3.08,0.01,0.01,3.92,66,302,0
2026-08-02 19:00:22,6.6,80.8,497517.33,35.1,0.58,2.62,0.0,0.0,19.98,66,300,0
2026-08-02 19:00:28,6.1,81.0,493694.67,35.1,0.38,5.56,0.01,0.0,4.37,66,300,0
2026-08-02 19:00:34,4.9,81.0,493329.33,35.1,0.22,1.75,0.0,0.0,4.38,65,300,0
2026-08-02 19:00:40,5.8,81.1,491377.33,35.1,0.31,1.89,0.01,0.0,4.73,65,300,0
2026-08-02 19:00:46,5.1,81.0,493425.33,35.1,0.77,12.7,0.01,0.0,4.23,65,300,0
2026-08-02 19:00:52,11.1,81.1,489321.33,35.1,0.12,5.69,0.0,0.0,4.73,65,300,0
2026-08-02 19:00:58,16.2,81.3,483772.0,35.1,0.31,2.24,0.01,0.0,7.69,65,300,0
2026-08-02 19:01:04,5.3,81.1,490808.0,35.1,0.1,4.38,0.0,0.0,3.94,65,300,0
2026-08-02 19:01:10,4.4,80.9,494694.67,35.1,0.56,3.72,0.01,0.01,9.88,65,300,0
2026-08-02 19:01:16,6.3,81.0,493494.67,35.1,0.28,2.2,0.01,0.0,3.9,65,300,0
2026-08-02 19:01:22,7.9,81.1,490726.67,35.1,0.42,5.87,0.0,0.0,41.79,65,300,0
2026-08-02 19:01:28,6.2,81.2,487994.67,35.1,0.72,6.75,0.02,0.0,36.82,65,300,0
2026-08-02 19:01:34,22.7,81.6,476476.0,35.1,20.33,22.04,0.01,0.01,92.71,65,300,0
2026-08-02 19:01:40,15.9,84.6,399502.67,35.1,324.09,21.82,0.06,0.22,3.34,65,301,0
2026-08-02 19:01:46,5.1,85.5,376158.67,35.1,98.72,58.03,0.0,0.0,10.07,65,301,0
2026-08-02 19:01:52,5.0,84.9,391564.0,35.1,32.83,20.54,0.03,0.02,4.39,65,301,0
2026-08-02 19:01:58,4.8,84.3,407913.33,35.1,5.53,3.28,0.03,0.02,33.25,64,301,0
2026-08-02 19:02:04,9.4,84.1,412001.33,35.1,3.06,1.73,0.01,0.01,3.47,64,301,0
2026-08-02 19:02:10,10.9,84.3,406829.33,35.1,1.54,10.25,0.01,0.02,4.08,64,301,0
2026-08-02 19:02:16,9.8,84.3,408272.0,35.1,0.46,2.36,0.0,0.0,50.02,64,301,0
2026-08-02 19:02:23,5.3,83.6,424888.0,35.1,0.55,5.26,0.01,0.01,17.37,64,300,0
2026-08-02 19:02:29,10.8,83.7,421874.67,35.1,0.39,2.8,0.0,0.0,4.38,64,300,0
2026-08-02 19:02:35,11.0,83.8,420057.33,35.1,3.28,1.84,0.01,0.0,3.59,64,300,0
2026-08-02 19:02:41,12.2,83.6,425936.0,35.1,1.12,5.83,0.01,0.01,4.03,64,300,0
2026-08-02 19:02:47,9.9,84.4,405666.67,35.1,112.17,1.95,0.02,0.02,4.18,63,301,0
2026-08-02 19:02:53,10.0,84.2,409045.33,35.1,0.46,2.38,0.01,0.0,4.14,63,302,0
2026-08-02 19:02:59,11.6,84.3,406560.0,35.1,2.36,1.62,0.02,0.02,30.47,63,302,0
2026-08-02 19:03:05,14.2,84.4,404036.0,35.1,0.61,10.0,0.01,0.0,4.43,63,302,0
2026-08-02 19:03:11,4.0,82.4,456532.0,35.1,4.81,7.55,0.01,0.02,3.71,63,302,0
2026-08-02 19:03:17,4.3,82.1,464746.67,35.1,1.33,5.73,0.01,0.09,7.6,63,301,0
2026-08-02 19:03:23,7.2,82.2,462373.33,35.1,1.57,2.46,0.01,0.01,8.87,63,301,0
2026-08-02 19:03:29,7.3,82.2,460764.0,35.1,1.98,1.88,0.02,0.03,4.21,63,301,0
2026-08-02 19:03:35,6.9,83.3,431920.0,35.1,52.73,5.39,0.01,0.01,14.27,63,301,0
2026-08-02 19:03:41,15.4,83.6,425900.0,35.1,3.16,2.64,0.01,0.0,73.98,63,301,0
2026-08-02 19:03:47,6.2,83.3,432432.0,35.1,0.19,5.2,0.0,0.0,3.75,63,301,0
2026-08-02 19:03:53,4.2,83.5,428328.0,35.1,0.2,2.58,0.01,0.01,3.96,63,301,0
2026-08-02 19:03:59,8.9,83.6,426258.67,35.1,14.68,3.29,0.04,0.02,4.26,63,301,0
2026-08-02 19:04:05,10.0,83.8,420780.0,35.1,5.38,7.15,4.14,0.08,8.71,63,301,0
2026-08-02 19:04:11,7.9,83.6,424262.67,35.1,1.89,8.58,0.01,0.01,7.53,62,301,0
2026-08-02 19:04:17,5.9,83.8,420474.67,35.1,0.36,2.68,0.01,0.0,4.77,62,301,0
2026-08-02 19:04:23,14.4,84.1,413549.33,35.1,13.85,4.98,0.02,0.09,4.13,62,301,0
2026-08-02 19:04:29,12.0,84.0,413933.33,35.1,0.58,1.7,0.0,0.0,4.46,62,301,0
2026-08-02 19:04:35,6.9,84.1,413532.0,35.1,0.24,1.46,0.01,0.0,4.27,62,301,0
2026-08-02 19:04:41,9.3,83.5,427117.33,35.1,0.84,2.68,0.0,0.0,4.0,62,301,0
2026-08-02 19:04:47,9.4,84.3,408153.33,35.1,17.68,5.34,0.01,0.0,4.03,62,301,0
2026-08-02 19:04:53,3.1,84.1,412493.33,35.1,0.22,1.59,0.0,0.0,29.58,62,301,0
2026-08-02 19:04:59,11.9,84.3,407636.0,35.1,3.23,5.31,0.01,0.0,4.51,62,301,0
2026-08-02 19:05:05,11.5,87.5,322926.67,35.1,132.16,6.45,0.01,0.01,4.21,62,304,0
2026-08-02 19:05:11,7.2,87.2,332548.0,35.1,67.21,3.07,0.02,0.02,27.31,62,304,0
2026-08-02 19:05:17,5.7,87.3,328992.0,35.1,28.17,2.69,0.01,0.0,5.3,62,304,0
2026-08-02 19:05:23,5.8,86.8,342525.33,35.1,23.14,4.73,0.0,0.0,4.08,61,304,0
2026-08-02 19:05:29,9.1,86.6,347877.33,35.1,0.47,2.64,0.01,0.01,28.72,61,304,0
2026-08-02 19:05:35,4.7,86.4,353196.0,35.1,1.34,2.66,0.01,0.01,4.91,61,303,0
2026-08-02 19:05:41,2.6,85.9,365260.0,35.1,0.69,6.05,0.0,0.0,12.08,61,303,0
2026-08-02 19:05:48,9.5,85.8,367690.67,35.1,0.51,2.35,0.01,0.0,4.01,61,302,0
2026-08-02 19:05:54,6.7,85.7,370497.33,35.1,0.35,5.62,0.0,0.0,6.03,61,302,0
2026-08-02 19:06:00,2.4,86.1,361437.33,35.1,0.68,2.4,0.03,0.01,3.96,61,302,0
2026-08-02 19:06:06,8.2,86.7,345226.67,35.1,172.78,6.27,0.01,0.01,39.7,61,303,0
2026-08-02 19:06:12,2.9,86.9,340197.33,35.1,73.92,7.14,0.01,0.0,64.49,60,303,0
2026-08-02 19:06:18,3.4,86.6,347572.0,35.1,33.15,2.41,0.01,0.0,4.7,60,303,0
2026-08-02 19:06:24,3.5,86.4,351494.67,35.1,23.56,5.53,0.0,0.0,41.61,60,303,0
2026-08-02 19:06:30,15.3,86.4,353328.0,35.1,2.81,2.5,0.02,0.03,67.73,60,303,0
2026-08-02 19:06:36,9.3,85.6,373476.0,35.1,5.93,2.18,0.0,0.0,4.23,60,302,0
2026-08-02 19:06:42,2.2,85.7,369721.33,35.1,5.33,7.29,0.01,0.0,4.83,60,302,0
2026-08-02 19:06:48,2.6,85.8,367789.33,35.1,1.58,1.5,0.0,0.01,28.59,60,302,0
2026-08-02 19:06:54,7.5,85.8,368312.0,35.1,0.97,2.4,0.01,0.0,3.84,60,302,0
2026-08-02 19:07:00,3.0,85.8,369545.33,35.1,5.18,8.35,0.01,0.0,47.18,60,302,0
2026-08-02 19:07:06,3.9,85.9,366630.67,35.1,12.22,7.22,0.0,0.0,3.89,60,302,0
2026-08-02 19:07:12,6.6,86.0,362762.67,35.1,1.71,8.45,0.01,0.0,51.79,60,308,0
2026-08-02 19:07:18,8.4,85.9,365690.67,35.1,0.25,2.14,0.0,0.0,3.86,60,302,0
2026-08-02 19:07:24,6.8,86.0,362461.33,35.1,6.11,2.6,0.01,0.0,58.03,59,302,0
2026-08-02 19:07:30,28.1,89.6,269697.33,35.1,433.74,12.37,0.05,0.32,3.9,59,302,0
2026-08-02 19:07:36,7.9,83.9,417253.33,35.1,59.9,346.16,0.01,0.01,45.11,59,302,0
2026-08-02 19:07:42,3.2,83.7,422505.33,35.1,1.27,7.23,0.01,0.0,70.55,59,302,0
2026-08-02 19:07:48,11.8,83.8,419688.0,35.1,0.39,2.33,0.0,0.0,73.26,59,302,0
2026-08-02 19:07:55,13.4,84.2,410214.67,35.1,53.88,1.73,0.01,0.01,3.88,59,303,0
2026-08-02 19:08:01,11.3,84.1,412642.67,35.1,3.45,5.52,0.02,0.01,4.25,59,302,0
2026-08-02 19:08:07,5.2,83.2,435594.67,35.1,17.26,35.46,0.01,0.01,6.6,59,306,0
2026-08-02 19:08:13,4.3,82.7,449089.33,35.1,0.56,10.63,0.01,0.0,3.94,59,306,0
2026-08-02 19:08:19,7.0,82.5,452777.33,35.1,1.3,2.71,0.02,0.08,62.1,59,306,0
2026-08-02 19:08:25,4.5,81.8,471800.0,35.1,0.76,6.02,0.01,0.0,4.25,58,305,0
2026-08-02 19:08:31,6.1,82.4,455514.67,35.1,6.97,3.77,0.01,0.06,8.58,58,306,0
2026-08-02 19:08:37,7.8,82.6,450089.33,35.1,0.29,3.21,0.01,0.0,3.63,58,306,0
2026-08-02 19:08:43,7.9,83.6,426554.67,35.1,2.91,5.93,0.0,0.0,13.03,58,306,0
2026-08-02 19:08:49,3.1,82.2,460854.67,35.1,1.22,4.42,0.01,0.01,4.23,58,305,0
2026-08-02 19:08:55,5.5,82.3,458849.33,35.1,0.11,2.55,0.01,0.0,45.08,58,305,0
2026-08-02 19:09:01,5.6,83.1,438933.33,35.1,32.83,10.14,0.02,0.06,4.53,58,305,0
2026-08-02 19:09:07,2.5,83.1,439070.67,35.1,1.46,1.97,0.01,0.0,48.38,58,303,0
2026-08-02 19:09:13,4.9,82.9,442620.0,35.1,4.43,3.23,0.0,0.0,4.62,58,302,0
2026-08-02 19:09:19,18.3,83.5,427985.33,35.1,3.37,8.12,0.01,0.0,132.34,58,303,0
2026-08-02 19:09:25,10.7,83.4,430358.67,35.1,2.56,3.04,0.01,0.0,22.08,58,303,0
2026-08-02 19:09:31,5.3,83.3,433244.0,35.1,3.49,6.21,0.0,0.0,5.13,58,303,0
2026-08-02 19:09:37,5.3,82.9,444030.67,35.1,0.87,8.05,0.01,0.01,8.11,58,303,0
2026-08-02 19:09:43,2.7,83.0,441768.0,35.1,0.68,2.8,0.01,0.0,69.14,58,303,0
2026-08-02 19:09:49,17.1,83.3,434274.67,35.1,2.71,6.96,0.01,0.0,4.35,57,303,0
2026-08-02 19:09:55,1.6,83.3,432622.67,35.1,0.59,3.1,0.01,0.01,49.73,57,303,0
2026-08-02 19:10:01,7.0,83.5,426754.67,35.1,2.38,6.02,0.04,0.02,4.64,57,306,0
2026-08-02 19:10:07,15.7,83.6,426138.67,35.1,1.95,3.19,0.01,0.0,43.97,57,303,0
2026-08-02 19:10:14,0.6,83.2,434698.67,35.1,0.41,1.68,0.0,0.0,4.1,57,303,0
2026-08-02 19:10:20,5.7,82.9,444496.0,35.1,0.73,1.39,0.01,0.0,4.24,57,302,0
2026-08-02 19:10:26,4.0,83.2,435353.33,35.1,2.44,11.93,0.03,0.01,3.85,57,302,0
2026-08-02 19:10:32,2.3,83.3,434208.0,35.1,1.23,8.32,0.02,0.01,15.41,57,302,0
2026-08-02 19:10:38,9.1,83.5,428832.0,35.1,0.51,5.62,0.01,0.0,63.3,57,302,0
2026-08-02 19:10:44,8.7,83.2,435073.33,35.1,0.31,2.57,0.01,0.0,3.53,57,302,0
2026-08-02 19:10:50,9.6,83.3,432466.67,35.1,0.14,5.71,0.0,0.0,4.62,56,302,0
2026-08-02 19:10:56,2.7,82.7,448062.67,35.1,7.54,2.72,0.01,0.0,4.14,56,301,0
2026-08-02 19:11:02,1.8,82.8,446622.67,35.1,0.95,2.39,0.01,0.0,18.67,56,301,0
2026-08-02 19:11:08,4.8,82.6,451726.67,35.1,1.9,7.49,0.01,0.01,57.94,56,302,0
2026-08-02 19:11:14,2.0,82.5,453792.0,35.1,0.2,2.55,0.0,0.0,68.68,56,302,0
2026-08-02 19:11:20,1.4,82.6,451870.67,35.1,0.11,5.45,0.01,0.01,70.49,56,302,0
2026-08-02 19:11:26,10.8,82.7,449645.33,35.1,1.7,3.36,0.02,0.01,3.76,56,308,0
2026-08-02 19:11:32,41.4,83.3,431996.0,35.1,18.15,6.61,0.01,0.03,6.85,56,304,0
2026-08-02 19:11:38,1.3,83.1,437780.0,35.1,8.02,3.63,0.02,0.02,4.09,56,304,0
2026-08-02 19:11:44,3.4,83.0,440285.33,35.1,0.7,2.48,0.0,0.0,4.21,56,304,0
2026-08-02 19:11:50,1.0,83.2,435228.0,35.1,0.86,5.45,0.01,0.0,7.91,56,304,0
2026-08-02 19:11:56,2.5,83.0,439574.67,35.1,1.0,2.54,0.01,0.0,42.78,56,304,0
2026-08-02 19:12:02,1.2,83.0,441204.0,35.1,1.12,5.45,0.03,0.03,3.92,56,304,0
2026-08-02 19:12:08,2.1,83.2,436870.67,35.1,11.22,6.46,0.01,0.01,3.87,56,308,0
2026-08-02 19:12:14,9.4,83.3,432465.33,35.1,0.39,2.72,0.0,0.0,16.9,55,303,0
2026-08-02 19:12:20,4.6,83.0,439622.67,35.1,0.57,5.31,0.01,0.0,68.73,55,303,0
2026-08-02 19:12:26,3.1,83.2,435228.0,35.1,4.93,27.09,0.02,0.02,67.55,55,303,0
2026-08-02 19:12:33,3.1,83.3,433190.67,35.1,1.63,3.44,0.0,0.0,6.79,55,302,0
2026-08-02 19:12:39,3.0,82.9,442198.67,35.1,1.14,19.29,0.01,0.0,56.08,55,301,0
2026-08-02 19:12:45,2.4,82.8,444913.33,35.1,0.09,1.85,0.0,0.0,4.01,55,301,0
2026-08-02 19:12:51,3.8,83.0,439832.0,35.1,0.05,5.6,0.01,0.0,4.57,55,305,0
2026-08-02 19:12:57,6.9,83.0,439900.0,35.1,0.97,2.71,0.0,0.0,3.89,55,300,0
2026-08-02 19:13:03,3.3,83.1,439176.0,35.1,25.52,28.22,0.04,0.06,48.67,55,300,0
2026-08-02 19:13:09,9.0,82.7,448393.33,35.1,36.43,5.89,0.01,0.01,3.42,55,300,0
2026-08-02 19:13:15,6.3,80.7,500034.67,35.1,21.12,13.83,0.02,0.1,48.61,55,300,0
2026-08-02 19:13:21,1.2,80.9,495440.0,35.1,0.12,5.21,0.0,0.0,4.92,55,300,0
2026-08-02 19:13:27,2.9,81.0,493737.33,35.1,0.25,2.88,0.02,0.01,4.22,54,300,0
2026-08-02 19:13:33,0.8,80.8,496749.33,35.1,0.5,2.96,0.01,0.01,3.93,54,300,0
2026-08-02 19:13:39,8.4,80.9,496249.33,35.1,1.53,6.08,0.01,0.01,5.46,54,300,0
2026-08-02 19:13:45,5.3,80.8,499000.0,35.1,0.27,2.58,0.01,0.0,4.59,54,300,0
2026-08-02 19:13:51,0.7,80.6,502502.67,35.1,0.38,4.43,0.0,0.0,4.04,54,300,0
2026-08-02 19:13:57,2.1,80.9,496190.67,35.1,0.33,2.38,0.02,0.01,4.73,54,300,0
2026-08-02 19:14:03,6.1,80.8,498288.0,35.1,0.79,2.57,0.01,0.01,4.55,54,300,0
2026-08-02 19:14:09,1.6,80.8,499133.33,35.1,0.28,4.91,0.0,0.0,72.16,54,300,0
2026-08-02 19:14:15,5.2,81.0,493640.0,35.1,0.18,6.93,0.01,0.0,3.91,54,300,0
2026-08-02 19:14:21,10.1,81.1,490265.33,35.1,0.28,2.36,0.0,0.0,4.14,53,300,0
2026-08-02 19:14:27,1.2,81.0,493714.67,35.1,0.68,5.48,0.01,0.0,7.13,53,300,0
2026-08-02 19:14:33,5.2,80.8,497209.33,35.1,0.78,2.41,0.0,0.0,4.0,53,299,0
2026-08-02 19:14:39,2.2,80.9,496576.0,35.1,0.51,6.02,0.01,0.0,4.02,53,299,0
2026-08-02 19:14:45,1.0,80.9,496060.0,35.1,0.3,1.72,0.01,0.01,4.22,53,299,0
2026-08-02 19:14:51,0.7,79.0,544226.67,35.1,0.16,2.22,0.0,0.0,3.6,53,299,0
2026-08-02 19:14:57,2.1,79.4,533460.0,35.1,1.89,5.71,0.02,0.01,6.22,53,299,0
2026-08-02 19:15:03,9.3,79.6,528932.0,35.1,0.47,3.7,0.01,0.0,4.85,53,299,0
2026-08-02 19:15:09,5.7,79.8,524866.67,35.1,0.96,6.41,0.01,0.0,4.22,53,299,0
2026-08-02 19:15:15,5.5,79.8,522726.67,35.1,0.31,2.43,0.01,0.0,38.53,53,299,0
2026-08-02 19:15:21,1.4,79.9,521558.67,35.1,0.27,1.8,0.0,0.0,3.84,53,299,0
2026-08-02 19:15:27,2.2,79.9,521617.33,35.1,0.27,4.89,0.01,0.0,3.34,53,299,0
2026-08-02 19:15:33,3.0,79.8,523549.33,35.1,0.5,6.0,0.01,0.01,4.41,53,299,0
2026-08-02 19:15:39,2.3,79.5,531517.33,35.1,1.0,2.99,0.01,0.01,4.72,53,299,0
2026-08-02 19:15:46,16.5,79.7,525256.0,35.1,0.32,5.26,0.0,0.0,4.19,53,299,0
2026-08-02 19:15:52,2.5,79.6,528546.67,35.1,0.06,1.7,0.01,0.0,4.74,52,299,0
2026-08-02 19:15:58,7.9,79.8,522697.33,35.1,1.62,2.45,0.04,0.03,4.8,52,299,0
2026-08-02 19:16:04,6.7,79.9,521612.0,35.1,0.18,5.71,0.0,0.0,21.54,52,299,0
2026-08-02 19:16:10,1.8,79.9,522205.33,35.1,0.59,3.26,0.01,0.01,4.69,52,299,0
2026-08-02 19:16:16,13.9,79.8,523100.0,35.1,1.59,5.55,0.0,0.0,3.9,52,299,0
2026-08-02 19:16:22,7.4,79.9,520405.33,35.1,0.77,2.4,0.02,0.0,4.2,52,299,0
2026-08-02 19:16:28,10.1,80.2,512578.67,35.1,0.68,5.67,0.02,0.01,14.99,52,299,0
2026-08-02 19:16:34,2.8,80.1,515864.0,35.1,0.92,2.86,0.01,0.01,4.33,52,299,0
2026-08-02 19:16:40,2.1,80.0,518505.33,35.1,0.8,2.65,0.01,0.0,4.15,52,299,0
2026-08-02 19:16:46,11.9,80.2,513668.0,35.1,0.74,5.8,0.01,0.0,4.57,52,299,0
2026-08-02 19:16:52,6.6,80.3,511729.33,35.1,0.41,2.38,0.01,0.0,8.03,51,299,0
2026-08-02 19:16:58,10.4,80.5,506610.67,35.1,0.88,2.84,0.02,0.02,4.36,51,299,0
2026-08-02 19:17:04,1.3,80.3,510957.33,35.1,0.64,10.35,0.01,0.0,4.01,51,299,0
2026-08-02 19:17:10,7.6,80.3,510024.0,35.1,1.03,2.94,0.01,0.0,4.34,51,299,0
2026-08-02 19:17:16,0.8,80.3,509994.67,35.1,0.16,5.06,0.0,0.0,4.95,51,299,0
2026-08-02 19:17:22,6.5,80.0,518746.67,35.1,0.16,2.37,0.01,0.0,3.99,51,299,0
2026-08-02 19:17:28,2.5,80.2,512438.67,35.1,0.31,2.82,0.0,0.0,4.1,51,299,0
2026-08-02 19:17:34,4.4,80.1,516744.0,35.1,0.34,4.86,0.01,0.0,3.63,51,299,0
2026-08-02 19:17:40,9.1,80.1,517210.67,35.1,0.99,1.84,0.01,0.01,22.8,51,299,0
2026-08-02 19:17:46,8.1,80.1,517176.0,35.1,0.04,2.02,0.01,0.0,4.93,51,299,0
2026-08-02 19:17:52,15.6,80.1,515872.0,35.1,0.3,1.43,0.01,0.0,5.12,51,300,0
2026-08-02 19:17:58,3.8,80.5,506942.67,35.1,1.48,5.88,0.02,0.01,4.75,51,300,0
2026-08-02 19:18:04,1.9,80.4,509465.33,35.1,0.95,2.73,0.01,0.01,4.01,51,300,0
2026-08-02 19:18:10,7.7,80.5,506212.0,35.1,0.48,5.84,0.0,0.0,3.55,50,300,0
2026-08-02 19:18:16,4.4,80.8,497981.33,35.1,0.75,3.23,0.02,0.09,4.55,50,303,0
2026-08-02 19:18:22,11.5,80.8,498521.33,35.1,0.14,2.21,0.0,0.0,31.68,50,303,0
2026-08-02 19:18:28,11.9,80.8,496848.0,35.1,0.14,5.98,0.01,0.0,4.43,50,303,0
2026-08-02 19:18:34,18.4,80.7,500222.67,35.1,0.05,1.58,0.01,0.0,48.07,50,303,0
2026-08-02 19:18:40,13.4,82.1,464520.0,35.1,63.02,15.28,0.0,0.0,4.23,50,303,0
2026-08-02 19:18:46,6.3,81.0,492321.33,35.1,0.2,7.95,0.01,0.01,4.92,50,303,0
2026-08-02 19:18:52,4.5,81.2,487050.67,35.1,1.25,3.75,0.01,0.01,25.53,50,303,0
2026-08-02 19:18:58,5.7,81.1,489028.0,35.1,1.14,2.55,0.03,0.03,3.7,50,303,0
2026-08-02 19:19:04,5.1,81.4,483453.33,35.1,0.41,5.42,0.01,0.0,50.85,50,302,0
2026-08-02 19:19:10,40.7,82.6,452089.33,35.1,60.91,7.42,0.02,0.03,3.77,50,310,0
2026-08-02 19:19:16,10.6,82.1,463298.67,35.1,29.55,6.53,0.0,0.0,46.0,50,304,0
2026-08-02 19:19:23,7.0,82.4,457286.67,35.1,0.62,2.66,0.01,0.0,5.17,49,304,0
2026-08-02 19:19:29,6.3,82.2,462417.33,35.1,34.92,6.06,0.01,0.0,3.66,49,303,0
2026-08-02 19:19:35,4.3,82.0,465594.67,35.1,23.56,3.78,0.0,0.0,36.33,49,303,0
2026-08-02 19:19:41,13.4,81.7,473777.33,35.1,13.56,7.05,0.01,0.01,59.62,49,302,0
2026-08-02 19:19:47,4.7,81.8,472746.67,35.1,18.27,2.54,0.0,0.0,7.3,49,302,0
2026-08-02 19:19:53,4.4,81.7,474738.67,35.1,0.92,5.86,0.01,0.0,45.44,49,304,0
2026-08-02 19:19:59,14.6,81.8,472393.33,35.1,0.53,2.46,0.03,0.01,77.35,49,301,0
2026-08-02 19:20:05,4.5,81.7,473342.67,35.1,0.25,5.36,0.01,0.0,58.89,49,301,0
2026-08-02 19:20:11,11.1,81.8,471620.0,35.1,3.07,3.38,0.01,0.0,71.97,48,301,0
2026-08-02 19:20:17,19.1,82.8,445102.67,35.1,5.64,28.45,0.01,0.01,4.33,48,302,0
2026-08-02 19:20:23,5.5,82.6,451933.33,35.1,26.98,4.98,0.01,0.0,3.76,48,302,0
2026-08-02 19:20:29,11.4,82.4,455856.0,35.1,0.31,2.84,0.0,0.0,19.77,48,302,0
2026-08-02 19:20:35,5.2,82.5,455034.67,35.1,1.68,9.96,0.01,0.01,69.0,48,304,0
2026-08-02 19:20:41,9.9,82.6,450846.67,35.1,0.59,2.89,0.01,0.0,4.75,48,302,0
2026-08-02 19:20:47,5.0,81.9,469893.33,35.1,18.02,3.4,0.0,0.0,61.29,48,301,0
2026-08-02 19:20:53,8.9,81.8,470857.33,35.1,20.91,5.25,0.01,0.0,3.89,48,301,0
2026-08-02 19:20:59,5.1,82.0,467864.0,35.1,0.81,1.54,0.02,0.01,28.41,48,301,0
2026-08-02 19:21:05,19.0,82.1,465040.0,35.1,3.65,2.86,0.01,0.01,5.02,48,301,0
2026-08-02 19:21:11,6.6,82.1,464648.0,35.1,8.25,6.06,0.01,0.02,4.04,48,302,0
2026-08-02 19:21:17,7.0,82.0,465744.0,35.1,0.27,2.65,0.01,0.0,27.47,48,302,0
2026-08-02 19:21:24,14.6,82.7,447741.33,35.1,0.23,5.26,0.02,0.03,4.1,48,303,0
2026-08-02 19:21:30,6.1,82.7,449486.67,35.1,50.62,7.19,0.0,0.0,4.04,47,303,0
2026-08-02 19:21:36,5.3,82.7,448722.67,35.1,26.01,2.44,0.01,0.0,32.96,47,303,0
2026-08-02 19:21:42,8.1,83.0,440853.33,35.1,56.39,5.68,0.01,0.02,3.93,47,304,0
2026-08-02 19:21:48,7.2,82.9,444053.33,35.1,17.29,3.34,0.01,0.0,57.39,47,303,0
2026-08-02 19:21:54,7.4,82.1,465466.67,35.1,36.44,7.78,0.0,0.0,4.46,47,302,0
2026-08-02 19:22:00,7.0,82.4,455817.33,35.1,18.95,2.64,0.04,0.02,36.37,47,302,0
2026-08-02 19:22:06,11.4,82.4,455524.0,35.1,0.55,6.36,0.01,0.0,70.62,47,302,0
2026-08-02 19:22:12,6.4,82.3,459449.33,35.1,1.45,2.9,0.0,0.0,4.38,47,301,0
2026-08-02 19:22:18,5.7,82.2,460477.33,35.1,0.46,3.03,0.01,0.0,4.0,47,301,0
2026-08-02 19:22:24,4.7,82.1,462986.67,35.1,0.48,5.2,0.0,0.0,3.82,47,301,0
2026-08-02 19:22:30,7.1,82.1,465008.0,35.1,1.12,1.62,0.01,0.01,11.31,47,301,0
2026-08-02 19:22:36,3.9,82.3,459461.33,35.1,0.17,5.68,0.01,0.0,4.37,46,301,0
2026-08-02 19:22:42,3.5,82.4,456702.67,35.1,0.39,2.7,0.0,0.01,4.22,46,301,0
2026-08-02 19:22:48,10.3,82.1,464541.33,35.1,14.19,2.65,0.01,0.0,4.68,46,301,0
2026-08-02 19:22:54,9.1,82.1,464398.67,35.1,0.06,5.41,0.0,0.0,4.22,46,301,0
2026-08-02 19:23:00,4.5,82.2,462500.0,35.1,0.92,1.7,0.02,0.01,4.0,46,301,0
2026-08-02 19:23:06,2.9,82.3,458610.67,35.1,0.26,5.6,0.0,0.0,4.74,46,301,0
2026-08-02 19:23:12,5.0,82.3,459637.33,35.1,0.25,2.77,0.01,0.0,34.39,46,301,0
2026-08-02 19:23:18,3.5,82.2,460413.33,35.1,20.77,7.59,0.01,0.07,3.53,46,301,0
2026-08-02 19:23:24,5.9,82.4,456918.67,35.1,6.22,5.45,0.0,0.0,3.75,46,301,0
2026-08-02 19:23:30,9.9,82.2,461874.67,35.1,19.21,2.41,0.01,0.01,4.29,46,301,0
2026-08-02 19:23:36,9.5,82.3,459993.33,35.1,0.7,6.12,0.0,0.0,17.05,46,301,0
2026-08-02 19:23:42,2.7,82.3,459696.0,35.1,3.66,2.64,0.01,0.01,4.59,46,301,0
2026-08-02 19:23:48,3.9,82.3,458781.33,35.1,28.36,2.6,0.0,0.0,33.03,46,301,0
2026-08-02 19:23:54,3.1,82.2,461270.67,35.1,39.08,5.94,0.03,0.01,3.63,46,301,0
2026-08-02 19:24:00,5.7,82.2,461402.67,35.1,42.42,2.14,0.02,0.01,4.26,46,301,0
2026-08-02 19:24:06,2.7,82.3,457750.67,35.1,28.08,2.03,0.01,0.02,4.08,45,301,0
2026-08-02 19:24:12,7.5,82.4,455312.0,35.1,40.18,7.0,0.01,0.0,17.91,45,301,0
2026-08-02 19:24:18,7.5,82.5,454448.0,35.1,28.58,5.48,0.0,0.0,4.49,45,301,0
2026-08-02 19:24:24,3.1,82.4,456924.0,35.1,31.75,2.38,0.01,0.0,47.48,45,301,0
2026-08-02 19:24:31,2.9,82.3,458021.33,35.1,23.74,5.42,0.0,0.0,5.2,45,301,0
2026-08-02 19:24:37,2.8,82.3,458542.67,35.1,9.82,2.7,0.01,0.0,4.24,45,301,0
2026-08-02 19:24:43,5.4,82.5,454045.33,35.1,19.81,6.71,0.01,0.0,4.42,45,301,0
2026-08-02 19:24:49,4.0,82.5,453278.67,35.1,48.0,2.64,0.0,0.0,9.87,45,301,0
2026-08-02 19:24:55,11.2,82.5,453741.33,35.1,28.99,2.33,0.01,0.0,4.64,45,301,0
2026-08-02 19:25:01,4.7,82.5,454058.67,35.1,10.72,5.67,0.01,0.0,48.27,45,301,0
2026-08-02 19:25:07,2.1,82.8,446065.33,35.1,46.05,7.25,0.02,0.02,3.74,45,301,0
2026-08-02 19:25:13,2.6,82.5,453962.67,35.1,31.52,5.76,0.0,0.0,45.23,44,300,0
2026-08-02 19:25:19,3.5,82.5,453202.67,35.1,13.8,2.47,0.01,0.01,3.78,44,300,0
2026-08-02 19:25:25,2.6,82.5,453205.33,35.1,16.87,5.35,0.01,0.0,6.21,44,300,0
2026-08-02 19:25:31,3.0,82.8,446712.0,35.1,57.75,3.03,0.0,0.0,5.33,44,300,0
2026-08-02 19:25:37,15.0,82.6,450561.33,35.1,17.6,2.98,0.01,0.01,8.69,44,300,0
2026-08-02 19:25:43,4.1,82.4,455477.33,35.1,1.07,6.59,0.01,0.01,3.38,44,300,0
2026-08-02 19:25:49,2.8,82.6,450668.0,35.1,0.31,1.73,0.01,0.0,59.99,44,300,0
2026-08-02 19:25:55,2.6,82.6,451986.67,35.1,0.19,5.61,0.0,0.0,4.72,44,300,0
2026-08-02 19:26:01,2.7,82.7,448849.33,35.1,17.28,7.41,0.03,0.02,4.15,44,300,0
2026-08-02 19:26:07,2.7,82.7,448512.0,35.1,31.82,3.08,0.01,0.01,5.82,44,300,0
2026-08-02 19:26:13,3.1,82.6,450837.33,35.1,30.74,5.46,0.0,0.0,4.05,44,300,0
2026-08-02 19:26:19,10.2,82.8,447190.67,35.1,22.71,2.72,0.01,0.04,3.58,44,300,0
2026-08-02 19:26:25,7.0,82.5,453269.33,35.1,16.16,5.64,0.01,0.01,4.95,43,300,0
2026-08-02 19:26:31,6.4,82.4,456256.0,35.1,0.55,2.56,0.01,0.01,3.87,43,300,0
2026-08-02 19:26:37,1.8,82.6,451938.67,35.1,0.27,2.95,0.01,0.01,16.38,43,300,0
2026-08-02 19:26:43,4.8,82.6,450325.33,35.1,21.88,5.62,0.01,0.0,71.92,43,300,0
2026-08-02 19:26:49,3.8,82.7,449225.33,35.1,19.63,2.75,0.01,0.0,4.42,43,300,0
2026-08-02 19:26:55,2.6,82.9,443580.0,35.1,43.18,7.32,0.01,0.03,5.02,43,300,0
2026-08-02 19:27:01,8.9,82.7,447564.0,35.1,28.63,2.7,0.01,0.0,3.88,43,300,0
2026-08-02 19:27:07,7.3,82.6,451632.0,35.1,1.0,6.23,0.0,0.0,4.2,43,300,0
2026-08-02 19:27:13,6.5,82.8,446194.67,35.1,11.73,3.28,0.01,0.01,4.55,43,301,0
2026-08-02 19:27:19,1.8,82.8,446066.67,35.1,24.38,2.39,0.0,0.0,4.31,43,300,0
2026-08-02 19:27:25,3.4,82.9,442808.0,35.1,42.34,6.04,0.01,0.0,160.44,42,304,0
2026-08-02 19:27:32,2.0,82.9,443204.0,35.1,52.97,2.59,0.01,0.01,3.81,42,304,0
2026-08-02 19:27:38,4.8,82.9,444374.67,35.1,39.55,10.45,0.0,0.0,47.92,42,301,0
2026-08-02 19:27:44,7.3,83.0,440110.67,35.1,41.22,3.07,0.01,0.01,3.93,42,301,0
2026-08-02 19:27:50,2.5,82.9,444305.33,35.1,45.67,1.61,0.0,0.0,61.4,42,300,0
2026-08-02 19:27:56,2.8,82.8,445132.0,35.1,28.09,5.34,0.01,0.0,3.87,42,299,0
2026-08-02 19:28:02,3.9,83.2,436553.33,35.1,48.97,3.07,0.03,0.02,39.26,42,299,0
2026-08-02 19:28:08,7.1,83.1,439244.0,35.1,43.64,5.97,0.01,0.0,4.01,42,299,0
2026-08-02 19:28:14,4.9,82.8,446538.67,35.1,19.09,2.88,0.01,0.0,14.24,42,299,0
2026-08-02 19:28:20,2.8,82.6,450992.0,35.1,8.38,2.66,0.01,0.09,5.34,42,303,0
2026-08-02 19:28:26,12.0,82.8,447196.0,35.1,0.67,5.41,0.01,0.0,48.17,41,299,0
2026-08-02 19:28:32,2.2,82.8,445670.67,35.1,0.54,2.73,0.0,0.0,3.51,41,299,0
2026-08-02 19:28:38,22.7,83.8,419998.67,35.1,5.36,5.74,0.01,0.0,44.96,41,299,0
2026-08-02 19:28:44,8.2,83.2,436424.0,35.1,299.59,5.02,0.01,0.01,8.21,41,300,0
2026-08-02 19:28:50,6.8,83.5,428853.33,35.1,26.82,2.22,0.01,0.0,4.59,41,300,0
2026-08-02 19:28:56,6.0,83.3,432364.0,35.1,0.41,5.08,0.0,0.0,56.77,41,300,0
2026-08-02 19:29:02,9.6,83.5,426993.33,35.1,0.81,2.49,0.01,0.01,4.59,41,305,0
2026-08-02 19:29:08,6.1,83.4,431626.67,35.1,0.47,7.03,0.01,0.0,44.5,41,300,0
2026-08-02 19:29:14,2.0,82.9,444334.67,35.1,0.67,6.34,0.0,0.0,4.42,41,299,0
2026-08-02 19:29:20,1.6,83.0,442005.33,35.1,0.07,1.56,0.01,0.0,4.04,41,299,0
2026-08-02 19:29:26,2.6,82.8,445012.0,35.1,0.2,5.64,0.0,0.0,3.53,40,299,0
2026-08-02 19:29:32,1.0,83.0,439942.67,35.1,0.37,2.66,0.01,0.0,9.98,40,299,0
2026-08-02 19:29:38,7.9,82.9,444322.67,35.1,1.2,2.96,0.0,0.0,3.91,40,299,0
2026-08-02 19:29:44,5.0,83.1,438538.67,35.1,0.09,5.47,0.01,0.01,43.01,40,300,0
2026-08-02 19:29:51,13.4,83.3,433142.67,35.1,0.36,2.6,0.01,0.0,14.13,40,299,0
2026-08-02 19:29:57,4.8,82.1,464010.67,35.1,7.23,5.6,0.0,0.0,4.96,40,299,0
2026-08-02 19:30:03,6.2,82.2,462525.33,35.1,0.92,2.57,0.02,0.01,4.19,40,299,0
2026-08-02 19:30:09,3.8,82.5,453712.0,35.1,0.36,6.77,0.0,0.0,4.68,40,299,0
2026-08-02 19:30:15,5.5,82.6,450676.0,35.1,0.2,5.74,0.01,0.0,3.75,40,299,0
2026-08-02 19:30:21,1.4,82.8,446780.0,35.1,0.09,2.45,0.01,0.0,4.29,40,299,0
2026-08-02 19:30:27,2.2,82.7,449658.67,35.1,0.87,23.13,0.0,0.01,5.21,40,299,0
2026-08-02 19:30:33,14.9,82.7,447822.67,35.1,0.19,2.84,0.01,0.0,4.34,39,299,0
2026-08-02 19:30:39,3.0,82.8,444860.0,35.1,0.39,5.81,0.01,0.01,4.57,39,299,0
2026-08-02 19:30:45,4.0,82.8,445074.67,35.1,0.58,3.82,0.01,0.0,3.73,39,299,0
2026-08-02 19:30:51,2.6,82.7,448900.0,35.1,0.21,2.59,0.0,0.0,4.2,39,299,0
2026-08-02 19:30:57,2.6,82.9,443012.0,35.1,1.44,6.61,0.01,0.0,3.7,39,299,0
2026-08-02 19:31:03,1.6,82.9,442356.0,35.1,5.39,3.14,0.01,0.0,3.83,39,299,0
2026-08-02 19:31:09,3.6,82.9,443610.67,35.1,0.7,6.25,0.01,0.01,52.76,39,299,0
2026-08-02 19:31:15,8.5,82.9,443420.0,35.1,0.09,6.28,0.01,0.0,4.14,39,299,0
2026-08-02 19:31:21,7.4,82.9,444328.0,35.1,0.45,2.75,0.0,0.0,3.62,39,300,0
2026-08-02 19:31:27,1.0,83.0,441488.0,35.1,11.39,5.45,0.01,0.01,4.1,39,299,0
2026-08-02 19:31:33,1.0,83.2,435917.33,35.1,16.29,2.72,0.01,0.0,9.53,39,299,0
2026-08-02 19:31:39,2.7,82.9,444742.67,35.1,24.82,5.98,0.0,0.0,71.79,39,299,0
2026-08-02 19:31:45,5.3,83.0,441928.0,35.1,17.82,2.54,0.02,0.01,4.63,39,299,0
2026-08-02 19:31:51,2.1,82.9,442569.33,35.1,17.94,5.96,0.0,0.0,18.98,39,304,0
2026-08-02 19:31:57,8.5,82.8,445682.67,35.1,23.19,2.43,0.03,0.01,4.12,39,299,0
2026-08-02 19:32:03,4.5,83.1,439570.67,35.1,21.11,2.24,0.01,0.01,4.38,38,299,0
2026-08-02 19:32:09,0.7,83.1,438180.0,35.1,34.36,6.12,0.01,0.0,11.86,38,299,0
2026-08-02 19:32:15,3.6,83.2,434657.33,35.1,33.76,1.57,0.0,0.0,4.46,38,299,0
2026-08-02 19:32:21,2.2,83.4,430764.0,35.1,34.32,2.27,0.01,0.0,6.13,38,299,0
2026-08-02 19:32:27,10.2,83.0,441272.0,35.1,51.0,5.78,0.01,0.0,4.08,38,299,0
2026-08-02 19:32:33,0.8,82.9,442662.67,35.1,12.85,2.47,0.0,0.0,26.73,38,302,0
2026-08-02 19:32:39,9.5,83.1,438668.0,35.1,0.27,5.7,0.01,0.0,4.58,38,299,0
2026-08-02 19:32:45,3.1,83.1,438789.33,35.1,0.44,6.92,0.01,0.01,31.42,38,299,0
2026-08-02 19:32:51,2.7,83.0,439688.0,35.1,4.11,1.44,0.01,0.01,66.36,38,300,0
2026-08-02 19:32:58,3.5,83.1,438554.67,35.1,3.68,6.11,0.01,0.0,70.95,38,300,0
2026-08-02 19:33:04,0.9,83.3,433674.67,35.1,42.6,2.33,0.0,0.0,4.89,38,300,0
2026-08-02 19:33:10,2.8,83.3,432901.33,35.1,61.04,2.1,0.01,0.0,59.61,38,300,0
2026-08-02 19:33:16,6.4,83.3,432304.0,35.1,29.28,5.72,0.0,0.0,10.14,37,306,0
2026-08-02 19:33:22,8.9,83.3,434366.67,35.1,33.2,2.53,0.01,0.08,4.24,37,300,0
2026-08-02 19:33:28,4.2,83.4,429948.0,35.1,30.32,6.02,0.01,0.03,8.52,37,300,0
2026-08-02 19:33:34,1.4,83.4,429320.0,35.1,54.31,3.0,0.02,0.01,67.87,37,300,0
2026-08-02 19:33:40,7.3,83.1,437781.33,35.1,26.51,2.03,0.0,0.0,3.84,37,300,0
2026-08-02 19:33:46,6.9,83.2,435160.0,35.1,0.56,5.78,0.01,0.01,4.39,37,300,0
2026-08-02 19:33:52,2.4,83.3,432868.0,35.1,0.25,1.45,0.01,0.0,3.93,37,300,0
2026-08-02 19:33:58,13.6,83.5,426625.33,35.1,37.26,4.33,0.03,0.02,7.81,37,306,0
2026-08-02 19:34:04,12.2,83.3,433556.0,35.1,27.3,3.18,0.01,0.0,68.36,37,300,0
2026-08-02 19:34:10,7.9,83.4,430665.33,35.1,22.7,5.93,0.0,0.0,4.17,37,300,0
2026-08-02 19:34:16,7.6,83.5,427320.0,35.1,43.58,2.62,0.01,0.0,50.5,37,300,0
2026-08-02 19:34:22,7.5,83.5,428516.0,35.1,70.7,15.75,0.01,0.0,3.86,36,300,0
2026-08-02 19:34:28,21.9,84.2,410990.67,35.1,101.62,2.97,0.01,0.01,5.08,36,304,0
2026-08-02 19:34:34,13.4,84.5,401481.33,35.1,827.9,4.87,0.01,0.0,56.34,36,305,0
2026-08-02 19:34:40,14.0,81.8,471229.33,35.1,354.31,9.53,0.0,0.0,4.17,36,305,0
2026-08-02 19:34:46,18.5,82.1,462945.33,35.1,53.46,2.33,0.01,0.01,4.36,36,305,0
2026-08-02 19:34:52,15.2,84.1,412421.33,35.1,545.34,128.07,0.0,0.0,75.19,36,305,0
2026-08-02 19:34:58,16.1,85.2,384793.33,35.1,7.46,6.96,0.01,0.0,5.81,36,305,0
2026-08-02 19:35:04,1.8,84.3,407308.0,35.1,210.96,264.72,0.0,0.0,8.12,36,304,0
2026-08-02 19:35:10,6.0,84.4,404486.67,35.1,8.29,2.64,0.01,0.01,11.15,36,304,0
2026-08-02 19:35:17,6.0,84.4,405446.67,35.1,3.17,8.59,0.01,0.01,3.97,36,304,0
2026-08-02 19:35:23,11.4,84.5,400776.0,35.1,1.25,1.58,0.0,0.0,47.95,35,304,0
2026-08-02 19:35:29,7.2,84.1,412481.33,35.1,0.72,1.75,0.01,0.0,4.24,35,304,0
2026-08-02 19:35:35,11.5,84.4,405816.0,35.1,0.68,2.49,0.01,0.01,4.1,35,304,0
2026-08-02 19:35:41,4.3,84.1,412458.67,35.1,0.73,4.68,0.01,0.0,4.15,35,303,0
2026-08-02 19:35:47,4.4,84.2,408748.0,35.1,0.57,6.87,0.01,0.01,3.72,35,303,0
2026-08-02 19:35:53,6.2,84.2,408888.0,35.1,0.83,2.57,0.01,0.0,3.85,35,303,0
2026-08-02 19:35:59,6.5,84.4,405108.0,35.1,1.8,5.48,0.03,0.01,3.99,35,303,0
2026-08-02 19:36:05,20.3,86.1,360489.33,35.1,107.69,4.37,0.01,0.01,35.86,35,303,0
2026-08-02 19:36:11,14.8,85.8,366976.0,35.1,54.67,5.76,0.01,0.0,3.8,35,302,0
2026-08-02 19:36:17,6.2,85.8,369209.33,35.1,24.22,2.93,0.0,0.0,4.46,35,302,0
2026-08-02 19:36:23,6.3,86.1,359341.33,35.1,50.24,6.61,0.03,0.01,5.79,35,302,0
2026-08-02 19:36:29,5.6,85.8,367385.33,35.1,54.7,2.07,0.01,0.0,4.22,34,302,0
2026-08-02 19:36:35,9.4,85.8,369248.0,35.1,18.31,2.46,0.01,0.02,3.42,34,302,0
2026-08-02 19:36:41,4.3,85.9,365342.67,35.1,34.21,2.87,0.01,0.0,4.65,34,302,0
2026-08-02 19:36:47,17.3,86.0,361850.67,35.1,41.0,6.5,0.0,0.0,57.72,34,302,0
2026-08-02 19:36:53,7.7,85.9,365613.33,35.1,31.28,7.79,0.01,0.0,4.76,34,302,0
2026-08-02 19:36:59,14.8,86.2,358906.67,35.1,38.95,6.13,0.01,0.0,4.63,34,302,0
2026-08-02 19:37:05,7.9,86.3,355976.0,35.1,77.03,2.62,0.01,0.0,5.83,34,302,0
2026-08-02 19:37:11,6.8,86.4,353578.67,35.1,35.42,7.91,0.0,0.0,4.68,34,302,0
2026-08-02 19:37:17,4.5,86.1,361586.67,35.1,26.85,2.41,0.01,0.0,4.79,34,302,0
2026-08-02 19:37:23,9.1,86.3,356112.0,35.1,0.29,1.75,0.01,0.0,3.55,34,302,0
2026-08-02 19:37:29,10.4,86.3,355645.33,35.1,19.88,7.98,0.01,0.01,5.31,33,302,0
2026-08-02 19:37:35,8.6,86.1,361536.0,35.1,24.79,7.56,0.01,0.0,4.45,33,302,0
2026-08-02 19:37:41,4.4,86.0,364274.67,35.1,4.13,2.27,0.0,0.0,98.6,33,302,0
2026-08-02 19:37:47,8.3,86.2,357865.33,35.1,1.11,5.55,0.01,0.01,3.77,33,302,0
2026-08-02 19:37:53,12.9,86.3,355001.33,35.1,32.39,2.45,0.0,0.0,3.7,33,302,0
2026-08-02 19:37:59,4.2,86.3,354652.0,35.1,34.04,2.79,0.02,0.01,4.77,33,302,0
2026-08-02 19:38:05,10.2,86.2,359050.67,35.1,30.74,5.45,0.01,0.0,43.96,33,302,0
2026-08-02 19:38:11,16.1,86.2,357717.33,35.1,24.3,3.15,0.0,0.0,4.15,33,302,0
2026-08-02 19:38:17,8.1,86.3,356148.0,35.1,30.31,5.64,0.01,0.0,4.17,33,302,0
2026-08-02 19:38:23,7.3,86.3,355640.0,35.1,45.48,1.53,0.01,0.07,3.82,33,302,0
2026-08-02 19:38:29,5.3,86.2,357005.33,35.1,78.79,7.87,0.01,0.0,17.25,32,302,0
2026-08-02 19:38:36,4.9,86.2,356905.33,35.1,21.05,5.54,0.01,0.0,64.35,32,302,0
2026-08-02 19:38:42,11.2,85.4,378172.0,35.1,65.51,163.09,0.0,0.0,4.68,32,302,0
2026-08-02 19:38:48,5.8,84.8,394253.33,35.1,0.54,4.52,0.01,0.0,4.53,32,302,0
2026-08-02 19:38:54,10.9,86.1,360265.33,35.1,455.27,30.79,0.03,0.15,45.66,32,303,0
2026-08-02 19:39:00,10.5,86.1,360753.33,35.1,30.2,6.17,0.02,0.01,4.73,32,303,0
2026-08-02 19:39:06,5.6,85.9,365018.67,35.1,65.15,2.02,0.0,0.0,34.56,32,303,0
2026-08-02 19:39:12,5.2,86.1,359765.33,35.1,50.44,4.36,0.01,0.0,69.62,32,303,0
2026-08-02 19:39:18,4.9,86.1,360486.67,35.1,53.83,4.44,0.01,0.0,68.7,32,303,0
2026-08-02 19:39:24,6.6,85.6,373182.67,35.1,23.74,7.67,0.0,0.0,4.0,32,302,0
2026-08-02 19:39:30,9.5,85.3,380900.0,35.1,3.78,5.73,0.01,0.0,4.33,32,302,0
2026-08-02 19:39:36,10.7,85.5,375210.67,35.1,0.52,2.62,0.0,0.0,31.27,32,302,0
2026-08-02 19:39:42,4.9,85.7,371153.33,35.1,0.95,1.61,0.01,0.0,3.84,32,302,0
2026-08-02 19:39:48,6.1,85.6,373965.33,35.1,2.06,5.62,0.01,0.01,48.62,31,302,0
2026-08-02 19:39:54,7.5,86.2,357246.67,35.1,144.2,2.82,0.02,0.01,5.45,31,303,0
2026-08-02 19:40:00,4.1,86.0,362662.67,35.1,32.96,2.59,0.03,0.02,86.41,31,303,0
2026-08-02 19:40:06,4.8,86.2,356966.67,35.1,27.18,5.41,0.0,0.01,31.22,31,303,0
2026-08-02 19:40:12,6.2,86.3,354258.67,35.1,39.12,1.83,0.01,0.0,4.0,31,307,0
2026-08-02 19:40:18,12.7,86.3,354830.67,35.1,37.59,1.48,0.0,0.0,43.87,31,303,0
2026-08-02 19:40:24,6.1,85.5,375112.0,35.1,16.31,4.64,0.01,0.0,4.24,31,302,0
2026-08-02 19:40:30,4.9,85.7,371888.0,35.1,0.31,7.79,0.0,0.0,51.49,31,302,0
2026-08-02 19:40:37,3.6,85.8,367826.67,35.1,1.14,2.51,0.01,0.0,64.42,31,302,0
2026-08-02 19:40:43,77.5,89.2,279184.0,35.1,114.21,6.88,0.02,0.12,58.94,30,303,0
2026-08-02 19:40:49,15.0,90.3,252448.0,35.1,205.24,70.94,0.03,0.11,176.48,30,304,0
2026-08-02 19:40:55,26.5,90.5,246977.33,35.1,4.4,5.09,0.01,0.0,63.45,30,304,0
2026-08-02 19:41:01,10.1,89.3,276394.67,35.1,1.64,3.38,0.01,0.0,4.18,30,304,0
2026-08-02 19:41:07,4.2,89.1,283721.33,35.1,0.9,6.07,0.01,0.01,5.03,30,304,0
2026-08-02 19:41:13,6.0,89.4,275400.0,35.1,2.56,3.0,0.0,0.0,6.55,30,304,0
2026-08-02 19:41:19,5.0,87.8,316374.67,35.1,17.98,5.91,0.01,0.01,5.93,30,304,0
2026-08-02 19:41:25,3.0,87.1,335161.33,35.1,0.7,7.29,0.01,0.01,4.22,30,304,0
2026-08-02 19:41:31,10.4,86.9,338901.33,35.1,1.2,2.61,0.01,0.01,4.03,30,304,0
2026-08-02 19:41:37,11.9,87.0,337188.0,35.1,1.28,5.95,0.01,0.0,3.97,30,310,0
2026-08-02 19:41:43,12.5,87.2,332668.0,35.1,11.14,2.98,0.0,0.0,4.19,30,303,0
2026-08-02 19:41:49,6.1,87.2,332064.0,35.2,0.76,5.8,0.01,0.01,5.16,30,303,0
2026-08-02 19:41:55,2.9,86.8,342405.33,35.2,71.64,84.42,0.01,0.01,5.26,30,304,0
2026-08-02 19:42:01,5.3,87.1,335448.0,35.2,2.49,6.14,0.03,0.03,51.92,29,304,0
2026-08-02 19:42:07,6.2,86.9,340432.0,35.2,6.95,3.22,0.02,0.02,60.97,29,304,0
2026-08-02 19:42:13,5.2,88.1,309037.33,35.2,47.46,2.28,0.01,0.0,14.69,29,303,0
2026-08-02 19:42:19,8.8,88.2,305266.67,35.2,0.69,6.63,0.01,0.0,4.2,29,309,0
2026-08-02 19:42:25,10.5,87.6,322010.67,35.2,0.65,2.45,0.0,0.01,4.05,29,302,0
2026-08-02 19:42:31,7.2,87.6,322424.0,35.2,0.88,5.64,0.01,0.0,7.05,29,302,0
2026-08-02 19:42:37,4.2,87.8,315549.33,35.2,5.73,2.56,0.0,0.0,3.59,29,302,0
2026-08-02 19:42:44,3.1,87.7,319698.67,35.2,0.21,5.62,0.01,0.0,4.2,29,302,0
2026-08-02 19:42:50,3.4,87.9,313546.67,35.2,0.73,2.75,0.0,0.0,4.53,28,302,0
2026-08-02 19:42:56,4.3,88.0,311866.67,35.2,3.08,7.43,0.01,0.0,4.15,28,301,0
2026-08-02 19:43:02,3.4,87.9,312645.33,35.2,2.02,2.66,0.02,0.01,19.57,28,301,0
2026-08-02 19:43:08,12.8,88.9,287948.0,35.2,43.62,2.13,0.0,0.0,4.89,28,302,0
2026-08-02 19:43:14,3.5,88.6,296546.67,35.2,1.01,5.7,0.01,0.0,4.02,28,302,0
2026-08-02 19:43:20,1.7,88.8,291701.33,35.2,2.38,7.86,0.01,0.09,6.54,28,301,0
2026-08-02 19:43:26,2.5,88.8,291648.0,35.2,2.3,6.68,0.01,0.01,4.27,28,301,0
2026-08-02 19:43:32,5.2,88.7,292384.0,35.2,20.19,21.65,0.01,0.03,53.09,28,301,0
2026-08-02 19:43:38,4.2,88.8,291424.0,35.2,0.87,1.75,0.01,0.01,4.15,28,301,0
2026-08-02 19:43:44,3.1,88.7,293014.67,35.2,1.02,1.71,0.01,0.01,42.36,28,301,0
2026-08-02 19:43:50,11.6,88.9,286818.67,35.2,0.73,5.58,0.01,0.01,4.29,28,301,0
2026-08-02 19:43:56,5.3,88.3,303632.0,35.2,0.73,2.7,0.01,0.0,41.48,28,301,0
2026-08-02 19:44:02,15.6,88.5,297194.67,35.2,20.25,6.05,0.03,0.02,3.16,28,304,0
2026-08-02 19:44:08,4.3,88.8,290192.0,35.2,9.01,3.03,0.02,0.02,45.08,28,304,0
2026-08-02 19:44:14,2.5,88.7,293580.0,35.2,2.37,8.11,0.01,0.01,4.01,28,303,0
2026-08-02 19:44:20,3.0,88.5,297042.67,35.2,0.56,5.75,0.0,0.0,46.66,27,303,0
2026-08-02 19:44:26,5.3,88.4,301741.33,35.2,0.66,2.47,0.01,0.0,53.19,27,303,0
2026-08-02 19:44:32,13.8,88.6,295052.0,35.2,7.58,5.53,0.0,0.0,4.1,27,303,0
2026-08-02 19:44:38,5.3,88.5,299162.67,35.2,1.11,2.97,0.01,0.0,3.91,27,302,0
2026-08-02 19:44:44,4.4,88.3,302336.0,35.2,1.31,6.09,0.01,0.0,3.74,27,301,0
2026-08-02 19:44:50,8.7,89.3,276841.33,35.2,47.8,8.18,0.01,0.03,20.55,27,304,0
2026-08-02 19:44:56,10.5,88.4,300613.33,35.2,41.09,6.09,0.01,0.01,7.01,27,304,0
2026-08-02 19:45:02,5.3,86.8,342398.67,35.2,15.61,2.8,0.02,0.01,4.27,27,304,0
2026-08-02 19:45:08,2.7,86.9,340738.67,35.2,1.11,2.92,0.01,0.0,4.88,27,304,0
2026-08-02 19:45:14,10.8,87.1,334769.33,35.2,0.91,6.03,0.0,0.0,65.77,27,304,0
2026-08-02 19:45:21,7.8,87.1,334922.67,35.2,0.75,2.71,0.01,0.0,63.51,27,303,0
2026-08-02 19:45:27,2.7,87.4,326461.33,35.2,2.08,2.6,0.01,0.0,4.11,26,304,0
2026-08-02 19:45:33,11.9,87.3,329194.67,35.2,0.69,5.77,0.0,0.0,4.39,26,304,0
2026-08-02 19:45:39,11.5,87.2,331052.0,35.2,0.67,1.86,0.01,0.01,22.97,26,303,0
2026-08-02 19:45:45,3.7,87.4,327853.33,35.2,4.49,7.14,0.0,0.0,3.62,26,303,0
2026-08-02 19:45:51,6.5,87.5,325160.0,35.2,41.52,3.08,0.01,0.01,27.41,26,303,0
2026-08-02 19:45:57,9.7,87.3,328406.67,35.2,4.11,1.57,0.01,0.01,72.34,26,303,0
2026-08-02 19:46:03,7.6,87.6,320449.33,35.2,1.41,5.59,0.04,0.02,4.45,26,303,0
2026-08-02 19:46:09,3.9,87.6,322781.33,35.2,0.94,3.22,0.01,0.01,4.45,26,303,0
2026-08-02 19:46:15,2.9,87.6,321400.0,35.2,1.24,5.42,0.01,0.01,16.99,26,302,0
2026-08-02 19:46:21,7.7,87.3,328640.0,35.2,0.95,2.47,0.01,0.0,4.82,26,300,0
2026-08-02 19:46:27,1.4,87.2,330749.33,35.2,0.29,1.43,0.01,0.0,47.46,25,300,0
2026-08-02 19:46:33,7.1,87.4,327562.67,35.2,1.04,6.01,0.0,0.0,4.33,25,300,0
2026-08-02 19:46:39,10.5,87.6,322870.67,35.2,0.41,2.98,0.01,0.0,4.28,25,300,0
2026-08-02 19:46:45,4.0,87.4,326881.33,35.2,1.09,5.31,0.02,0.01,4.21,25,301,0
2026-08-02 19:46:51,6.5,87.5,323057.33,35.2,0.59,2.69,0.01,0.0,5.89,25,301,0
2026-08-02 19:46:57,12.4,87.3,329146.67,35.2,5.45,4.45,0.01,0.01,4.17,25,300,0
2026-08-02 19:47:03,6.6,87.4,327312.0,35.2,0.45,5.46,0.01,0.0,4.52,25,300,0
2026-08-02 19:47:09,4.6,87.6,322653.33,35.2,0.93,2.82,0.02,0.0,6.75,25,300,0
2026-08-02 19:47:15,2.1,87.7,318974.67,35.2,0.72,5.78,0.01,0.01,4.42,25,300,0
2026-08-02 19:47:21,9.9,87.9,315069.33,35.2,0.44,3.8,0.01,0.0,44.69,25,300,0
2026-08-02 19:47:27,9.5,87.7,319714.67,35.2,19.22,5.42,0.0,0.0,4.35,24,301,0
2026-08-02 19:47:33,3.3,87.6,322541.33,35.2,8.07,3.25,0.01,0.0,5.26,24,301,0
2026-08-02 19:47:39,3.0,86.3,354181.33,35.2,0.92,80.75,0.0,0.0,3.73,24,301,0
2026-08-02 19:47:45,2.2,86.7,345382.67,35.2,14.91,3.08,0.01,0.0,5.79,24,301,0
2026-08-02 19:47:51,9.9,86.5,350312.0,35.2,2.31,2.74,0.01,0.01,16.76,24,302,0
2026-08-02 19:47:57,5.9,86.5,351268.0,35.2,3.64,7.45,0.03,0.02,3.99,24,302,0
2026-08-02 19:48:04,10.3,86.6,347068.0,35.2,0.74,2.81,0.0,0.0,4.5,24,308,0
2026-08-02 19:48:10,10.6,86.5,350276.0,35.2,1.7,2.38,0.0,0.01,4.83,24,302,0
2026-08-02 19:48:16,11.8,78.9,546344.0,35.2,0.86,4.64,0.0,0.0,37.4,24,302,0
2026-08-02 19:48:22,3.1,79.2,540060.0,35.2,1.04,3.23,0.01,0.07,4.79,24,302,0
2026-08-02 19:48:28,2.3,79.0,543477.33,35.2,2.35,2.86,0.0,0.0,48.5,24,301,0
2026-08-02 19:48:34,4.0,78.9,548453.33,35.2,0.86,5.62,0.0,0.0,4.08,23,301,0
2026-08-02 19:48:40,10.0,80.2,513029.33,35.2,1.45,2.13,0.0,0.0,5.08,23,301,0
2026-08-02 19:48:46,6.3,79.4,535314.67,35.2,2.27,5.85,0.01,0.02,5.55,23,307,0
2026-08-02 19:48:52,9.4,79.4,533720.0,35.2,0.82,2.74,0.01,0.01,103.49,23,301,0
2026-08-02 19:48:58,6.1,79.4,534385.33,35.2,5.05,1.95,0.03,0.02,8.81,23,301,0
2026-08-02 19:49:04,1.2,79.4,534898.67,35.2,0.14,5.05,0.0,0.0,4.18,23,301,0
2026-08-02 19:49:10,2.3,79.4,533513.33,35.2,1.24,1.93,0.0,0.0,71.1,23,301,0
2026-08-02 19:49:16,1.9,79.5,531678.67,35.2,1.08,3.39,0.01,0.01,23.31,23,301,0
2026-08-02 19:49:22,2.4,79.6,527770.67,35.2,1.98,5.97,0.0,0.0,4.97,23,301,0
2026-08-02 19:49:28,4.3,79.6,530141.33,35.2,1.33,2.84,0.01,0.0,6.81,23,305,0
2026-08-02 19:49:34,15.3,79.6,529264.0,35.2,1.47,6.71,0.0,0.0,4.67,23,301,0
2026-08-02 19:49:40,1.0,79.6,529016.0,35.2,0.37,1.8,0.0,0.0,4.02,23,301,0
2026-08-02 19:49:46,10.2,79.6,528617.33,35.2,0.5,8.04,0.0,0.01,4.49,23,301,0
2026-08-02 19:49:52,6.8,79.7,527050.67,35.2,6.31,5.55,0.0,0.01,4.6,23,301,0
2026-08-02 19:49:58,4.1,79.8,525138.67,35.2,4.04,2.62,0.02,0.0,275.76,23,301,0
2026-08-02 19:50:05,12.0,80.0,519632.0,35.2,2.76,5.8,0.02,0.04,23.73,22,301,0
2026-08-02 19:50:11,8.6,79.9,520502.67,35.2,0.67,2.98,0.0,0.0,4.17,22,301,0
2026-08-02 19:50:17,10.7,79.9,520824.0,35.2,3.77,2.87,0.0,0.0,6.53,22,301,0
2026-08-02 19:50:23,2.2,79.7,525486.67,35.2,0.25,5.41,0.01,0.01,5.38,22,301,0
2026-08-02 19:50:29,18.8,80.7,500982.67,35.2,28.54,3.12,0.0,0.0,9.85,22,305,0
2026-08-02 19:50:35,8.1,80.8,498492.0,35.2,4.04,7.44,0.0,0.0,387.9,22,305,1
2026-08-02 19:50:41,8.3,80.7,500641.33,35.2,0.35,2.92,0.0,0.0,318.4,22,305,1
2026-08-02 19:50:47,3.6,80.6,503338.67,35.2,0.52,1.94,0.0,0.0,304.29,22,308,1
2026-08-02 19:50:54,17.6,80.6,501918.67,35.2,0.67,4.86,0.0,0.0,4.44,22,305,0
2026-08-02 19:51:00,3.4,80.6,504197.33,35.2,3.63,2.75,0.01,0.01,4.1,22,304,0
2026-08-02 19:51:06,12.8,80.5,505234.67,35.2,2.42,6.41,0.0,0.01,4.17,22,303,0
2026-08-02 19:51:12,2.4,80.6,502360.0,35.2,1.88,2.46,0.0,0.0,7.49,21,303,0
2026-08-02 19:51:18,20.5,80.6,504197.33,35.2,3.1,2.38,0.0,0.0,8.94,21,303,0
2026-08-02 19:51:24,6.2,81.7,475373.33,35.2,36.52,11.95,0.01,0.02,2817.02,21,303,1
2026-08-02 19:51:33,10.0,81.4,483258.67,35.2,1.02,3.98,0.05,0.04,742.08,21,302,1
2026-08-02 19:51:40,37.0,81.5,479634.67,35.2,13.59,8.34,0.01,0.01,21.46,21,302,0
2026-08-02 19:51:46,10.5,82.3,458414.67,35.2,21.21,3.11,0.01,0.0,6.78,21,302,0
2026-08-02 19:51:52,1.5,82.7,448226.67,35.2,25.5,14.84,0.05,0.09,3.98,21,302,0
2026-08-02 19:51:58,30.8,82.4,457250.67,35.2,1.59,5.99,0.04,0.03,43.41,21,302,0
2026-08-02 19:52:04,35.2,83.5,428341.33,35.2,30.86,2.93,0.11,0.06,3.93,21,302,0
2026-08-02 19:52:10,15.5,84.0,415565.33,35.2,0.81,11.2,3.13,0.04,3.82,21,302,0
2026-08-02 19:52:16,24.6,83.4,429905.33,35.2,1.26,1.62,0.0,0.0,183.29,20,302,0
2026-08-02 19:52:22,34.7,82.9,444265.33,35.2,362.12,310.95,0.01,0.01,4.91,20,305,0
2026-08-02 19:53:41,23.3,88.9,288600.0,35.2,3.12,1.99,0.0,0.0,3.56,19,302,0
2026-08-02 19:53:47,26.6,90.1,257217.33,35.2,53.54,3.2,0.0,0.01,8.7,19,302,0
2026-08-02 19:53:53,17.1,90.3,252780.0,35.2,16.7,8.1,0.0,0.0,69.87,19,302,0
2026-08-02 19:53:59,9.3,90.4,248238.67,35.2,98.78,2.04,0.01,0.01,3.95,19,302,0
2026-08-02 19:54:05,8.4,90.6,244153.33,35.2,72.66,0.99,0.01,0.01,12.13,19,302,0
2026-08-02 19:54:11,36.7,91.1,230320.0,35.2,41.82,1.04,0.0,0.0,1951.08,18,302,1
2026-08-02 19:54:19,5.1,91.6,217325.33,35.2,47.32,5.36,0.03,0.01,213.17,18,302,0
2026-08-02 19:54:25,7.3,91.2,228313.33,35.2,36.26,2.64,0.01,0.01,4.64,18,302,0
2026-08-02 19:54:31,3.2,90.9,236086.67,35.2,1.36,0.61,0.0,0.0,4.53,18,302,0
2026-08-02 19:54:37,3.2,91.3,225549.33,35.2,1.94,0.61,0.0,0.0,3.95,18,302,0
2026-08-02 19:54:43,20.1,91.1,231016.0,35.2,1.0,1.51,0.0,0.0,627.31,18,302,1
2026-08-02 19:54:50,7.3,91.3,225882.67,35.2,0.91,5.59,0.01,0.01,178.63,18,302,0
2026-08-02 19:54:56,6.3,91.9,211090.67,35.2,41.61,2.57,0.01,0.02,324.26,18,302,1
2026-08-02 19:55:02,45.4,89.8,263580.0,35.2,131.73,8.8,0.04,0.03,231.78,18,302,0
2026-08-02 19:55:09,13.4,86.3,356557.33,35.2,34.29,185.47,0.01,0.0,4.19,18,302,0
2026-08-02 19:55:15,46.5,86.2,358092.0,35.2,86.17,6.53,0.0,0.0,5.3,18,303,0
2026-08-02 19:55:21,26.0,87.1,335034.67,34.4,49.62,6.62,0.09,0.13,62.37,17,303,0
2026-08-02 19:55:27,20.0,87.1,335282.67,34.4,11.41,1.04,0.08,0.01,112.51,17,303,0
2026-08-02 19:55:33,24.8,87.9,313165.33,34.4,11.68,5.98,0.41,0.03,288.28,17,306,0
2026-08-02 19:55:39,10.0,88.1,308118.67,34.4,5.87,15.31,0.06,0.51,19.31,17,305,0
2026-08-02 19:55:45,8.2,87.5,324533.33,34.4,2.68,2.8,0.0,0.01,4.62,17,305,0
2026-08-02 19:55:51,5.8,87.2,331561.33,34.4,9.82,3.28,0.01,0.01,38.15,17,306,0
2026-08-02 19:55:57,8.4,87.1,333249.33,34.4,3.75,7.02,0.01,0.01,18.86,17,310,0
2026-08-02 19:56:03,14.5,87.4,325625.33,34.4,2.64,2.94,0.02,0.01,61.74,17,305,0
2026-08-02 19:56:09,5.5,87.4,326737.33,34.4,6.43,3.64,0.0,0.01,57.29,17,305,0
2026-08-02 19:56:16,32.6,87.6,322532.0,34.4,12.71,1.61,0.02,0.02,4.36,16,305,0
2026-08-02 19:56:22,22.6,88.1,308468.0,34.4,11.21,7.49,0.07,0.01,7.7,16,305,0
2026-08-02 19:56:28,14.8,88.6,294776.0,34.4,21.54,3.9,0.06,0.11,7.92,16,305,0
2026-08-02 19:56:34,11.7,89.0,285465.33,34.4,6.23,3.24,0.1,0.04,143.84,16,304,0
2026-08-02 19:56:40,4.0,89.0,285270.67,34.4,6.36,9.05,0.12,0.01,78.89,16,304,0
2026-08-02 19:56:46,21.1,87.9,313825.33,34.4,41.48,18.04,0.01,0.02,6.33,16,310,0
2026-08-02 19:56:52,20.2,87.1,333969.33,34.4,8.76,57.96,0.03,0.0,4.75,16,304,0
2026-08-02 19:56:58,16.2,88.1,307421.33,34.4,3.78,0.82,0.05,0.01,191.24,16,304,0
2026-08-02 19:57:50,15.7,88.6,294785.33,34.4,0.03,0.18,0.01,0.01,64.87,15,305,0
2026-08-02 19:57:56,12.3,89.0,286094.67,34.4,77.45,4.54,0.01,0.01,4.2,15,304,0
2026-08-02 20:00:26,14.0,87.8,316340.0,34.4,2.85,0.0,0.0,0.0,37.43,12,301,0
2026-08-02 20:00:32,19.5,87.5,324033.33,34.4,122.89,139.04,0.05,0.03,77.13,12,305,0
2026-08-02 20:00:39,28.5,89.7,266096.0,34.4,90.21,14.1,0.04,0.03,260.5,12,306,0
2026-08-02 20:00:45,19.5,88.7,292058.67,34.4,93.7,12.14,0.08,0.03,24.56,12,302,0
2026-08-02 20:00:51,15.4,88.7,292846.67,34.4,8.18,4.75,0.19,0.1,41.39,12,302,0
2026-08-02 20:00:57,16.8,88.7,293529.33,34.4,14.44,1.74,0.15,0.11,4.18,12,308,0
2026-08-02 20:01:03,14.1,87.9,314160.0,34.4,6.87,7.14,0.09,0.03,63.49,12,305,0
2026-08-02 20:01:09,10.8,87.9,314652.0,34.4,3.33,3.31,0.02,0.01,5.0,12,304,0
2026-08-02 20:01:15,14.5,88.4,300222.67,34.4,1.64,5.97,0.04,0.01,3.84,12,304,0
2026-08-02 20:01:21,3.3,88.7,293722.67,34.4,6.14,13.57,0.0,0.0,3.66,11,304,0
2026-08-02 20:01:27,15.7,88.0,311530.67,34.4,4.28,2.94,0.03,0.01,22.93,11,304,0
2026-08-02 20:01:33,50.5,91.5,221368.0,34.4,13.72,7.99,0.05,0.03,4.06,11,304,0
2026-08-02 20:01:39,14.6,91.6,217565.33,34.4,87.39,10.84,0.03,0.02,111.65,11,304,0
2026-08-02 20:01:45,8.9,92.1,205720.0,34.4,79.92,6.22,0.01,0.01,43.65,11,304,0
2026-08-02 20:01:51,13.4,90.9,235876.0,34.4,5.95,8.84,0.02,0.03,4.33,11,304,0
2026-08-02 20:01:57,24.5,91.1,229732.0,34.4,15.59,5.23,0.05,0.01,5.33,11,304,0
2026-08-02 20:02:03,0.8,91.0,233361.33,34.4,2.54,6.25,0.02,0.02,4.07,10,304,0
2026-08-02 20:02:09,1.7,90.3,250902.67,34.4,1.21,2.81,0.0,0.0,27.73,10,304,0
2026-08-02 20:02:15,1.6,90.1,255549.33,34.4,3.2,8.34,0.01,0.0,4.58,10,304,0
2026-08-02 20:02:22,1.5,90.0,259212.0,34.4,2.05,1.66,0.01,0.01,5.03,10,308,0
2026-08-02 20:02:28,7.6,90.0,260422.67,34.4,0.76,6.49,0.0,0.0,28.85,10,304,0
2026-08-02 20:02:34,14.2,89.7,267541.33,34.4,1.33,1.44,0.01,0.0,4.93,10,304,0
2026-08-02 20:02:40,2.2,89.8,263748.0,34.4,2.0,2.51,0.0,0.0,3.86,10,304,0
2026-08-02 20:02:46,3.6,89.9,263124.0,34.4,5.87,6.79,0.01,0.0,33.83,10,304,0
2026-08-02 20:02:52,3.3,90.0,259458.67,34.4,8.8,2.8,0.03,0.01,95.08,10,305,0
2026-08-02 20:02:58,1.8,90.1,256048.0,34.4,2.54,7.32,0.01,0.0,4.45,10,305,0
2026-08-02 20:03:04,4.3,90.2,254334.67,34.4,16.42,2.83,0.03,0.0,3.98,10,305,0
2026-08-02 20:03:10,8.4,90.2,253028.0,34.4,1.47,0.74,0.0,0.0,35.96,9,305,0
2026-08-02 20:03:16,24.4,88.2,305513.33,34.4,4.96,11.55,0.01,0.0,4.02,9,305,0
2026-08-02 20:03:22,13.5,85.7,370008.0,34.4,4.45,1.5,0.0,0.0,65.04,9,305,0
2026-08-02 20:03:28,3.4,85.6,373396.0,34.4,1.49,6.33,0.01,0.0,4.24,9,305,0
2026-08-02 20:03:34,3.1,85.6,374328.0,34.4,2.17,3.09,0.01,0.01,23.88,9,305,0
2026-08-02 20:03:40,4.4,85.7,371048.0,34.4,3.67,6.96,0.01,0.01,4.53,9,304,0
2026-08-02 20:03:46,3.2,85.8,368733.33,34.4,4.21,3.45,0.01,0.0,11.91,9,304,0
2026-08-02 20:03:52,6.8,85.9,366830.67,34.4,0.73,2.73,0.01,0.07,55.21,9,310,0
2026-08-02 20:03:58,23.4,85.6,372257.33,34.4,12.4,0.89,0.02,0.01,4.0,9,304,0
2026-08-02 20:04:04,1.5,85.7,370952.0,34.4,14.15,14.14,0.21,0.03,56.14,9,304,0
2026-08-02 20:04:10,14.5,85.8,368564.0,34.4,7.21,4.65,1.46,0.03,10.03,8,304,0
2026-08-02 20:04:16,10.8,86.3,356409.33,34.4,27.25,3.14,2.51,0.04,5.48,8,304,0
2026-08-02 20:04:22,3.0,86.8,341162.67,34.4,22.34,4.81,0.02,0.1,52.52,8,304,0
2026-08-02 20:04:29,0.9,86.8,342913.33,34.4,0.77,5.62,0.01,0.0,4.4,8,304,0
2026-08-02 20:04:35,3.1,87.0,336674.67,34.4,0.86,2.74,0.0,0.0,51.1,8,304,0
2026-08-02 20:04:41,10.8,87.2,332824.0,34.4,1.96,6.31,0.01,0.0,13.61,8,304,0
2026-08-02 20:04:47,4.6,88.1,309061.33,34.4,89.88,0.98,0.02,0.03,4.22,8,305,0
2026-08-02 20:04:53,0.9,88.1,309457.33,34.4,2.58,0.97,0.01,0.0,38.71,8,305,0
2026-08-02 20:04:59,13.7,85.7,369936.0,34.4,15.0,167.41,0.02,0.01,11.02,8,305,0
2026-08-02 20:05:05,3.9,85.7,370074.67,34.4,20.38,1.95,0.02,0.0,9.19,8,305,0
2026-08-02 20:05:11,5.3,86.1,361444.0,34.4,8.18,6.13,0.01,0.01,4.67,8,305,0
2026-08-02 20:05:17,9.0,85.9,365610.67,34.4,10.34,2.95,0.0,0.0,3.86,7,305,0
2026-08-02 20:05:23,1.3,86.0,363397.33,34.4,2.08,6.74,0.01,0.0,4.27,7,309,0
2026-08-02 20:05:29,15.0,86.8,342324.0,34.4,16.75,2.97,0.01,0.0,3.74,7,305,0
2026-08-02 20:05:35,2.2,86.6,347561.33,34.4,1.38,3.82,0.0,0.0,4.18,7,305,0
2026-08-02 20:05:41,4.7,86.6,346509.33,34.4,0.6,0.5,0.01,0.0,4.01,7,305,0
2026-08-02 20:05:47,8.6,87.2,331960.0,34.4,6.35,0.98,0.0,0.0,4.03,7,305,0
2026-08-02 20:05:53,4.6,87.5,324446.67,34.4,13.49,1.91,0.01,0.01,3.66,7,305,0
2026-08-02 20:05:59,12.0,87.6,321498.67,34.4,1.6,3.17,0.01,0.0,3.97,7,304,0
2026-08-02 20:06:05,14.1,89.6,270157.33,34.4,128.17,5.68,0.02,0.03,61.76,7,304,0
2026-08-02 20:06:11,30.4,89.3,277177.33,34.4,33.69,2.86,0.01,0.0,11.78,7,304,0
2026-08-02 20:06:17,10.3,89.6,268825.33,34.4,16.53,5.93,0.0,0.0,5.95,7,303,0
2026-08-02 20:06:23,12.5,90.6,243189.33,34.4,111.74,9.72,0.01,0.0,23.8,6,306,0
2026-08-02 20:06:29,11.4,89.8,263981.33,34.4,36.82,20.88,0.0,0.0,34.93,6,304,0
2026-08-02 20:06:35,15.6,92.0,206432.0,34.4,1233.29,25.27,0.12,0.08,4.3,6,308,0
2026-08-02 20:06:41,19.9,92.4,197148.0,34.4,23.78,1.23,0.02,0.0,173.28,6,309,0
2026-08-02 20:06:47,14.9,92.3,200925.33,34.4,26.18,12.41,0.0,0.0,5.28,7,311,0
2026-08-02 20:06:53,13.5,92.3,200565.33,34.4,27.21,44.16,0.04,0.02,4.16,7,310,0
2026-08-02 20:06:59,8.7,92.4,198166.67,34.4,11.56,6.69,0.01,0.0,3.84,7,310,0
2026-08-02 20:07:05,12.2,91.9,210309.33,34.4,42.85,4.55,0.03,0.01,4.18,7,309,0
2026-08-02 20:07:12,13.4,90.1,256093.33,34.4,1.8,137.3,0.0,0.0,65.93,7,309,0
2026-08-02 20:07:18,20.4,92.2,201009.33,34.4,122.11,5.73,0.01,0.01,4.94,7,308,0
2026-08-02 20:07:24,9.8,90.9,237132.0,34.4,372.89,1.71,0.01,0.0,15.41,7,309,0
2026-08-02 20:07:30,20.9,94.0,154541.33,34.4,271.87,6.43,0.01,0.01,42.51,8,309,0
2026-08-02 20:07:36,30.1,95.8,108409.33,34.4,247.96,17.81,0.03,0.03,7.1,8,307,1
2026-08-02 20:07:42,22.3,89.1,281530.67,34.4,180.41,58.06,0.06,0.14,70.37,8,307,0
2026-08-02 20:07:48,19.3,91.3,224786.67,34.4,90.25,181.07,0.06,0.22,3.83,8,307,0
2026-08-02 20:07:54,21.5,87.8,316877.33,34.4,41.05,254.59,0.01,0.01,64.05,8,307,0
2026-08-02 20:08:00,19.9,89.0,285470.67,34.4,166.04,66.62,0.11,0.03,35.5,9,307,0
2026-08-02 20:08:06,16.5,86.1,361765.33,34.4,70.25,21.2,0.04,0.01,3.49,9,307,0
2026-08-02 20:08:12,21.1,87.1,333780.0,34.4,40.69,3.62,0.01,0.0,5.58,9,307,0
2026-08-02 20:08:18,17.4,83.7,423149.33,34.4,8.69,7.64,0.01,0.0,15.14,9,307,0
2026-08-02 20:08:24,13.6,80.4,508728.0,34.4,5.6,1.52,0.01,0.01,3.79,9,307,0
2026-08-02 20:08:30,12.7,82.5,453280.0,34.4,13.41,15.01,0.01,0.06,31.68,10,307,0
2026-08-02 20:08:36,20.4,81.2,488146.67,34.4,4.18,2.87,0.0,0.0,3.39,10,307,0
2026-08-02 20:08:42,12.4,82.4,457398.67,34.4,65.38,5.31,0.01,0.0,4.04,10,307,0
2026-08-02 20:08:48,20.9,81.5,479177.33,34.4,6.83,3.2,0.01,0.09,128.1,11,307,0
2026-08-02 20:08:54,12.6,81.7,475040.0,34.4,2.52,5.48,0.01,0.0,3.85,11,306,0
2026-08-02 20:09:00,13.3,82.5,453569.33,34.4,39.92,2.81,0.03,0.01,59.0,11,306,0
2026-08-02 20:09:06,13.5,82.5,453825.33,34.4,8.46,6.48,0.01,0.08,3.82,11,306,0
2026-08-02 20:09:12,15.3,82.1,463190.67,34.4,9.1,3.09,0.01,0.0,30.88,12,306,0
2026-08-02 20:09:18,13.2,82.4,455977.33,34.4,32.35,5.91,0.01,0.01,34.6,12,306,0
2026-08-02 20:09:24,17.6,82.1,464421.33,34.4,1.89,2.85,0.01,0.0,4.01,12,305,0
2026-08-02 20:09:30,12.1,82.3,458110.67,34.4,3.46,6.33,0.0,0.0,97.35,12,305,0
2026-08-02 20:09:37,14.5,82.5,454700.0,34.4,15.38,20.45,0.01,0.0,3.39,12,305,0
2026-08-02 20:09:43,18.5,84.7,397873.33,34.4,71.64,4.76,0.01,0.0,35.54,12,305,0
2026-08-02 20:09:49,13.0,84.1,411476.0,34.4,3.84,1.88,0.01,0.01,3.54,12,305,0
2026-08-02 20:09:55,20.5,84.9,392604.0,34.4,14.81,5.05,0.01,0.01,7.19,12,305,0
2026-08-02 20:10:01,14.6,85.6,372914.67,34.4,343.84,4.5,0.02,0.01,4.1,13,306,0
2026-08-02 20:10:07,12.0,86.0,362332.0,34.4,61.59,14.74,0.02,0.01,8.23,13,306,0
2026-08-02 20:10:13,12.4,85.8,369524.0,34.4,21.05,7.17,0.01,0.0,5.47,13,306,0
2026-08-02 20:10:19,6.3,85.6,372512.0,34.4,94.32,2.64,0.0,0.0,50.82,13,306,0
2026-08-02 20:10:25,5.6,85.5,375058.67,34.4,184.7,1.76,0.01,0.01,74.72,13,305,0
2026-08-02 20:10:31,17.9,86.0,364252.0,34.4,179.72,6.29,0.0,0.0,4.12,14,305,0
2026-08-02 20:10:37,17.6,88.1,309433.33,34.4,158.51,3.4,0.01,0.01,4.77,14,305,0
2026-08-02 20:10:43,19.0,84.7,395492.0,34.4,67.93,308.78,0.0,0.0,76.17,14,305,0
2026-08-02 20:10:49,7.0,87.6,321708.0,34.4,168.38,25.46,0.03,0.09,5.51,15,305,0
2026-08-02 20:10:55,6.8,91.4,221926.67,34.4,166.12,12.35,0.02,0.02,198.42,15,305,0
2026-08-02 20:11:01,5.4,93.0,181064.0,34.4,182.61,0.87,0.01,0.01,5.74,15,305,0
2026-08-02 20:11:07,8.8,92.4,196396.0,34.4,144.48,0.86,0.01,0.01,4.38,15,305,0
2026-08-02 20:11:13,17.6,93.9,159278.67,34.4,145.84,5.43,0.01,0.0,39.59,15,306,0
2026-08-02 20:11:19,24.0,92.1,204146.67,34.4,142.13,2.23,0.01,0.0,1872.9,15,305,1
2026-08-02 20:11:27,26.6,92.6,191952.0,34.4,237.38,28.76,0.04,0.04,458.71,16,305,1
2026-08-02 20:11:34,44.4,92.5,194690.67,34.4,411.43,235.43,0.02,0.11,4.12,16,308,0
2026-08-02 20:11:40,16.3,92.7,188041.33,34.4,156.45,5.39,0.01,0.0,4.89,16,309,0
2026-08-02 20:11:46,11.8,92.8,187009.33,34.4,34.52,1.17,0.01,0.0,65.8,16,308,0
2026-08-02 20:11:52,40.1,94.4,144142.67,34.4,317.27,8.04,0.05,0.03,244.52,16,307,0
2026-08-02 20:11:58,25.5,89.5,271117.33,34.4,175.26,208.95,0.06,0.05,4.09,17,308,0
2026-08-02 20:12:04,9.2,89.7,268228.0,34.4,31.99,2.04,0.02,0.02,350.24,17,308,1
2026-08-02 20:12:10,8.7,87.1,334149.33,34.4,27.83,63.51,0.02,0.01,85.31,17,308,0
2026-08-02 20:12:17,8.2,87.0,338305.33,34.4,20.81,4.42,0.02,0.01,52.34,17,307,0
2026-08-02 20:12:23,8.9,87.1,334400.0,34.4,10.07,3.29,0.02,0.01,322.12,17,307,1
2026-08-02 20:12:29,9.9,87.3,328089.33,34.4,23.31,8.72,0.01,0.0,4.2,18,307,0
2026-08-02 20:12:35,9.2,87.2,332312.0,34.4,21.77,3.19,0.01,0.01,2183.37,18,304,1
2026-08-02 20:12:43,6.0,87.4,327326.67,34.4,13.2,3.0,0.01,0.0,306.86,18,304,1
2026-08-02 20:12:49,3.8,87.8,317469.33,34.4,31.11,5.01,0.01,0.0,24.3,19,304,0
2026-08-02 20:12:56,3.4,88.0,311134.67,34.4,5.88,2.48,0.01,0.0,933.67,19,304,1
2026-08-02 20:13:02,5.4,88.0,311237.33,34.4,216.78,182.96,0.04,0.03,371.0,19,303,1
2026-08-02 20:13:09,13.8,89.1,283316.0,34.4,143.71,15.89,0.01,0.01,98.46,19,303,0
2026-08-02 20:13:15,3.9,89.1,282617.33,34.4,13.4,1.87,0.02,0.02,242.03,19,303,0
2026-08-02 20:13:21,5.0,81.1,489937.33,34.4,11.22,1.7,0.01,0.02,194.53,19,303,0
2026-08-02 20:13:27,5.6,81.3,485624.0,34.5,6.78,7.39,0.0,0.0,226.39,20,303,0
2026-08-02 20:13:34,15.7,81.3,484248.0,34.5,8.97,3.14,0.01,0.0,3.84,20,303,0
2026-08-02 20:13:40,18.4,83.6,424698.67,34.5,16.65,5.86,0.01,0.01,86.75,20,303,0
2026-08-02 20:13:46,3.6,84.0,414106.67,34.5,17.74,2.52,0.01,0.01,82.65,20,303,0
2026-08-02 20:13:52,5.3,84.3,407601.33,34.5,4.18,2.43,0.03,0.09,46.35,20,303,0
2026-08-02 20:13:58,7.8,84.1,413362.67,34.5,43.3,29.43,0.03,0.03,108.81,21,303,0
2026-08-02 20:14:04,10.2,84.1,412682.67,34.5,3.27,2.49,0.01,0.01,51.72,21,303,0
2026-08-02 20:14:10,9.6,84.3,406460.0,34.5,4.11,5.85,0.0,0.0,45.58,21,303,0
2026-08-02 20:14:16,3.5,81.2,488545.33,34.5,1.81,3.67,0.01,0.0,14.7,21,303,0
2026-08-02 20:14:22,4.2,81.2,488836.0,34.5,4.84,1.63,0.0,0.0,368.57,21,303,1
2026-08-02 20:14:29,9.1,81.1,489474.67,34.5,3.4,6.88,0.01,0.0,48.55,22,303,0
2026-08-02 20:14:35,17.9,81.3,485010.67,34.5,3.49,2.65,0.01,0.01,4.4,22,303,0
2026-08-02 20:14:41,20.3,81.7,473442.67,34.5,1.36,2.67,0.0,0.0,96.73,22,303,0
2026-08-02 20:14:47,20.8,82.7,449506.67,34.5,26.0,5.78,0.01,0.0,3.97,22,303,0
2026-08-02 20:14:53,6.5,82.5,454012.0,34.5,3.62,3.97,0.01,0.0,78.73,23,303,0
2026-08-02 20:14:59,10.6,82.7,449552.0,34.5,7.13,4.5,0.02,0.01,3.89,23,303,0
2026-08-02 20:15:05,6.0,82.8,446905.33,34.5,6.33,3.27,0.01,0.0,58.73,23,303,0
2026-08-02 20:15:11,6.4,82.9,443453.33,34.5,1.53,5.76,0.0,0.0,4.45,23,303,0
2026-08-02 20:15:17,18.5,83.0,441518.67,34.5,4.62,2.32,0.01,0.0,46.2,23,303,0
2026-08-02 20:15:23,18.5,83.1,438709.33,34.5,3.34,5.43,0.0,0.0,3.75,23,303,0
2026-08-02 20:15:29,17.5,83.4,429401.33,34.5,3.29,2.62,0.01,0.0,845.23,24,303,1
2026-08-02 20:15:36,26.5,83.7,422424.0,34.5,2.87,1.77,0.0,0.0,61.39,24,303,0
2026-08-02 20:15:42,9.6,84.0,416016.0,34.5,3.27,7.85,0.01,0.0,3.78,24,303,0
2026-08-02 20:15:48,22.9,84.3,406381.33,34.5,1.45,3.11,0.01,0.0,4.13,24,303,0
2026-08-02 20:15:54,21.8,84.6,400581.33,34.5,7.92,2.04,0.01,0.01,80.0,24,304,0
2026-08-02 20:16:00,9.8,84.8,394514.67,34.5,5.55,1.9,0.04,0.02,14.91,25,304,0
2026-08-02 20:16:06,32.7,85.5,376380.0,34.5,11.56,7.1,0.01,0.01,3.94,25,306,0
2026-08-02 20:16:12,22.1,86.2,357344.0,34.5,35.12,3.18,0.01,0.01,3.77,25,306,0
2026-08-02 20:16:18,19.7,86.2,358000.0,34.5,15.45,8.79,0.01,0.0,86.65,25,305,0
2026-08-02 20:16:24,21.8,87.0,337326.67,34.5,48.35,29.75,0.0,0.0,3.36,25,305,0
2026-08-02 20:16:30,23.1,86.3,355257.33,34.5,10.4,6.56,0.01,0.0,3.86,26,305,0
2026-08-02 20:16:36,17.5,86.6,347618.67,34.5,10.32,3.36,0.01,0.02,6.03,26,305,0
2026-08-02 20:16:42,18.9,86.4,352621.33,34.5,18.98,6.02,0.01,0.01,4.18,26,304,0
2026-08-02 20:16:48,34.5,87.6,322680.0,34.5,211.39,1.91,0.01,0.0,66.59,27,303,0
2026-08-02 20:16:54,63.7,88.5,298554.67,34.5,830.72,30.48,0.0,0.0,4.31,27,303,0
2026-08-02 20:17:00,13.7,88.4,300701.33,34.5,497.19,157.25,0.03,0.02,65.68,27,303,0
2026-08-02 20:17:06,5.2,86.5,349064.0,34.5,27.88,151.41,0.0,0.01,46.01,27,303,0
2026-08-02 20:17:13,4.0,86.7,345573.33,34.5,26.06,5.5,0.01,0.01,3.98,27,303,0
2026-08-02 20:17:19,4.5,86.7,344969.33,34.5,3.23,1.48,0.01,0.01,6.6,27,303,0
2026-08-02 20:17:25,3.0,86.8,343474.67,34.5,1.89,5.41,0.01,0.0,4.28,27,303,0
2026-08-02 20:17:31,4.4,87.1,334684.0,34.5,15.07,2.72,0.03,0.01,4.35,28,303,0
2026-08-02 20:17:37,10.0,87.2,332714.67,34.5,5.79,5.53,0.0,0.0,31.06,28,303,0
2026-08-02 20:17:43,4.9,88.2,305854.67,34.5,407.54,16.81,0.01,0.01,82.46,28,304,0
2026-08-02 20:17:49,2.7,88.5,298858.67,34.5,64.42,2.05,0.0,0.0,12.96,28,304,0
2026-08-02 20:17:55,5.5,88.6,296597.33,34.5,42.67,5.47,0.01,0.0,4.54,28,304,0
2026-08-02 20:18:01,10.3,88.8,290313.33,34.5,62.1,2.75,0.03,0.01,33.21,28,304,0
2026-08-02 20:18:07,4.5,88.8,289398.67,34.5,38.22,2.85,0.01,0.01,3.57,29,304,0
2026-08-02 20:18:13,1.7,88.3,304081.33,34.5,82.54,5.36,0.03,0.01,4.39,29,303,0
2026-08-02 20:18:19,30.0,83.3,433204.0,34.5,26.19,1.58,0.0,0.01,47.4,29,303,0
2026-08-02 20:18:25,7.5,83.1,438522.67,34.5,10.37,2.55,0.01,0.0,4.14,29,303,0
2026-08-02 20:18:31,20.1,83.7,421754.67,34.5,7.51,6.1,0.0,0.0,14.73,30,303,0
2026-08-02 20:18:37,12.6,84.4,404096.0,34.5,8.78,3.01,0.02,0.0,4.42,30,303,0
2026-08-02 20:18:43,2.9,85.9,365332.0,34.5,57.8,1.79,0.02,0.02,45.48,30,304,0
2026-08-02 20:18:49,12.7,85.8,369522.67,34.5,123.49,6.84,0.02,0.1,3.9,31,304,0
2026-08-02 20:18:55,7.5,85.9,365414.67,34.5,5.52,3.04,0.01,0.0,3.45,31,304,0
2026-08-02 20:19:01,6.6,86.1,359678.67,34.5,5.22,7.93,0.01,0.0,4.35,31,304,0
2026-08-02 20:19:07,10.9,86.6,348426.67,34.5,5.06,2.77,0.01,0.0,14.31,31,304,0
2026-08-02 20:19:13,8.5,86.3,356557.33,34.5,227.8,170.41,0.02,0.04,3.71,31,308,0
2026-08-02 20:19:19,2.2,85.6,373409.33,34.5,29.69,4.77,0.0,0.0,3.38,31,307,0
2026-08-02 20:19:25,3.8,85.8,367992.0,34.5,5.05,3.02,0.01,0.0,4.1,32,307,0
2026-08-02 20:19:31,7.1,85.6,373262.67,34.5,4.55,6.05,0.0,0.0,40.41,32,306,0
2026-08-02 20:19:37,12.7,85.9,364693.33,34.5,3.39,3.0,0.01,0.0,66.8,32,306,0
2026-08-02 20:19:43,5.0,85.7,371213.33,34.5,45.71,2.19,0.01,0.0,110.43,32,305,0
2026-08-02 20:19:49,4.3,85.9,364761.33,34.5,13.04,8.5,0.01,0.01,33.36,32,305,0
2026-08-02 20:19:55,14.9,86.0,361962.67,34.5,61.09,1.68,0.01,0.0,27.01,32,304,0
2026-08-02 20:20:02,2.5,85.9,364592.0,34.5,45.71,2.73,0.03,0.02,94.62,32,304,0
2026-08-02 20:20:08,13.4,86.2,358278.67,34.5,33.18,8.61,0.01,0.01,3.85,32,304,0
2026-08-02 20:20:14,9.9,86.1,359372.0,34.5,60.75,1.9,0.0,0.0,4.11,33,304,0
2026-08-02 20:20:20,4.8,87.2,332681.33,34.5,48.91,8.07,0.02,0.02,4.4,33,305,0
2026-08-02 20:20:26,14.6,87.0,336829.33,34.5,63.61,2.67,0.01,0.0,4.41,34,305,0
2026-08-02 20:20:32,5.6,87.2,332516.0,34.5,36.91,9.27,0.0,0.0,9.94,34,305,0
2026-08-02 20:20:38,16.4,87.4,327474.67,34.5,46.79,3.09,0.01,0.0,57.68,34,305,0
2026-08-02 20:20:44,16.6,85.1,385818.67,34.5,53.78,100.08,0.02,0.03,15.65,34,311,0
2026-08-02 20:20:50,6.3,84.0,413882.67,34.5,28.26,2.91,0.01,0.0,30.63,34,304,0
2026-08-02 20:20:56,7.7,84.2,408653.33,34.5,1.18,3.0,0.01,0.0,6.8,34,304,0
2026-08-02 20:21:02,3.2,84.4,403742.67,34.5,10.41,5.04,0.01,0.0,51.08,34,304,0
2026-08-02 20:21:08,10.2,84.4,403428.0,34.5,3.78,2.46,0.01,0.01,43.06,34,304,0
2026-08-02 20:21:14,5.0,84.9,390790.67,34.5,22.61,10.94,0.01,0.01,14.81,34,304,0
2026-08-02 20:21:20,6.8,85.2,384942.67,34.5,8.46,15.56,0.01,0.0,56.58,35,304,0
2026-08-02 20:21:26,18.6,85.2,384060.0,34.5,4.24,2.5,0.01,0.02,85.13,35,304,0
2026-08-02 20:21:32,16.5,87.3,328092.0,34.5,425.35,29.13,0.04,0.03,24.33,35,304,0
2026-08-02 20:21:38,12.6,86.5,350089.33,34.5,40.59,69.86,0.01,0.01,121.74,35,304,0
2026-08-02 20:21:44,11.4,86.6,348674.67,34.5,51.6,2.89,0.02,0.03,3.72,35,304,0
2026-08-02 20:21:50,3.7,86.7,345309.33,34.5,26.67,5.89,0.01,0.01,52.97,36,304,0
2026-08-02 20:21:56,4.0,86.7,344993.33,34.5,4.4,2.62,0.0,0.0,84.36,36,304,0
2026-08-02 20:22:03,4.2,87.4,327788.0,34.5,36.69,5.4,0.04,0.02,14.98,36,304,0
2026-08-02 20:22:09,14.5,87.5,324205.33,34.5,29.32,2.96,0.01,0.01,26.17,36,304,0
2026-08-02 20:22:15,17.1,88.1,309548.0,34.5,93.18,5.52,0.02,0.02,163.44,36,304,0
2026-08-02 20:22:21,18.6,88.5,299028.0,34.5,105.85,1.64,0.01,0.0,45.79,36,304,0
2026-08-02 20:22:27,10.5,89.3,278333.33,34.5,295.97,3.25,0.0,0.0,18.96,37,304,0
2026-08-02 20:22:33,40.4,92.3,200098.67,34.5,1070.41,136.21,0.03,0.07,18.55,37,308,0
2026-08-02 20:22:39,27.8,93.0,181394.67,34.5,246.83,6.76,0.02,0.02,112.18,37,305,0
2026-08-02 20:22:45,23.6,87.5,323568.0,34.5,66.17,284.15,0.02,0.01,74.73,37,305,0
2026-08-02 20:22:51,10.7,84.7,396769.33,34.5,52.83,135.03,0.02,0.03,3.74,38,305,0
2026-08-02 20:22:57,26.2,82.7,448674.67,34.5,95.09,1.54,0.03,0.0,10.13,38,304,0
2026-08-02 20:23:03,7.6,83.1,437404.0,34.5,74.84,2.13,0.05,0.08,3.71,38,304,0
2026-08-02 20:23:09,2.2,83.5,426760.0,34.5,3.38,2.15,0.0,0.0,14.54,38,310,0
2026-08-02 20:23:15,20.7,85.0,388914.67,34.5,19.34,1.19,0.02,0.0,11.18,38,304,0
2026-08-02 20:23:21,19.7,78.9,548296.0,34.5,16.63,5.73,0.01,0.0,27.63,38,304,0
2026-08-02 20:23:27,17.3,79.6,528044.0,34.5,62.47,2.1,0.01,0.0,3.34,39,304,0
2026-08-02 20:23:33,5.1,79.5,531117.33,34.5,3.62,6.88,0.01,0.0,3.53,39,304,0
2026-08-02 20:23:39,0.8,79.6,528209.33,34.5,4.24,2.0,0.0,0.0,71.23,39,304,0
2026-08-02 20:23:45,1.3,79.8,523385.33,34.5,4.95,2.77,0.03,0.03,54.24,39,304,0
2026-08-02 20:23:51,4.2,79.9,520097.33,34.5,3.03,5.23,0.01,0.07,5.87,39,304,0
2026-08-02 20:23:57,23.7,82.3,459186.67,34.5,143.7,2.41,0.03,0.02,58.24,39,304,0
2026-08-02 20:24:04,18.9,84.7,397184.0,34.5,306.24,2.39,0.01,0.0,33.78,39,304,0
2026-08-02 20:24:10,67.2,89.2,279557.33,34.5,326.31,2.32,0.02,0.02,164.66,40,304,0
2026-08-02 20:24:16,4.0,86.3,353992.0,34.5,96.88,188.68,0.02,0.01,4.14,40,303,0
2026-08-02 20:24:22,7.3,86.4,351458.67,34.5,2.21,2.45,0.0,0.0,4.35,40,303,0
2026-08-02 20:24:28,8.8,86.6,348232.0,34.5,6.13,5.04,0.01,0.0,90.72,41,303,0
2026-08-02 20:24:34,5.3,86.5,349089.33,34.5,9.54,3.51,0.01,0.0,5.49,41,303,0
2026-08-02 20:24:40,3.5,87.2,333106.67,34.5,7.98,2.18,0.0,0.0,3.91,41,303,0
2026-08-02 20:24:46,2.8,86.3,354734.67,34.5,40.65,99.5,0.01,0.0,3.84,41,303,0
2026-08-02 20:24:52,12.5,86.5,349236.0,34.5,10.68,2.77,0.0,0.01,26.83,41,303,0
2026-08-02 20:24:58,16.3,88.2,306781.33,34.5,175.05,129.37,0.01,0.0,117.01,41,303,0
2026-08-02 20:25:04,6.6,88.3,302840.0,34.5,43.39,1.74,0.01,0.01,13.82,41,303,0
2026-08-02 20:25:10,2.8,88.4,300744.0,34.5,6.52,8.22,0.01,0.0,88.93,41,303,0
2026-08-02 20:25:16,8.2,88.8,290644.0,34.5,57.06,3.2,0.01,0.0,4.41,41,302,0
2026-08-02 20:25:22,9.1,88.4,300096.0,34.5,449.29,5.76,0.01,0.01,26.39,42,303,0
2026-08-02 20:25:28,6.9,89.0,285096.0,34.5,56.14,7.55,0.01,0.0,24.22,42,304,0
2026-08-02 20:25:34,7.8,89.0,286085.33,34.5,6.67,2.94,0.0,0.0,25.71,42,303,0
2026-08-02 20:25:40,4.5,89.1,283720.0,34.5,17.5,1.9,0.01,0.0,4.34,42,303,0
2026-08-02 20:25:46,0.8,89.1,283909.33,34.5,45.95,8.02,0.0,0.0,120.44,42,303,0
2026-08-02 20:25:53,13.7,88.9,288346.67,34.5,38.74,4.32,0.01,0.0,41.87,43,303,0
2026-08-02 20:25:59,4.0,88.6,296449.33,34.5,10.73,3.01,0.02,0.01,4.88,43,302,0
2026-08-02 20:26:05,3.3,88.6,295482.67,34.5,19.12,9.17,0.01,0.01,3.59,43,302,0
2026-08-02 20:26:11,6.0,88.9,287962.67,34.5,22.87,3.42,0.01,0.01,262.04,43,302,0
2026-08-02 20:26:17,6.6,89.0,286381.33,34.5,63.68,6.05,0.01,0.01,4.13,43,302,0
2026-08-02 20:26:23,5.1,88.9,287238.67,34.5,59.91,2.85,0.01,0.0,287.99,43,302,0
2026-08-02 20:26:29,5.8,89.2,280838.67,34.5,29.68,5.8,0.01,0.01,109.51,44,302,0
2026-08-02 20:26:35,18.9,88.7,292728.0,34.5,63.75,3.82,0.0,0.0,33.61,44,303,0
2026-08-02 20:26:41,21.3,89.1,281396.0,34.5,43.46,8.01,0.02,0.02,65.41,44,303,0
2026-08-02 20:26:47,35.3,89.8,265660.0,34.5,113.28,1.71,0.0,0.0,3.24,45,303,0
2026-08-02 20:26:53,18.1,90.1,256409.33,34.5,85.2,3.08,0.01,0.0,46.21,45,303,0
2026-08-02 20:27:00,23.4,90.8,237578.67,34.5,93.14,7.0,0.01,0.01,3.35,45,303,0
2026-08-02 20:27:06,17.7,91.1,231784.0,34.5,84.85,2.66,0.01,0.0,6.69,45,303,0
2026-08-02 20:27:12,32.2,91.3,225524.0,34.5,289.67,4.42,0.01,0.0,400.21,45,303,1
2026-08-02 20:27:18,10.3,89.5,272250.67,34.5,548.04,14.35,0.01,0.01,5.91,45,304,0
2026-08-02 20:27:24,3.1,90.7,240917.33,34.5,37.09,2.14,0.03,0.04,101.55,45,310,0
2026-08-02 20:27:30,6.4,90.5,245276.0,34.5,6.43,3.24,0.0,0.0,36.67,46,308,0
2026-08-02 20:27:36,6.0,90.3,250617.33,34.5,10.01,7.3,0.01,0.01,5.98,46,304,0
2026-08-02 20:27:42,14.5,91.2,227769.33,34.5,176.14,3.2,0.0,0.0,46.78,46,303,0
2026-08-02 20:27:48,8.0,91.2,227480.0,34.5,95.97,7.02,0.01,0.0,55.09,46,303,0
2026-08-02 20:27:54,12.7,91.2,227444.0,34.5,41.6,2.64,0.02,0.01,221.3,46,303,0
2026-08-02 20:28:01,4.5,90.8,237606.67,34.5,73.11,0.72,0.03,0.04,132.91,46,303,0
2026-08-02 20:28:07,5.6,91.6,217576.0,34.5,188.96,0.8,0.02,0.01,9.63,46,303,0
2026-08-02 20:28:13,25.8,92.0,207508.0,34.5,64.63,2.04,0.01,0.01,4.19,46,303,0
2026-08-02 20:28:19,5.5,91.5,219412.0,34.5,80.41,1.97,0.01,0.0,11.83,47,302,0
2026-08-02 20:28:25,10.5,82.8,446470.67,34.5,19.83,156.07,0.0,0.0,28.0,47,302,0
2026-08-02 20:28:31,8.1,82.7,448678.67,34.5,6.61,5.19,0.01,0.0,11.94,47,302,0
2026-08-02 20:28:37,5.8,82.9,442314.67,34.5,23.22,17.97,0.01,0.0,48.34,47,302,0
2026-08-02 20:28:43,8.6,84.6,400333.33,34.5,74.36,2.78,0.0,0.01,43.81,47,302,0
2026-08-02 20:28:49,7.5,83.5,427128.0,34.5,38.89,32.01,0.01,0.0,4.59,48,302,0
2026-08-02 20:28:55,5.4,83.6,424406.67,34.5,7.44,0.67,0.01,0.08,4.67,48,302,0
2026-08-02 20:29:01,13.2,83.9,417860.0,34.5,21.62,5.83,0.01,0.01,4.04,48,302,0
2026-08-02 20:29:07,8.4,84.5,401172.0,34.5,46.15,2.56,0.02,0.02,4.36,48,302,0
2026-08-02 20:29:13,5.9,84.8,395426.67,34.5,18.15,7.34,0.03,0.02,6.52,48,302,0
2026-08-02 20:29:19,11.9,84.7,397300.0,34.5,24.05,2.52,0.01,0.0,3.71,48,302,0
2026-08-02 20:29:25,8.5,84.8,392910.67,34.5,11.87,2.02,0.0,0.0,133.78,49,302,0
2026-08-02 20:29:31,10.6,85.0,389976.0,34.5,1.93,5.99,0.01,0.0,4.33,49,302,0
2026-08-02 20:29:37,4.1,84.7,395505.33,34.5,2.52,1.66,0.0,0.0,204.19,49,302,0
2026-08-02 20:29:43,8.7,85.0,390212.0,34.5,1.19,5.88,0.01,0.0,3.47,49,302,0
2026-08-02 20:29:49,13.7,85.5,374930.67,34.5,76.25,2.95,0.01,0.01,3.77,50,302,0
2026-08-02 20:29:55,6.8,85.7,371590.67,34.5,9.67,1.71,0.0,0.0,16.37,50,302,0
2026-08-02 20:30:01,19.2,85.9,365286.67,34.5,5.84,2.15,0.02,0.02,16.63,50,301,0
2026-08-02 20:30:07,5.7,86.0,363604.0,34.5,3.35,7.88,0.0,0.0,41.34,50,301,0
2026-08-02 20:30:14,12.3,86.1,359526.67,34.5,2.43,2.84,0.01,0.01,113.61,50,301,0
2026-08-02 20:30:20,9.2,86.3,355353.33,34.5,22.77,7.07,0.0,0.0,52.04,50,301,0
2026-08-02 20:30:26,4.8,86.1,361541.33,34.5,23.8,1.55,0.01,0.0,101.43,50,301,0
2026-08-02 20:30:32,7.9,86.3,355472.0,34.5,11.73,3.24,0.01,0.02,4.94,50,301,0
2026-08-02 20:30:38,9.8,86.1,359538.67,34.5,23.62,6.25,0.0,0.0,587.99,51,301,1
2026-08-02 20:30:44,14.8,86.8,342980.0,34.5,75.68,5.79,0.03,0.03,442.41,51,301,1
2026-08-02 20:30:51,7.4,84.5,402569.33,34.5,89.25,183.45,0.08,0.01,26.79,51,301,0
2026-08-02 20:30:57,9.5,84.4,404976.0,34.5,52.28,1.53,0.02,0.0,3.55,51,301,0
2026-08-02 20:31:03,8.8,84.9,390473.33,34.5,9.25,6.88,0.02,0.01,4.04,51,302,0
2026-08-02 20:31:09,16.9,85.5,376040.0,34.5,12.98,3.08,0.01,0.01,18.86,51,301,0
2026-08-02 20:31:15,10.1,85.5,375264.0,34.5,35.18,6.86,0.02,0.01,46.97,51,301,0
2026-08-02 20:31:21,11.0,85.8,367657.33,34.5,103.07,2.86,0.01,0.01,10.67,51,301,0
2026-08-02 20:31:27,11.8,86.5,350420.0,34.5,147.25,19.66,0.03,0.06,10.14,52,301,0
2026-08-02 20:31:33,4.3,86.4,352685.33,34.5,29.43,2.03,0.01,0.0,59.91,52,301,0
2026-08-02 20:31:39,10.8,86.5,349281.33,34.5,17.94,3.2,0.0,0.0,12.63,52,301,0
2026-08-02 20:31:45,8.8,86.4,352933.33,34.5,11.88,5.87,0.01,0.0,3.47,52,301,0
2026-08-02 20:31:51,7.2,86.1,360798.67,34.5,45.23,2.19,0.0,0.0,4.66,52,301,0
2026-08-02 20:31:57,11.7,86.8,343258.67,34.5,32.89,2.59,0.03,0.01,4.78,52,301,0
2026-08-02 20:32:03,8.2,86.9,340704.0,34.5,52.63,5.82,0.01,0.01,5.73,53,301,0
2026-08-02 20:32:09,16.5,87.1,333917.33,34.5,68.32,3.43,0.0,0.0,19.2,53,301,0
2026-08-02 20:32:15,6.2,86.8,341670.67,34.5,46.65,4.77,0.01,0.01,3.74,53,301,0
2026-08-02 20:32:21,22.9,87.4,327725.33,34.5,86.46,1.52,0.01,0.01,41.36,53,301,0
2026-08-02 20:32:27,20.4,85.4,379240.0,34.5,165.53,94.62,0.01,0.01,3.52,54,301,0
2026-08-02 20:32:33,23.3,86.4,351708.0,34.5,189.63,2.96,0.0,0.0,7.13,54,301,0
2026-08-02 20:32:39,17.6,88.2,304769.33,34.5,356.37,2.95,0.01,0.0,4.01,54,301,0
2026-08-02 20:32:45,6.2,87.2,331618.67,34.5,26.5,83.65,0.01,0.0,68.0,54,301,0
2026-08-02 20:32:52,5.5,87.2,331245.33,34.5,6.45,2.17,0.0,0.0,5.1,54,301,0
2026-08-02 20:32:58,14.3,88.5,297602.67,34.5,58.01,8.45,0.01,0.01,29.18,54,301,0
2026-08-02 20:33:04,12.4,88.6,295160.0,34.5,24.71,1.68,0.0,0.0,4.15,54,301,0
2026-08-02 20:33:10,11.6,89.3,278462.67,34.5,5.3,2.48,0.01,0.0,3.64,54,301,0
2026-08-02 20:33:16,4.9,89.1,282166.67,34.5,4.23,7.76,0.0,0.0,3.75,54,301,0
2026-08-02 20:33:22,26.7,83.7,422836.0,34.5,5.14,2.91,0.01,0.0,8.18,55,301,0
2026-08-02 20:33:28,18.0,84.2,409465.33,34.5,25.39,6.54,0.01,0.0,70.46,55,301,0
2026-08-02 20:33:34,5.6,86.0,364206.67,34.5,186.97,227.83,0.06,0.3,4.21,55,301,0
2026-08-02 20:33:40,11.2,86.4,351670.67,34.5,8.02,2.22,0.01,0.0,16.84,55,301,0
2026-08-02 20:33:46,5.0,86.4,351930.67,34.5,20.52,4.84,0.01,0.01,3.77,55,301,0
2026-08-02 20:33:52,15.0,86.8,342556.0,34.5,10.88,1.93,0.01,0.07,3.85,55,301,0
2026-08-02 20:33:58,6.0,86.8,343453.33,34.5,5.34,3.39,0.03,0.02,4.12,55,301,0
2026-08-02 20:34:04,12.9,86.8,342825.33,34.5,10.5,1.79,0.01,0.01,3.62,56,301,0
2026-08-02 20:34:10,5.2,85.0,389994.67,34.5,14.26,4.93,0.01,0.0,103.38,56,301,0
2026-08-02 20:34:16,8.7,85.1,386629.33,34.5,2.63,2.8,0.01,0.01,44.62,56,301,0
2026-08-02 20:34:22,10.1,85.0,388265.33,34.5,2.07,5.76,0.01,0.0,42.71,57,301,0
2026-08-02 20:34:28,22.1,85.8,367121.33,34.5,62.49,2.55,0.0,0.0,39.59,57,305,0
2026-08-02 20:34:34,16.6,84.5,401105.33,34.5,909.74,6.68,0.01,0.0,81.23,57,306,0
2026-08-02 20:34:40,38.8,89.1,282093.33,34.5,604.34,5.41,0.01,0.0,5.4,57,306,0
2026-08-02 20:34:46,11.8,86.9,339153.33,34.5,142.91,127.89,0.01,0.01,4.15,57,306,0
2026-08-02 20:34:52,7.2,86.8,341588.0,34.5,12.45,1.08,0.01,0.01,3.58,57,306,0
2026-08-02 20:34:58,14.6,87.0,337974.67,34.5,14.85,0.86,0.01,0.0,11.78,57,306,0
2026-08-02 20:35:04,7.4,87.2,331984.0,34.5,60.22,4.01,0.01,0.0,80.46,57,305,0
2026-08-02 20:35:10,19.4,89.3,276648.0,34.5,57.83,5.18,0.01,0.01,14.5,57,305,0
2026-08-02 20:35:16,15.4,90.3,252561.33,34.5,173.67,2.27,0.0,0.0,3.98,57,305,0
2026-08-02 20:35:22,10.4,90.4,249061.33,34.5,60.42,3.5,0.01,0.0,5.53,58,305,0
2026-08-02 20:35:28,14.9,90.9,234796.0,34.5,124.34,6.11,0.05,0.05,3.37,58,305,0
2026-08-02 20:35:34,2.9,89.9,262149.33,34.5,33.14,2.39,0.03,0.03,4.04,58,305,0
2026-08-02 20:35:41,9.3,91.8,212298.67,34.5,105.09,3.54,0.02,0.0,12.89,58,304,0
2026-08-02 20:35:47,7.8,91.1,230838.67,34.5,96.32,14.34,0.03,0.03,3.84,58,304,0
2026-08-02 20:35:53,4.9,91.3,225997.33,34.5,3.81,3.13,0.01,0.01,3.59,58,304,0
2026-08-02 20:35:59,9.0,88.4,299552.0,34.5,6.46,129.16,0.03,0.01,3.64,58,304,0
2026-08-02 20:36:05,21.1,88.9,287853.33,34.5,20.22,3.85,0.01,0.01,3.85,59,310,0
2026-08-02 20:36:11,21.5,88.9,287386.67,34.5,481.69,7.04,0.01,0.01,9.47,59,304,0
2026-08-02 20:36:17,11.9,89.4,275402.67,34.5,96.83,1.83,0.01,0.01,5.79,59,304,0
2026-08-02 20:36:23,13.1,89.8,264225.33,34.5,100.77,1.68,0.01,0.0,4.34,59,304,0
2026-08-02 20:36:29,15.8,90.1,256897.33,34.5,112.67,1.52,0.01,0.01,3.53,60,304,0
2026-08-02 20:36:35,4.8,91.0,232500.0,34.5,194.51,8.08,0.01,0.01,52.33,60,303,0
2026-08-02 20:36:41,12.4,88.7,293105.33,34.5,91.34,154.82,0.01,0.01,58.32,60,303,0
2026-08-02 20:36:47,10.6,88.1,308912.0,34.5,8.39,2.02,0.01,0.01,7.36,60,303,0
2026-08-02 20:36:53,27.9,88.8,289409.33,34.6,4.42,7.29,0.01,0.0,57.4,60,303,0
2026-08-02 20:36:59,15.8,89.9,263004.0,34.6,80.65,2.47,0.01,0.0,3.62,60,309,0
2026-08-02 20:37:05,7.0,89.9,261004.0,34.6,16.36,2.6,0.01,0.0,20.07,60,308,0
2026-08-02 20:37:11,12.8,89.7,266898.67,34.6,6.49,3.71,0.0,0.0,4.04,60,307,0
2026-08-02 20:37:17,11.9,89.6,268486.67,34.6,7.3,8.25,0.01,0.01,3.6,60,307,0
2026-08-02 20:37:23,15.2,89.7,268250.67,34.6,5.31,2.9,0.0,0.0,3.56,60,307,0
2026-08-02 20:37:29,16.2,88.4,300601.33,34.6,12.39,8.51,0.01,0.01,64.08,61,307,0
2026-08-02 20:37:35,6.4,88.1,309020.0,34.6,3.98,0.9,0.01,0.0,4.19,61,307,0
2026-08-02 20:37:41,9.7,87.8,316016.0,34.6,2.01,0.59,0.0,0.0,5.15,61,304,0
2026-08-02 20:37:47,13.4,88.3,303056.0,34.6,5.1,0.88,0.01,0.0,34.68,61,304,0
2026-08-02 20:37:53,5.4,88.1,308532.0,34.6,1.9,2.48,0.0,0.0,4.17,61,304,0
2026-08-02 20:37:59,17.1,88.7,294312.0,34.6,56.15,7.27,0.03,0.02,3.46,61,303,0
2026-08-02 20:38:05,11.1,90.5,247328.0,34.6,2.96,3.78,0.01,0.0,102.61,61,303,0
2026-08-02 20:38:11,19.3,90.5,245465.33,34.6,46.58,5.97,0.0,0.0,69.63,61,303,0
2026-08-02 20:38:17,13.4,90.2,252964.0,34.6,58.54,2.08,0.02,0.02,3.66,62,303,0
2026-08-02 20:38:23,9.5,80.2,514318.67,34.6,20.02,3.06,0.01,0.01,22.52,62,303,0
2026-08-02 20:38:29,5.1,80.3,510220.0,34.6,19.98,0.96,0.01,0.0,116.7,62,303,0
2026-08-02 20:38:36,14.2,80.7,499326.67,34.6,11.49,0.84,0.01,0.0,3.95,62,303,0
2026-08-02 20:38:42,2.7,82.4,457588.0,34.6,67.83,1.5,0.01,0.0,63.81,62,302,0
2026-08-02 20:38:48,4.8,81.5,479168.0,34.6,8.12,6.77,0.01,0.0,4.86,63,303,0
2026-08-02 20:38:54,6.3,81.7,473394.67,34.6,2.55,1.7,0.01,0.07,3.59,63,303,0
2026-08-02 20:39:00,13.2,82.1,463226.67,34.6,15.59,2.32,0.02,0.01,4.1,63,303,0
2026-08-02 20:39:06,24.1,83.0,440677.33,34.6,26.04,6.76,0.0,0.0,6.35,63,303,0
2026-08-02 20:39:12,8.3,83.1,436985.33,34.6,28.57,3.1,0.01,0.0,3.37,63,303,0
2026-08-02 20:39:18,9.1,83.1,438386.67,34.6,17.46,21.58,0.01,0.0,7.1,63,303,0
2026-08-02 20:39:24,9.4,83.5,428853.33,34.6,6.39,3.92,0.0,0.0,41.96,63,303,0
2026-08-02 20:39:30,5.2,85.8,369026.67,34.6,191.18,2.48,0.01,0.01,13.97,64,303,0
2026-08-02 20:39:36,3.6,85.9,365278.67,34.6,27.45,0.69,0.0,0.0,32.82,64,303,0
2026-08-02 20:39:42,15.8,86.1,361764.0,34.6,0.38,0.96,0.01,0.0,70.12,64,303,0
2026-08-02 20:39:48,11.3,85.4,377901.33,34.6,3.79,17.23,0.01,0.0,47.39,64,303,0
2026-08-02 20:39:54,13.0,85.5,375066.67,34.6,2.66,5.79,0.01,0.01,4.14,64,303,0
2026-08-02 20:40:00,9.8,86.2,357862.67,34.6,21.34,2.75,0.03,0.02,21.98,64,303,0
2026-08-02 20:40:06,12.0,86.7,346185.33,34.6,32.15,5.87,0.0,0.0,49.23,64,303,0
2026-08-02 20:40:12,15.9,86.9,340924.0,34.6,3.77,3.45,0.01,0.0,3.74,64,303,0
2026-08-02 20:40:18,2.2,86.8,342376.0,34.6,4.16,1.81,0.01,0.01,13.89,64,303,0
2026-08-02 20:40:24,24.7,87.6,322212.0,34.6,3.94,6.42,0.01,0.0,64.04,64,303,0
2026-08-02 20:40:30,12.8,83.6,424424.0,34.6,43.3,352.58,0.01,0.0,4.03,65,303,0
2026-08-02 20:40:36,5.0,83.6,424613.33,34.6,2.24,1.9,0.0,0.01,3.76,65,303,0
2026-08-02 20:40:42,9.5,83.3,431822.67,34.6,10.86,5.46,0.01,0.0,48.01,65,302,0
2026-08-02 20:40:48,2.2,83.2,434701.33,34.6,2.77,3.21,0.0,0.0,21.08,65,302,0
2026-08-02 20:40:54,10.3,83.2,434398.67,34.6,1.52,2.3,0.01,0.0,74.47,65,302,0
2026-08-02 20:41:00,5.5,84.2,410316.0,34.6,50.11,2.26,0.01,0.01,61.92,65,302,0
2026-08-02 20:41:07,10.3,84.4,403881.33,34.6,27.15,2.58,0.01,0.01,8.48,65,302,0
2026-08-02 20:41:13,17.7,84.6,398618.67,34.6,78.78,6.48,0.02,0.01,3.66,66,302,0
2026-08-02 20:41:19,15.0,86.5,349942.67,34.6,115.68,2.82,0.01,0.01,4.27,66,302,0
2026-08-02 20:41:25,20.2,87.4,325588.0,34.6,74.91,2.5,0.04,0.04,14.22,66,302,0
2026-08-02 20:41:31,6.6,85.7,369598.67,34.6,117.54,151.67,0.07,0.05,63.76,66,302,0
2026-08-02 20:41:37,15.5,84.4,403976.0,34.6,97.3,3.31,0.19,0.14,172.4,66,310,0
2026-08-02 20:41:43,4.9,84.4,403662.67,34.6,63.64,2.13,0.02,0.01,4.45,66,304,0
2026-08-02 20:41:49,19.0,84.9,392085.33,34.6,23.63,6.63,0.0,0.0,62.66,66,305,0
2026-08-02 20:41:55,8.7,84.9,390434.67,34.6,13.91,2.84,0.03,0.08,44.09,66,305,0
2026-08-02 20:42:01,31.0,85.6,374274.67,34.6,117.1,6.79,0.23,0.1,4.25,67,303,0
2026-08-02 20:42:07,3.1,86.1,360648.0,34.6,118.43,3.01,0.11,0.12,4.23,67,303,0
2026-08-02 20:42:13,4.4,86.0,362634.67,34.6,63.05,2.14,0.06,0.01,8.96,67,307,0
2026-08-02 20:42:19,10.3,86.3,355072.0,34.6,30.8,1.7,0.12,0.02,3.89,67,303,0
2026-08-02 20:42:25,13.2,86.3,354414.67,34.6,35.6,1.66,0.11,0.02,3.78,67,303,0
2026-08-02 20:42:31,13.2,87.5,325002.67,34.6,278.97,4.97,0.08,0.01,77.56,67,303,0
2026-08-02 20:42:37,17.8,89.8,264322.67,34.6,215.06,2.15,0.25,0.11,76.65,68,303,0
2026-08-02 20:42:43,16.1,90.3,251366.67,34.6,97.08,2.3,0.07,0.05,4.5,68,303,0
2026-08-02 20:42:49,32.0,90.7,241526.67,34.6,72.35,29.88,0.02,0.01,3.97,68,303,0
2026-08-02 20:42:55,26.1,90.1,255670.67,34.6,47.7,7.01,0.03,0.01,3.77,68,303,0
2026-08-02 20:43:01,22.9,91.3,224806.67,34.6,32.98,1.61,0.09,0.03,4.79,68,302,0
2026-08-02 20:43:07,8.2,91.5,220762.67,34.6,110.94,2.31,0.03,0.01,5.28,68,302,0
2026-08-02 20:43:13,12.8,91.8,213744.0,34.6,87.63,1.97,0.04,0.01,3.53,68,302,0
2026-08-02 20:43:19,20.5,90.2,253212.0,34.6,88.68,35.48,0.01,0.0,3.94,68,302,0
2026-08-02 20:43:25,14.7,84.6,398260.0,34.6,7.63,1.9,0.03,0.01,3.72,69,302,0
2026-08-02 20:43:31,17.6,84.7,396000.0,34.6,5.68,8.57,0.02,0.01,5.15,69,308,0
2026-08-02 20:43:37,26.7,83.4,430314.67,34.6,60.93,1.66,0.09,0.06,3.73,69,302,0
2026-08-02 20:43:44,28.7,84.0,415493.33,34.6,43.71,31.87,0.09,0.05,5.55,69,302,0
2026-08-02 20:43:50,19.2,84.2,408998.67,34.6,2.17,2.13,0.03,0.01,35.76,69,302,0
2026-08-02 20:43:56,18.0,84.6,399428.0,34.6,8.58,5.41,0.14,0.11,42.78,69,302,0
2026-08-02 20:44:02,4.4,83.9,417017.33,34.6,3.54,1.89,0.03,0.01,4.22,69,302,0
2026-08-02 20:44:08,17.1,84.3,406360.0,34.6,36.15,2.7,0.01,0.0,3.94,69,302,0
2026-08-02 20:44:14,16.8,86.2,358530.67,34.6,125.38,5.84,0.03,0.01,7.02,69,302,0
2026-08-02 20:44:20,17.4,86.4,353464.0,34.6,1.72,2.38,0.02,0.01,3.9,69,302,0
2026-08-02 20:44:26,30.4,86.4,352238.67,34.6,10.02,2.93,0.03,0.0,4.63,70,302,0
2026-08-02 20:44:32,12.5,86.8,341666.67,34.6,12.87,6.25,0.01,0.0,40.54,70,302,0
2026-08-02 20:44:38,14.5,86.4,351653.33,34.6,20.35,2.9,0.01,0.0,5.72,70,302,0
2026-08-02 20:44:44,11.5,86.3,354138.67,34.6,6.2,8.05,0.02,0.0,3.65,70,302,0
2026-08-02 20:44:50,15.5,86.8,342402.67,34.6,5.3,3.07,0.01,0.0,3.98,70,302,0
2026-08-02 20:44:56,9.6,87.0,338026.67,34.6,1.76,5.83,0.0,0.0,4.04,70,302,0
2026-08-02 20:45:02,8.3,87.5,323706.67,34.6,4.12,1.49,0.02,0.01,3.76,70,302,0
2026-08-02 20:45:08,23.9,83.9,418226.67,34.6,49.79,324.81,0.02,0.0,5.8,70,302,0
2026-08-02 20:45:14,11.6,83.6,424221.33,34.6,8.19,5.52,0.01,0.0,4.01,70,302,0
2026-08-02 20:45:20,25.7,84.2,409893.33,34.6,3.36,2.78,0.14,0.08,3.83,71,302,0
2026-08-02 20:45:26,39.1,84.6,399202.67,34.6,2.57,1.57,0.06,0.03,5.53,71,302,0
2026-08-02 20:45:32,19.2,84.4,404061.33,34.6,16.67,2.98,0.01,0.01,24.59,71,304,0
2026-08-02 20:45:38,29.2,85.2,383782.67,34.6,23.2,6.7,0.11,0.01,13.04,71,304,0
2026-08-02 20:45:44,24.0,87.7,319816.0,34.6,202.65,1.83,0.01,0.0,3.84,71,308,0
2026-08-02 20:45:50,22.4,87.3,330513.33,34.6,214.19,85.0,0.03,0.01,51.97,71,309,0
2026-08-02 20:45:56,21.6,88.0,311324.0,34.6,84.69,4.99,0.01,0.0,6.82,71,306,0
2026-08-02 20:46:02,39.7,89.8,265670.67,34.6,525.95,6.47,0.13,0.12,4.07,71,311,0
2026-08-02 20:46:08,97.6,93.9,157406.67,34.6,870.04,15.94,1.01,0.09,10.64,71,315,1
2026-08-02 20:46:14,39.6,92.0,207140.0,34.6,801.6,33.38,0.39,0.05,4.24,72,309,0
2026-08-02 20:46:20,80.1,90.3,251186.67,34.6,1049.35,165.56,0.01,0.01,3.72,72,308,0
2026-08-02 20:46:26,97.5,91.4,221954.67,34.6,390.75,11.52,1.0,0.02,6.78,72,307,1
2026-08-02 20:46:32,77.6,91.8,212224.0,34.6,343.97,19.67,0.35,0.04,4.41,72,308,0
2026-08-02 20:46:38,76.9,92.6,192130.67,34.6,460.44,204.65,0.03,0.01,96.99,72,309,0
2026-08-02 20:46:44,71.1,87.1,333881.33,34.6,408.34,146.93,0.02,0.02,5.21,72,308,0
2026-08-02 20:46:50,82.6,86.3,356366.67,34.6,96.77,35.07,0.0,0.0,157.65,73,308,0
2026-08-02 20:46:57,64.7,84.2,410962.67,34.6,148.38,188.61,0.0,0.0,121.01,73,308,0
2026-08-02 20:47:03,55.3,84.0,414889.33,34.6,134.58,242.8,0.01,0.0,4.35,73,308,0
2026-08-02 20:47:09,53.0,85.3,381178.67,34.6,162.69,43.77,0.0,0.0,3.89,73,308,0
2026-08-02 20:47:15,36.8,87.8,317074.67,34.6,549.57,10.96,0.0,0.0,4.49,73,309,0
2026-08-02 20:47:21,79.7,87.1,335816.0,34.6,1022.1,200.39,0.01,0.01,96.14,73,308,0
2026-08-02 20:47:27,84.4,90.1,256392.0,34.6,739.85,90.32,0.12,0.06,53.63,73,310,0
2026-08-02 20:47:33,38.1,90.2,255273.33,34.6,448.24,10.31,0.03,0.01,4.04,73,310,0
2026-08-02 20:47:39,55.2,91.3,224713.33,34.6,98.9,7.2,0.0,0.0,277.12,73,310,0
2026-08-02 20:47:45,48.4,90.6,244414.67,34.6,67.29,16.43,0.02,0.01,3.66,73,310,0
2026-08-02 20:47:51,60.0,90.4,249488.0,34.6,79.97,12.59,0.01,0.01,5.41,73,309,0
2026-08-02 20:47:57,46.2,89.5,271258.67,34.6,160.88,10.67,0.02,0.01,50.16,73,309,0
2026-08-02 20:48:03,24.9,91.0,233984.0,34.6,367.62,82.83,0.0,0.0,63.52,74,309,0
2026-08-02 20:48:10,10.7,89.5,273032.0,34.6,61.55,139.04,0.01,0.02,25.23,74,308,0
2026-08-02 20:48:16,15.9,90.1,257545.33,34.6,44.55,1.26,0.0,0.0,3.84,74,308,0
2026-08-02 20:48:22,73.3,93.6,166180.0,34.6,310.56,15.45,0.01,0.01,3.53,74,309,0
2026-08-02 20:48:28,82.4,87.9,314469.33,34.6,297.05,30.84,0.02,0.01,33.7,74,309,0
2026-08-02 20:48:34,66.8,91.0,232592.0,34.6,409.1,109.9,0.03,0.18,3.81,74,309,0
2026-08-02 20:48:40,76.9,91.6,216604.0,34.6,300.2,79.84,0.43,10.07,8.47,74,310,0
2026-08-02 20:48:46,64.3,89.2,278800.0,34.6,83.26,164.88,0.01,0.02,4.18,74,310,0
2026-08-02 20:48:52,69.0,90.1,255992.0,34.6,79.51,12.97,0.01,0.09,6.52,75,310,0
2026-08-02 20:48:58,51.0,90.1,255586.67,34.6,66.55,8.22,0.01,0.0,3.41,75,309,0
2026-08-02 20:49:04,40.8,90.2,253209.33,34.6,83.38,7.82,0.0,0.0,11.99,75,309,0
2026-08-02 20:49:10,53.7,87.5,323221.33,34.6,45.83,96.12,0.0,0.0,4.55,75,309,0
2026-08-02 20:49:16,61.0,86.7,343865.33,34.6,49.24,9.65,0.0,0.0,310.13,75,308,1
2026-08-02 20:49:22,67.8,87.5,325066.67,34.6,33.39,10.36,0.01,0.02,24.03,75,308,0
2026-08-02 20:49:28,57.4,88.1,308101.33,34.6,45.08,9.97,0.04,0.03,18.78,75,308,0
2026-08-02 20:49:34,57.6,86.5,351010.67,34.6,319.22,15.35,0.02,0.04,6.0,75,309,0
2026-08-02 20:49:40,28.1,86.2,357846.67,34.6,35.77,7.52,0.0,0.0,5.63,75,309,0
2026-08-02 20:49:46,42.4,87.5,323314.67,34.6,87.65,2.07,0.01,0.0,4.5,75,309,0
2026-08-02 20:49:52,36.4,87.5,323376.0,34.6,247.32,119.81,0.0,0.0,4.42,75,309,0
2026-08-02 20:49:58,26.5,88.1,308937.33,34.6,98.85,2.1,0.03,0.01,3.94,76,309,0
2026-08-02 20:50:04,4.1,87.3,330317.33,34.6,45.52,1.98,0.01,0.0,5.07,76,307,0
2026-08-02 20:50:10,14.5,87.4,326572.0,34.6,12.29,2.71,0.0,0.0,79.74,76,307,0
2026-08-02 20:50:17,18.2,88.1,309794.67,34.6,38.7,1.55,0.01,0.0,3.94,76,307,0
2026-08-02 20:50:23,22.9,87.4,326138.67,34.6,122.91,84.52,0.01,0.01,6.14,76,307,0
2026-08-02 20:50:29,33.2,88.2,307297.33,34.6,105.96,5.07,0.01,0.01,5.16,76,311,0
2026-08-02 20:50:35,3.6,88.4,300612.0,34.6,85.71,5.14,0.01,0.01,3.5,76,311,0
2026-08-02 20:50:41,11.9,88.7,294113.33,34.6,113.98,1.48,0.01,0.01,62.45,76,311,0
2026-08-02 20:50:47,26.2,89.2,279438.67,34.6,58.4,2.62,0.01,0.01,31.23,76,311,0
2026-08-02 20:50:53,25.5,89.5,272897.33,34.6,96.72,1.84,0.0,0.0,39.81,77,311,0
2026-08-02 20:50:59,19.9,89.9,261940.0,34.6,68.02,3.38,0.01,0.01,64.81,77,316,0
2026-08-02 20:51:05,14.0,89.9,262478.67,34.6,58.74,1.26,0.01,0.01,3.85,77,308,0
2026-08-02 20:51:11,19.8,90.2,254058.67,34.6,63.78,3.49,0.01,0.0,4.68,77,308,0
2026-08-02 20:51:17,32.2,89.3,276592.0,34.6,210.04,144.16,0.01,0.01,4.33,77,308,0
2026-08-02 20:51:23,18.0,89.5,271137.33,34.6,81.5,1.64,0.01,0.01,34.33,77,308,0
2026-08-02 20:51:29,17.3,89.5,271677.33,34.6,92.51,5.32,0.03,0.01,55.9,77,308,0
2026-08-02 20:51:35,13.9,89.5,271552.0,34.6,30.13,9.0,0.01,0.01,18.68,77,306,0
2026-08-02 20:51:41,14.3,89.9,261177.33,34.6,93.86,2.79,0.01,0.01,5.86,77,306,0
2026-08-02 20:51:47,24.8,89.9,261684.0,34.6,64.15,2.71,0.0,0.0,65.17,77,306,0
2026-08-02 20:51:53,13.1,90.2,253914.67,34.6,70.32,4.02,0.01,0.0,71.01,77,306,0
2026-08-02 20:51:59,18.4,90.5,245589.33,34.6,94.7,2.41,0.03,0.02,75.47,78,306,0
2026-08-02 20:52:05,21.8,91.0,233192.0,34.6,63.01,2.08,0.0,0.01,3.75,78,307,0
2026-08-02 20:52:11,13.7,91.8,213656.0,34.6,163.07,8.52,0.01,0.0,50.13,78,306,0
2026-08-02 20:52:17,16.5,91.9,210853.33,34.6,104.25,4.19,0.0,0.0,10.43,78,306,0
2026-08-02 20:52:23,11.2,88.3,302788.0,34.6,239.62,223.89,0.01,0.01,63.46,78,306,0
2026-08-02 20:52:29,6.6,88.3,302133.33,34.6,3.16,2.14,0.01,0.0,36.12,78,306,0
2026-08-02 20:52:36,18.7,88.2,306914.67,34.6,396.34,13.98,0.02,0.02,4.07,78,307,0
2026-08-02 20:52:42,5.7,88.0,310112.0,34.6,33.25,5.43,0.01,0.01,63.24,78,307,0
2026-08-02 20:52:48,24.8,88.3,302610.67,34.6,21.48,2.58,0.0,0.0,3.52,79,307,0
2026-08-02 20:52:54,19.4,87.5,323420.0,34.6,101.5,85.04,0.01,0.0,64.73,79,307,0
2026-08-02 20:53:00,24.9,87.5,324850.67,34.6,69.27,1.94,0.02,0.01,4.22,79,307,0
2026-08-02 20:53:06,17.0,87.2,332082.67,34.6,126.3,2.41,0.01,0.01,80.02,79,306,0
2026-08-02 20:53:12,29.2,88.0,311872.0,34.6,145.8,5.23,0.03,0.01,4.34,79,306,0
2026-08-02 20:53:18,12.3,88.6,296929.33,34.6,162.36,2.32,0.0,0.0,37.95,79,306,0
2026-08-02 20:53:24,19.8,85.3,382082.67,34.6,94.63,1.05,0.01,0.0,6.51,79,306,0
2026-08-02 20:53:30,29.0,88.0,310072.0,34.6,362.21,1.62,0.04,0.02,67.31,79,311,0
2026-08-02 20:53:36,27.4,87.6,321730.67,34.6,217.78,2.57,0.04,0.06,4.17,79,312,0
2026-08-02 20:53:42,2.1,85.7,369642.67,34.6,39.5,132.99,0.06,0.02,51.79,79,311,0
2026-08-02 20:53:48,9.5,86.7,345609.33,34.6,75.13,2.39,0.01,0.01,3.8,79,312,0
2026-08-02 20:53:54,6.0,86.6,346898.67,34.6,61.18,5.09,0.01,0.07,60.62,79,312,0
2026-08-02 20:54:00,11.7,87.0,336253.33,34.6,55.46,1.8,0.02,0.01,3.23,79,312,0
2026-08-02 20:54:06,12.0,87.0,336298.67,34.6,76.05,2.22,0.01,0.0,60.71,80,318,0
2026-08-02 20:54:12,6.5,87.0,337304.0,34.6,43.74,2.2,0.01,0.0,3.81,80,312,0
2026-08-02 20:54:18,10.1,87.3,329345.33,34.6,56.66,7.23,0.0,0.0,59.63,80,312,0
2026-08-02 20:54:24,3.9,87.3,330274.67,34.6,34.09,1.96,0.01,0.01,4.51,80,312,0
2026-08-02 20:54:30,15.3,87.5,323032.0,34.6,34.66,1.24,0.01,0.0,59.76,80,309,0
2026-08-02 20:54:36,13.6,87.2,332692.0,34.6,31.76,3.45,0.01,0.01,4.27,80,309,0
2026-08-02 20:54:42,15.2,87.3,329000.0,34.6,7.18,6.67,0.01,0.01,64.85,80,314,0
2026-08-02 20:54:49,26.2,88.8,290897.33,34.6,228.69,2.38,0.01,0.0,4.1,80,308,0
2026-08-02 20:54:55,42.8,89.2,279778.67,34.6,108.29,2.66,0.01,0.0,4.84,80,308,0
2026-08-02 20:55:01,8.9,89.7,267005.33,34.6,52.8,1.2,0.01,0.0,3.78,80,308,0
2026-08-02 20:55:07,73.1,91.1,230674.67,34.6,101.24,13.43,0.01,0.01,4.6,80,313,0
2026-08-02 20:55:13,51.0,91.4,223592.0,34.6,67.43,26.52,0.02,0.03,4.07,81,313,0
2026-08-02 20:55:19,53.1,90.9,234762.67,34.6,52.27,32.09,0.01,0.0,129.85,81,311,0
2026-08-02 20:55:25,89.8,91.8,211656.0,34.6,74.57,14.87,0.01,0.0,5.72,81,318,0
2026-08-02 20:55:31,68.6,91.3,225586.67,34.6,211.72,22.59,0.02,0.01,4.14,81,312,0
2026-08-02 20:55:37,60.2,90.5,247144.0,34.6,276.0,134.55,0.02,0.01,3.73,81,312,0
2026-08-02 20:55:43,46.7,91.9,210929.33,34.6,130.5,31.27,0.01,0.0,6.51,81,311,0
2026-08-02 20:55:49,59.3,91.0,233004.0,34.6,62.4,7.84,0.0,0.0,3.94,81,311,0
2026-08-02 20:55:55,52.7,91.7,216218.67,34.6,49.52,8.61,0.01,0.01,45.27,81,311,0
2026-08-02 20:56:01,49.5,91.3,225317.33,34.6,19.28,7.39,0.02,0.01,3.49,81,311,0
2026-08-02 20:56:07,82.9,95.2,123532.0,34.6,225.14,7.92,0.18,0.03,4.33,81,319,1
2026-08-02 20:56:13,100.0,92.4,197641.33,36.1,455.49,226.55,0.17,0.15,85.7,81,324,1
2026-08-02 20:56:19,55.9,90.8,239248.0,36.1,182.04,22.12,0.22,0.42,38.28,82,320,0
2026-08-02 20:56:25,99.2,89.8,264914.67,36.1,164.12,11.52,0.04,0.0,115.16,82,316,1
2026-08-02 20:56:32,60.3,89.8,263830.67,36.1,112.84,11.53,0.03,0.03,8.05,82,316,0
2026-08-02 20:56:38,81.0,87.6,320521.33,36.1,67.1,250.68,0.01,0.03,9.39,82,317,0
2026-08-02 20:56:44,42.8,89.0,286062.67,36.1,103.87,8.16,0.01,0.01,34.96,82,317,0
2026-08-02 20:56:50,20.9,88.7,293158.67,36.1,193.64,137.97,0.01,0.01,4.82,82,316,0
2026-08-02 20:56:56,36.7,89.1,282193.33,36.1,42.27,3.93,0.01,0.01,62.55,82,317,0
2026-08-02 20:57:02,53.2,87.7,319634.67,36.1,81.16,3.28,0.02,0.01,6.91,82,317,0
2026-08-02 20:57:08,67.4,88.1,309122.67,36.1,41.82,25.11,0.0,0.0,42.84,82,317,0
2026-08-02 20:57:14,64.3,89.2,281362.67,36.1,30.66,22.04,0.0,0.0,3.75,82,316,0
2026-08-02 20:57:20,57.8,88.9,286870.67,36.1,168.46,141.02,0.0,0.0,46.28,82,316,0
2026-08-02 20:57:26,73.8,89.2,280400.0,36.1,74.78,17.18,0.01,0.0,6.32,83,317,0
2026-08-02 20:57:32,68.0,89.2,279386.67,36.1,79.69,6.51,0.03,0.01,45.74,83,317,0
2026-08-02 20:57:38,63.0,89.9,261329.33,36.1,126.83,10.27,0.01,0.01,69.08,83,317,0
2026-08-02 20:57:44,28.8,90.1,256170.67,36.1,107.55,7.57,0.01,0.01,4.98,83,323,0
2026-08-02 20:57:50,50.3,90.8,238641.33,36.1,142.13,9.73,0.01,0.01,50.92,83,317,0
2026-08-02 20:57:56,61.5,91.1,231230.67,36.1,58.97,10.05,0.0,0.0,65.15,83,317,0
2026-08-02 20:58:02,66.4,90.9,235653.33,36.1,86.8,7.25,0.05,0.03,5.53,83,317,0
2026-08-02 20:58:08,44.5,91.2,227098.67,36.1,20.96,11.05,0.0,0.01,4.24,83,317,0
2026-08-02 20:58:14,28.3,91.1,229844.0,36.1,56.64,11.15,0.01,0.01,36.91,83,316,0
2026-08-02 20:58:20,44.1,91.2,228105.33,36.1,83.07,10.8,0.0,0.0,72.54,83,316,0
2026-08-02 20:58:27,32.6,86.6,348245.33,36.1,51.52,98.54,0.01,0.01,3.63,84,316,0
2026-08-02 20:58:33,17.6,86.6,346450.67,36.1,22.53,2.68,0.0,0.0,62.35,84,316,0
2026-08-02 20:58:39,27.7,89.1,281541.33,36.1,75.97,4.07,0.0,0.0,4.18,84,315,0
2026-08-02 20:58:45,26.8,86.8,343512.0,36.1,430.28,115.02,0.02,0.03,60.11,84,317,0
2026-08-02 20:58:51,24.2,86.7,344169.33,36.1,112.4,69.69,0.0,0.0,4.02,84,316,0
2026-08-02 20:58:57,19.7,86.5,350441.33,36.1,101.72,1.57,0.02,0.09,59.37,84,316,0
2026-08-02 20:59:03,27.2,87.0,337354.67,36.1,37.03,1.88,0.03,0.02,5.0,84,322,0
2026-08-02 20:59:09,6.4,87.1,333261.33,36.1,64.17,2.85,0.01,0.02,62.49,84,316,0
2026-08-02 20:59:15,12.4,86.6,348186.67,36.1,43.2,8.1,0.02,0.04,22.56,84,315,0
2026-08-02 20:59:21,16.1,89.2,279876.0,36.1,140.31,2.05,0.0,0.0,,84,315,0
2026-08-02 20:59:31,18.8,89.8,263517.33,36.1,125.45,2.9,0.04,0.06,5.61,84,315,0
2026-08-02 20:59:37,20.1,89.9,260658.67,36.1,53.64,2.33,0.0,0.0,84.21,84,315,0
2026-08-02 20:59:43,15.2,90.1,256265.33,36.1,95.38,2.99,0.01,0.0,12.28,84,314,0
2026-08-02 20:59:49,34.8,90.3,251309.33,36.1,175.24,10.08,0.01,0.0,85.89,84,314,0
2026-08-02 20:59:55,20.6,89.6,269996.0,36.1,118.34,63.73,0.0,0.0,3.24,84,314,0
2026-08-02 21:00:01,17.4,89.8,264984.0,36.1,52.65,5.09,0.02,0.01,3.65,84,314,0
2026-08-02 21:00:07,18.7,90.0,259074.67,36.1,92.41,1.68,0.01,0.01,3.62,85,314,0
2026-08-02 21:00:13,9.4,89.9,262660.0,36.1,63.76,1.86,0.01,0.0,3.42,85,314,0
2026-08-02 21:00:19,31.8,90.2,252965.33,36.1,55.85,2.48,0.01,0.0,21.04,85,314,0
2026-08-02 21:00:25,10.7,86.7,343757.33,36.1,55.33,69.04,0.0,0.0,72.16,85,314,0
2026-08-02 21:00:31,21.0,87.3,328653.33,36.1,12.1,2.32,0.02,0.03,5.99,85,320,0
2026-08-02 21:00:37,16.9,88.2,304777.33,36.1,22.84,2.3,0.01,0.01,3.65,85,315,0
2026-08-02 21:00:43,12.5,88.7,294308.0,36.1,7.4,10.89,0.01,0.0,3.33,85,314,0
2026-08-02 21:00:49,13.6,88.1,307792.0,36.1,43.53,4.8,0.0,0.0,3.8,85,314,0
2026-08-02 21:00:55,16.3,89.0,286158.67,36.1,170.9,1.96,0.02,0.01,4.14,85,315,0
2026-08-02 21:01:01,8.1,89.2,280420.0,36.1,61.42,2.55,0.01,0.0,11.93,85,315,0
2026-08-02 21:01:07,15.5,90.1,256144.0,36.1,131.03,2.85,0.02,0.02,5.48,85,315,0
2026-08-02 21:01:14,7.1,90.2,255132.0,36.1,55.81,7.52,0.01,0.0,3.66,85,315,0
2026-08-02 21:01:20,25.4,90.4,248788.0,36.1,100.08,1.78,0.0,0.0,39.48,85,315,0
2026-08-02 21:01:26,15.0,90.3,252734.67,36.1,74.1,2.16,0.01,0.0,3.3,86,314,0
2026-08-02 21:01:32,9.2,90.4,247828.0,36.1,6.16,3.57,0.01,0.0,60.45,86,314,0
2026-08-02 21:01:38,10.2,90.1,257784.0,36.1,17.69,8.31,0.0,0.0,3.7,86,314,0
2026-08-02 21:01:44,15.6,90.4,249617.33,36.1,18.02,2.03,0.01,0.01,3.96,86,314,0
2026-08-02 21:01:50,32.2,90.4,249249.33,36.1,35.93,2.59,0.0,0.0,4.23,86,314,0
2026-08-02 21:01:56,5.2,91.0,232661.33,36.1,76.55,1.76,0.01,0.0,35.59,86,314,0
2026-08-02 21:02:02,19.1,91.3,225910.67,36.1,75.81,7.8,0.03,0.02,3.81,86,314,0
2026-08-02 21:02:08,14.1,91.3,224880.0,36.1,45.49,2.68,0.02,0.02,3.95,86,314,0
2026-08-02 21:02:14,13.6,91.2,227156.0,36.1,42.88,2.71,0.01,0.0,46.19,86,314,0
2026-08-02 21:02:20,25.5,91.8,212529.33,36.1,170.89,1.88,0.0,0.0,3.92,86,314,0
2026-08-02 21:02:26,25.1,92.3,200438.67,36.1,95.98,23.32,0.01,0.0,3.26,86,314,0
2026-08-02 21:02:32,29.3,87.9,314460.0,36.1,88.35,179.58,0.03,0.02,3.39,86,314,0
2026-08-02 21:02:38,14.3,88.7,292000.0,36.1,40.01,2.8,0.01,0.0,3.91,87,314,0
2026-08-02 21:02:44,9.1,88.8,289752.0,36.1,10.29,2.51,0.01,0.01,28.15,87,314,0
2026-08-02 21:02:50,32.4,89.5,272672.0,36.1,51.0,1.88,0.01,0.0,8.59,87,314,0
2026-08-02 21:02:56,25.1,91.1,231397.33,36.1,174.14,7.88,0.01,0.0,3.95,87,314,0
2026-08-02 21:03:02,38.0,91.9,210304.0,36.1,157.54,1.8,0.02,0.01,4.06,87,314,0
2026-08-02 21:03:08,32.7,91.9,209389.33,36.1,142.93,2.54,0.01,0.01,3.8,87,314,0
2026-08-02 21:03:14,11.7,91.7,213981.33,36.1,35.26,1.81,0.01,0.0,5.11,87,314,0
2026-08-02 21:03:20,6.5,91.4,222769.33,36.1,25.61,0.76,0.02,0.02,3.44,87,314,0
2026-08-02 21:03:26,26.1,88.4,300969.33,36.1,30.84,1.96,0.01,0.01,3.83,87,314,0
2026-08-02 21:03:32,14.2,84.9,392784.0,36.1,14.88,171.86,0.01,0.0,3.61,87,314,0
2026-08-02 21:03:38,11.7,85.2,384164.0,36.2,27.57,6.46,0.01,0.0,41.95,87,314,0
2026-08-02 21:03:44,18.7,85.4,378398.67,36.1,25.41,4.92,0.0,0.0,3.7,87,313,0
2026-08-02 21:03:50,13.3,85.7,371592.0,36.1,7.28,3.12,0.02,0.01,4.07,87,313,0
2026-08-02 21:03:56,14.5,85.8,367956.0,36.2,4.55,1.85,0.01,0.08,4.94,87,313,0
2026-08-02 21:04:02,12.2,84.4,405253.33,36.1,84.26,11.91,0.04,0.02,4.91,87,313,0
2026-08-02 21:04:08,28.4,84.2,408778.67,36.0,36.66,8.16,0.01,0.01,3.76,87,313,0
2026-08-02 21:04:14,7.4,84.6,399910.67,36.1,25.86,13.88,1.02,0.04,5.03,87,313,0
2026-08-02 21:04:20,25.1,86.6,347296.0,36.1,54.55,2.03,2.1,0.14,3.47,88,313,0
2026-08-02 21:04:26,24.0,85.8,368406.67,36.0,8.25,4.17,1.09,0.03,59.85,88,313,0
2026-08-02 21:04:32,17.3,85.7,371296.0,36.0,3.97,2.55,0.01,0.01,3.22,88,313,0
2026-08-02 21:04:38,15.9,85.8,368556.0,36.1,18.46,7.99,0.0,0.0,4.34,88,313,0
2026-08-02 21:04:44,8.9,85.2,383541.33,36.1,160.8,259.55,0.01,0.01,3.81,88,313,0
2026-08-02 21:04:50,13.4,85.4,379357.33,36.1,25.08,2.39,0.0,0.01,4.75,88,313,0
2026-08-02 21:04:56,14.4,85.6,373318.67,36.1,4.43,1.82,0.01,0.0,22.82,88,319,0
2026-08-02 21:05:02,18.5,85.9,364902.67,36.1,12.13,6.2,0.01,0.0,4.71,88,313,0
2026-08-02 21:05:08,15.5,86.5,349725.33,36.1,95.44,2.19,0.01,0.02,6.94,88,313,0
2026-08-02 21:05:14,17.8,86.8,343425.33,36.1,114.15,1.74,0.01,0.0,3.97,88,313,0
2026-08-02 21:05:20,14.9,87.3,328305.33,36.1,101.54,2.6,0.0,0.0,13.54,88,313,0
2026-08-02 21:05:26,18.5,87.5,323120.0,36.1,89.3,6.6,0.01,0.0,3.4,88,313,0
2026-08-02 21:05:32,7.7,87.9,312769.33,36.1,66.86,2.49,0.01,0.0,4.56,88,313,0
2026-08-02 21:05:39,31.6,88.3,304393.33,36.1,61.94,2.23,0.0,0.0,15.27,88,313,0
2026-08-02 21:05:45,17.9,88.4,299570.67,36.1,90.06,2.14,0.01,0.01,22.01,88,313,0
2026-08-02 21:05:51,16.1,88.3,302972.0,36.1,34.71,2.27,0.01,0.01,76.36,89,313,0
2026-08-02 21:05:57,8.2,88.9,289048.0,36.1,51.73,5.26,0.01,0.0,3.93,89,313,0
2026-08-02 21:06:03,10.5,88.5,298502.67,36.1,69.57,2.06,0.02,0.01,73.83,89,313,0
2026-08-02 21:06:09,10.2,87.8,316852.0,36.1,10.73,2.5,0.02,0.02,47.93,89,313,0
2026-08-02 21:06:15,19.2,87.9,314029.33,36.1,18.37,2.14,0.01,0.0,4.71,89,313,0
2026-08-02 21:06:21,4.8,87.6,320845.33,36.1,3.54,5.05,0.0,0.0,4.94,89,313,0
2026-08-02 21:06:27,11.2,87.8,317160.0,36.1,5.57,1.69,0.01,0.0,5.09,89,313,0
2026-08-02 21:06:33,12.3,88.2,306353.33,36.1,12.83,2.35,0.02,0.02,48.65,89,313,0
2026-08-02 21:06:39,14.1,88.3,302769.33,36.1,4.8,2.32,0.01,0.0,3.83,89,312,0
2026-08-02 21:06:45,5.9,88.0,310101.33,36.1,23.1,5.74,0.01,0.01,3.95,89,313,0
2026-08-02 21:06:51,21.7,88.5,299245.33,36.1,32.1,1.1,0.02,0.02,3.61,89,313,0
2026-08-02 21:06:57,12.3,88.2,306193.33,36.1,17.23,2.84,0.01,0.0,3.41,89,313,0
2026-08-02 21:07:03,15.6,88.4,300721.33,36.1,3.29,2.3,0.0,0.01,4.09,89,313,0
2026-08-02 21:07:09,14.5,88.2,304746.67,36.1,40.81,5.75,0.01,0.01,3.76,89,313,0
2026-08-02 21:07:15,25.9,88.5,298321.33,36.1,99.16,1.64,0.0,0.0,4.3,89,313,0
2026-08-02 21:07:21,100.0,92.4,198021.33,36.1,702.3,0.76,0.01,0.0,5.32,89,313,1
2026-08-02 21:07:27,41.9,91.8,212678.67,36.1,350.22,5.71,0.01,0.0,3.62,90,313,0
2026-08-02 21:07:33,10.8,85.6,374252.0,36.1,131.51,220.09,0.03,0.03,3.64,90,313,0
2026-08-02 21:07:39,11.8,85.6,374404.0,36.1,3.44,1.77,0.02,0.01,3.69,90,313,0
2026-08-02 21:07:45,18.4,86.1,360582.67,36.1,4.02,5.77,0.01,0.01,4.02,90,313,0
2026-08-02 21:07:51,21.7,87.2,330818.67,36.1,19.57,2.18,0.01,0.0,213.47,90,313,0
2026-08-02 21:07:57,12.6,87.6,322476.0,36.1,8.95,113.44,0.03,0.02,47.25,90,313,0
2026-08-02 21:08:03,9.1,88.4,300249.33,36.1,27.41,1.97,0.01,0.01,117.43,90,313,0
2026-08-02 21:08:10,12.0,89.1,283489.33,36.1,12.67,6.26,0.02,0.03,134.82,90,313,0
2026-08-02 21:08:16,14.3,89.7,266201.33,36.1,13.06,2.68,0.02,0.03,9.55,90,313,0
2026-08-02 21:08:22,36.5,91.8,212012.0,36.1,359.41,1.64,0.02,0.0,3.43,90,316,0
2026-08-02 21:08:28,41.1,90.6,243420.0,36.1,413.24,15.07,0.08,0.16,55.38,90,315,0
2026-08-02 21:08:34,53.1,92.4,197226.67,36.1,952.56,124.57,0.02,0.02,72.23,90,315,0
2026-08-02 21:08:40,19.0,90.5,246416.0,36.1,259.58,10.34,0.05,0.03,76.96,90,312,0
2026-08-02 21:08:46,71.3,90.8,237552.0,36.1,431.73,311.69,0.05,0.09,5.92,90,317,0
2026-08-02 21:08:52,81.4,92.4,197449.33,36.1,220.55,28.9,0.03,0.14,4.22,90,319,0
2026-08-02 21:08:58,60.5,91.4,223089.33,36.1,77.64,75.81,0.01,0.01,29.21,90,316,0
2026-08-02 21:09:04,69.9,90.9,235428.0,36.1,96.91,94.8,0.01,0.04,180.8,90,316,0
2026-08-02 21:09:10,68.0,91.3,226590.67,36.1,270.52,174.68,0.0,0.0,85.82,90,315,0
2026-08-02 21:09:16,58.4,92.7,188165.33,36.1,215.83,8.8,0.02,0.02,4.84,91,315,0
2026-08-02 21:09:22,35.2,92.4,196098.67,36.1,65.87,7.43,0.0,0.01,3.63,91,315,0
2026-08-02 21:09:29,67.1,92.9,184960.0,36.1,48.79,9.84,0.01,0.01,31.07,91,315,0
2026-08-02 21:09:35,65.6,89.9,262236.0,36.1,119.53,161.04,0.0,0.0,4.41,91,315,0
2026-08-02 21:09:41,74.1,90.6,244672.0,36.1,33.58,8.99,0.0,0.0,161.82,91,315,0
2026-08-02 21:09:47,41.9,90.6,243154.67,36.1,38.32,10.98,0.02,0.02,5.59,91,315,0
2026-08-02 21:09:53,57.9,91.4,223134.67,36.1,49.7,7.74,0.02,0.03,62.64,91,315,0
2026-08-02 21:09:59,56.2,92.3,200480.0,36.1,88.87,10.79,0.04,0.04,5.05,91,315,0
2026-08-02 21:10:05,32.6,91.7,214780.0,36.1,88.68,2.87,0.0,0.0,4.86,91,315,0
2026-08-02 21:10:11,27.2,92.2,201892.0,36.1,53.15,4.39,0.01,0.01,4.11,91,315,0
2026-08-02 21:10:17,42.3,92.8,185646.67,36.1,65.44,1.37,0.02,0.01,3.89,91,314,0
2026-08-02 21:10:23,72.0,93.5,168672.0,36.1,91.36,13.04,0.0,0.01,22.66,91,315,0
2026-08-02 21:10:29,82.5,93.9,157733.33,36.1,94.75,18.34,0.01,0.0,67.93,91,314,0
2026-08-02 21:10:35,56.9,94.9,131984.0,36.1,104.95,29.56,0.01,0.01,73.47,91,314,0
2026-08-02 21:10:41,77.1,90.0,260440.0,36.1,74.19,228.82,0.0,0.0,6.33,91,315,0
2026-08-02 21:10:47,39.9,90.0,258322.67,36.1,13.34,9.13,0.01,0.01,3.81,91,315,0
2026-08-02 21:10:53,45.1,90.2,255122.67,36.1,6.72,9.32,0.01,0.01,6.08,92,315,0
2026-08-02 21:10:59,81.6,90.7,240848.0,36.1,58.4,12.32,0.01,0.0,80.59,92,315,0
2026-08-02 21:11:05,62.7,91.1,229964.0,36.1,22.66,9.27,0.01,0.01,282.09,92,315,0
2026-08-02 21:11:12,52.5,91.7,216017.33,36.1,55.66,9.59,0.0,0.0,3.43,92,315,0
2026-08-02 21:11:18,37.9,91.5,219837.33,36.1,57.4,10.12,0.0,0.0,8.35,92,315,0
2026-08-02 21:11:24,69.2,91.9,210174.67,36.1,99.69,9.29,0.01,0.01,4.41,92,315,0
2026-08-02 21:11:30,59.0,93.7,163945.33,36.1,199.19,10.47,0.01,0.01,3.87,92,315,0
2026-08-02 21:11:36,61.7,94.0,154430.67,36.1,79.55,9.52,0.0,0.0,14.09,92,322,0
2026-08-02 21:11:42,21.2,96.0,104145.33,36.1,305.42,6.68,0.0,0.0,25.07,92,317,1
2026-08-02 21:11:48,8.7,88.1,307806.67,36.1,274.55,182.99,0.02,0.02,77.02,92,315,0
2026-08-02 21:11:54,11.6,90.4,249306.67,36.2,132.46,2.45,0.01,0.01,4.48,92,316,0
2026-08-02 21:12:00,37.7,91.4,222150.67,36.2,39.54,1.99,0.03,0.04,4.68,92,315,0
2026-08-02 21:12:06,17.9,88.7,292994.67,36.2,49.28,131.18,0.01,0.01,3.62,92,315,0
2026-08-02 21:12:12,4.5,87.1,333312.0,36.2,6.53,1.68,0.0,0.0,30.61,92,315,0
2026-08-02 21:12:18,21.2,86.6,348052.0,36.2,8.86,2.54,0.01,0.01,4.13,92,314,0
2026-08-02 21:12:24,16.6,86.6,347864.0,36.2,5.56,1.6,0.0,0.0,62.12,92,314,0
2026-08-02 21:12:30,23.9,87.0,337906.67,36.2,26.49,4.2,0.01,0.0,7.82,92,314,0
2026-08-02 21:12:36,11.3,87.1,334022.67,36.2,13.29,2.91,0.02,0.02,68.12,92,314,0
2026-08-02 21:12:42,10.0,87.1,334106.67,36.2,19.59,10.92,0.0,0.0,4.28,92,314,0
2026-08-02 21:12:48,16.4,86.4,351496.0,36.2,5.32,1.7,0.02,0.02,4.02,93,314,0
2026-08-02 21:12:54,34.7,86.8,341822.67,36.2,2.62,3.68,0.0,0.0,55.26,93,314,0
2026-08-02 21:13:00,28.6,86.8,341745.33,36.2,30.01,1.61,0.03,0.02,88.09,93,314,0
2026-08-02 21:13:06,30.7,87.4,326189.33,36.2,51.74,1.79,0.01,0.01,90.76,93,314,0
2026-08-02 21:13:13,19.0,87.7,317718.67,36.2,24.97,1.73,0.01,0.0,4.2,93,314,0
2026-08-02 21:13:19,23.6,88.0,310338.67,36.2,21.73,2.24,0.01,0.0,11.06,93,314,0
2026-08-02 21:13:25,31.7,88.3,302709.33,36.2,58.5,3.28,0.0,0.0,62.92,93,314,0
2026-08-02 21:13:31,27.4,86.9,338684.0,36.2,77.72,2.44,0.02,0.01,78.29,93,314,0
2026-08-02 21:13:37,26.1,87.1,333697.33,36.2,13.33,2.16,0.0,0.0,4.36,93,314,0
2026-08-02 21:13:43,18.0,87.9,313529.33,36.2,53.8,8.55,0.01,0.01,3.53,93,314,0
2026-08-02 21:13:49,8.8,86.1,360036.0,36.2,34.22,98.9,0.01,0.02,5.67,93,313,0
2026-08-02 21:13:55,32.8,86.5,349114.67,36.2,30.13,2.59,0.03,0.1,3.86,93,313,0
2026-08-02 21:14:01,14.8,87.3,328849.33,36.2,39.95,4.07,0.04,0.03,37.57,93,313,0
2026-08-02 21:14:07,25.3,88.8,290558.67,36.2,82.27,2.06,0.0,0.01,74.18,93,313,0
2026-08-02 21:14:13,15.4,88.4,300873.33,36.2,109.05,1.98,0.02,0.01,3.99,93,313,0
2026-08-02 21:14:19,20.5,88.4,300342.67,36.2,125.79,4.88,0.0,0.0,68.22,93,313,0
2026-08-02 21:14:25,8.1,90.7,241894.67,36.2,63.94,1.8,0.01,0.01,4.04,93,313,0
2026-08-02 21:14:31,19.5,91.4,223402.67,36.2,79.27,2.2,0.01,0.0,55.21,93,314,0
2026-08-02 21:14:37,14.4,92.5,194518.67,36.2,263.42,9.62,0.1,0.12,5.13,93,313,0
2026-08-02 21:14:43,27.8,91.8,211757.33,36.2,49.72,6.25,0.01,0.0,3.74,93,317,0
2026-08-02 21:14:49,42.3,94.7,138536.0,36.2,171.11,2.29,0.01,0.0,64.17,94,313,0
2026-08-02 21:14:55,77.6,92.9,182841.33,36.2,153.62,42.82,0.05,0.01,4.2,94,314,0
2026-08-02 21:15:01,70.5,90.5,247309.33,36.2,162.77,33.94,0.07,0.1,3.82,94,314,0
2026-08-02 21:15:07,62.1,87.6,321646.67,36.2,51.73,189.48,0.0,0.0,3.85,94,314,0
2026-08-02 21:15:13,71.0,88.0,310205.33,36.2,26.92,11.37,0.02,0.0,21.41,94,314,0
2026-08-02 21:15:19,58.0,87.3,328114.67,36.2,43.89,119.67,0.02,0.0,68.61,94,314,0
2026-08-02 21:15:25,56.5,86.7,344702.67,36.2,16.84,8.21,0.02,0.0,4.1,94,314,0
2026-08-02 21:15:31,43.0,86.6,346405.33,36.2,10.47,8.11,0.02,0.01,62.39,94,313,0
2026-08-02 21:15:38,65.1,86.6,347341.33,36.2,8.52,12.44,0.01,0.01,3.93,94,314,0
2026-08-02 21:15:44,76.5,85.7,371596.0,36.2,422.94,13.08,0.08,0.12,23.48,94,315,0
2026-08-02 21:15:50,75.9,86.0,364245.33,36.2,70.05,8.0,0.06,0.06,50.89,94,315,0
2026-08-02 21:15:56,43.1,87.4,326228.0,36.2,54.69,108.13,0.2,0.04,61.68,94,315,0
2026-08-02 21:16:02,76.3,90.5,246926.67,36.2,535.64,8.13,0.08,0.05,68.87,94,315,0
2026-08-02 21:16:08,65.2,87.0,336000.0,36.2,150.69,107.11,0.02,0.01,73.14,94,315,0
2026-08-02 21:16:14,45.9,85.3,380661.33,36.2,50.64,8.08,0.04,0.0,84.19,94,314,0
2026-08-02 21:16:20,17.5,86.1,359384.0,36.2,95.7,4.04,0.0,0.0,3.51,94,314,0
2026-08-02 21:16:26,12.3,87.6,321258.67,36.2,112.54,1.27,0.05,0.02,172.39,94,313,0
2026-08-02 21:16:32,10.8,86.3,354066.67,36.2,131.72,124.93,0.07,0.11,4.09,94,313,0
2026-08-02 21:16:38,23.6,86.5,351164.0,36.2,40.12,4.01,0.03,0.03,96.32,94,313,0
2026-08-02 21:16:44,25.4,89.6,269133.33,36.2,277.66,2.78,0.04,0.07,62.87,94,316,0
2026-08-02 21:16:50,31.4,90.1,257316.0,36.2,78.23,3.3,0.02,0.03,4.57,94,315,0
2026-08-02 21:16:56,70.4,90.3,251262.67,36.2,79.4,13.7,0.02,0.0,3.78,95,316,0
2026-08-02 21:17:03,57.9,90.3,250568.0,36.2,86.35,28.24,0.02,0.02,26.26,95,316,0
2026-08-02 21:17:09,89.3,92.9,183002.67,36.2,15.32,27.25,0.0,0.0,5.24,95,315,0
2026-08-02 21:17:15,72.0,90.5,246554.67,36.2,51.06,24.73,0.0,0.0,14.01,95,316,0
2026-08-02 21:17:21,42.9,91.0,232653.33,36.2,23.54,11.56,0.0,0.0,4.23,95,316,0
2026-08-02 21:17:27,20.6,90.8,238300.0,36.2,11.0,9.17,0.01,0.03,77.64,95,316,0
2026-08-02 21:17:33,41.6,91.4,222908.0,36.2,22.48,9.31,0.02,0.01,75.34,95,316,0
2026-08-02 21:17:39,86.4,90.2,254212.0,36.2,438.84,16.3,0.02,0.02,4.05,95,317,0
2026-08-02 21:17:45,49.5,86.8,341886.67,36.2,46.96,155.28,0.01,0.01,4.02,95,317,0
2026-08-02 21:17:51,47.5,87.7,318328.0,36.2,24.14,9.32,0.01,0.01,32.93,95,317,0
2026-08-02 21:17:57,45.9,88.3,302708.0,36.2,7.54,11.95,0.03,0.01,75.76,95,317,0
2026-08-02 21:18:03,63.7,89.1,283209.33,36.2,43.5,10.04,0.03,0.02,71.36,95,317,0
2026-08-02 21:18:09,64.3,88.7,292322.67,36.2,80.25,12.35,0.01,0.01,10.92,95,316,0
2026-08-02 21:18:15,51.5,89.0,286354.67,36.2,49.94,9.45,0.0,0.0,3.91,95,316,0
2026-08-02 21:18:21,10.6,89.1,283361.33,36.2,92.02,4.55,0.0,0.0,38.9,95,316,0
2026-08-02 21:18:27,5.0,88.9,288533.33,36.2,75.94,2.28,0.01,0.01,3.78,95,316,0
2026-08-02 21:18:33,35.9,90.0,260146.67,36.2,629.44,83.01,0.05,0.35,71.81,95,317,0
2026-08-02 21:18:39,22.1,92.6,192232.0,36.2,264.81,4.9,0.02,0.02,3.73,95,317,0
2026-08-02 21:18:45,26.0,89.3,276837.33,36.2,65.19,149.2,0.01,0.01,4.01,95,318,0
2026-08-02 21:18:51,16.3,89.3,276740.0,36.2,23.43,2.49,0.01,0.01,53.63,95,323,0
2026-08-02 21:18:57,24.8,89.5,272398.67,36.2,11.39,3.74,0.03,0.09,3.74,95,317,0
2026-08-02 21:19:03,26.2,90.4,250246.67,36.2,48.16,13.02,0.01,0.01,66.81,95,317,0
2026-08-02 21:19:10,36.6,88.3,304532.0,36.2,143.96,145.13,0.01,0.01,4.0,95,321,0
2026-08-02 21:19:16,14.6,88.3,302978.67,36.2,170.34,11.32,0.01,0.01,4.36,95,321,0
2026-08-02 21:19:22,17.2,88.6,295102.67,36.2,96.02,4.8,0.01,0.0,193.99,95,321,0
2026-08-02 21:19:28,30.2,88.2,304742.67,36.2,129.27,2.33,0.01,0.04,46.22,96,326,0
2026-08-02 21:19:34,25.7,89.2,279566.67,36.2,135.68,2.9,0.01,0.0,3.66,96,319,0
2026-08-02 21:19:40,23.2,88.2,304988.0,36.2,181.56,159.15,0.01,0.01,75.71,96,319,0
2026-08-02 21:19:46,21.6,87.8,315512.0,36.2,25.96,4.48,0.02,0.01,3.31,96,317,0
2026-08-02 21:19:52,18.2,87.0,336006.67,36.2,10.78,4.74,0.01,0.0,3.72,96,317,0
2026-08-02 21:19:58,9.7,87.2,330840.0,36.2,12.61,6.96,0.04,0.02,3.75,96,316,0
2026-08-02 21:20:04,2.1,87.6,321268.0,36.2,7.72,0.93,0.01,0.01,4.05,96,315,0
2026-08-02 21:20:10,31.1,88.1,308188.0,36.2,17.05,2.16,0.01,0.0,4.04,96,315,0
2026-08-02 21:20:16,28.1,87.3,329205.33,36.2,393.5,2.52,0.01,0.0,6.6,96,316,0
2026-08-02 21:20:22,4.4,86.4,351564.0,36.2,53.72,13.12,0.01,0.0,3.56,96,316,0
2026-08-02 21:20:28,2.3,86.6,348672.0,36.2,4.11,1.32,0.0,0.0,71.58,96,316,0
2026-08-02 21:20:34,4.1,86.4,353868.0,36.2,3.0,1.29,0.01,0.0,4.1,96,316,0
2026-08-02 21:20:40,17.8,86.7,344936.0,36.2,22.17,2.24,0.01,0.01,83.28,96,317,0
2026-08-02 21:20:46,20.1,86.1,360681.33,36.2,16.15,5.45,0.01,0.01,4.01,96,315,0
2026-08-02 21:20:52,44.5,90.1,256509.33,36.2,660.78,65.84,0.01,0.0,73.86,96,317,0
2026-08-02 21:20:58,17.3,92.7,189124.0,36.2,875.25,3.45,0.02,0.02,65.57,96,318,0
2026-08-02 21:21:04,18.7,93.5,168341.33,36.2,205.45,2.23,0.01,0.01,74.47,96,318,0
2026-08-02 21:21:11,12.5,92.8,187696.0,36.2,51.1,3.35,0.01,0.0,22.71,96,318,0
2026-08-02 21:21:17,4.8,90.2,254109.33,36.2,3.32,175.12,0.01,0.01,4.36,96,318,0
2026-08-02 21:21:23,10.5,90.3,250510.67,36.2,11.38,0.77,0.01,0.01,4.98,96,317,0
2026-08-02 21:21:29,10.9,89.9,261384.0,36.2,11.99,1.05,0.01,0.0,19.9,96,316,0
2026-08-02 21:21:35,4.8,90.1,257784.0,36.2,8.21,7.87,0.01,0.0,25.67,96,315,0
2026-08-02 21:21:41,13.2,90.3,250861.33,36.2,52.57,2.14,0.01,0.01,4.39,96,315,0
2026-08-02 21:21:47,7.5,90.4,249484.0,36.2,16.6,2.43,0.02,0.02,69.57,96,314,0
2026-08-02 21:21:53,13.6,90.6,243156.0,36.2,10.59,7.78,0.01,0.0,4.32,96,314,0
2026-08-02 21:21:59,12.6,91.2,228600.0,36.2,194.86,2.2,0.07,0.04,119.14,96,315,0
2026-08-02 21:22:05,8.5,91.3,224438.67,36.2,75.12,1.87,0.01,0.0,33.75,96,315,0
2026-08-02 21:22:11,9.1,91.5,221142.67,36.2,112.27,1.38,0.0,0.01,4.07,96,315,0
2026-08-02 21:22:17,12.0,91.9,209892.0,36.2,114.37,1.05,0.01,0.03,72.67,97,314,0
2026-08-02 21:22:23,13.5,92.5,195722.67,36.2,90.56,1.9,0.01,0.01,4.67,97,315,0
2026-08-02 21:22:29,20.7,91.3,225990.67,36.2,59.98,7.55,0.01,0.0,3.69,97,314,0
2026-08-02 21:22:35,30.4,91.6,217458.67,36.2,16.97,5.19,0.01,0.01,64.66,97,314,0
2026-08-02 21:22:41,20.2,92.8,187890.67,36.2,94.47,1.92,0.01,0.01,76.92,97,314,0
2026-08-02 21:22:47,13.7,92.3,200906.67,36.2,45.09,2.56,0.02,0.02,4.44,97,314,0
2026-08-02 21:22:53,13.4,92.4,198213.33,36.2,38.39,2.06,0.02,0.01,73.87,97,314,0
2026-08-02 21:22:59,5.5,92.6,190884.0,36.2,10.97,6.32,0.01,0.0,4.09,97,314,0
2026-08-02 21:23:05,19.9,92.8,186021.33,36.2,89.47,2.09,0.0,0.0,63.82,97,314,0
2026-08-02 21:23:11,25.6,92.9,183469.33,36.2,64.45,2.45,0.01,0.02,89.02,97,314,0
2026-08-02 21:23:18,15.8,88.4,299616.0,36.2,153.93,135.69,0.02,0.01,3.86,97,314,0
2026-08-02 21:23:24,8.6,88.9,287329.33,36.2,32.59,1.98,0.0,0.0,70.51,97,314,0
2026-08-02 21:23:30,14.7,87.2,330966.67,36.2,7.81,2.04,0.02,0.01,3.68,97,314,0
2026-08-02 21:23:36,33.3,88.0,309980.0,36.2,31.34,5.37,0.01,0.01,3.75,97,314,0
2026-08-02 21:23:42,28.4,89.8,264621.33,36.2,125.72,3.87,0.07,0.11,4.01,97,315,0
2026-08-02 21:23:48,10.9,89.8,265229.33,36.2,20.53,3.56,0.01,0.02,41.09,97,320,0
2026-08-02 21:23:54,61.9,90.9,235114.67,36.2,20.42,2.99,0.02,0.09,68.22,97,315,0
2026-08-02 21:24:00,70.8,91.6,218400.0,36.2,135.89,33.23,0.05,0.02,95.71,97,314,0
2026-08-02 21:24:06,80.3,91.7,214454.67,36.2,81.92,32.21,0.0,0.0,74.63,97,315,0
2026-08-02 21:24:12,50.3,92.0,206841.33,36.2,96.43,30.45,0.0,0.0,15.35,97,314,0
2026-08-02 21:24:18,35.6,92.6,191700.0,36.2,37.85,9.24,0.0,0.0,45.79,97,315,0
2026-08-02 21:24:24,57.9,93.2,177454.67,36.2,13.78,9.28,0.0,0.0,83.02,97,315,0
2026-08-02 21:24:30,59.4,92.7,188364.0,36.2,32.38,9.29,0.0,0.0,7.56,97,315,0
2026-08-02 21:24:36,52.5,93.3,174661.33,36.2,56.24,10.3,0.01,0.0,68.86,97,315,0
2026-08-02 21:24:42,30.0,93.5,168926.67,36.2,62.15,25.05,0.01,0.01,3.94,97,315,0
2026-08-02 21:24:48,34.0,94.1,154209.33,36.2,106.17,9.65,0.01,0.01,3.94,98,315,0
2026-08-02 21:24:54,50.3,94.5,143618.67,36.2,26.88,18.69,0.01,0.01,29.58,98,315,0
2026-08-02 21:25:00,61.4,91.1,231660.0,36.2,123.33,25.47,0.01,0.01,45.81,98,316,0
2026-08-02 21:25:07,32.6,88.4,299706.67,36.2,23.12,217.4,0.0,0.0,37.6,98,316,0
2026-08-02 21:25:13,5.7,89.0,284788.0,36.2,75.48,15.99,0.0,0.0,4.18,98,315,0
2026-08-02 21:25:19,12.8,89.0,286457.33,36.2,34.26,1.34,0.0,0.0,5.62,98,315,0
2026-08-02 21:25:25,30.6,89.4,274941.33,36.2,22.28,2.98,0.0,0.0,35.04,98,315,0
2026-08-02 21:25:31,40.2,89.3,278634.67,36.2,37.79,3.32,0.0,0.0,5.47,98,314,0
2026-08-02 21:25:37,84.8,89.2,281334.67,36.2,17.24,5.73,0.01,0.01,4.69,98,314,0
2026-08-02 21:25:43,59.1,89.2,279330.67,36.2,10.58,21.37,0.0,0.0,54.83,98,314,0
2026-08-02 21:25:49,55.7,90.2,254334.67,36.2,22.83,25.75,0.01,0.01,3.48,98,314,0
2026-08-02 21:25:55,60.1,90.4,248890.67,36.2,24.32,22.56,0.0,0.0,62.3,98,319,0
2026-08-02 21:26:01,49.3,90.9,235206.67,36.2,30.33,10.35,0.02,0.01,4.92,98,314,0
2026-08-02 21:26:07,42.5,90.8,239673.33,36.2,383.18,10.86,0.01,0.01,7.24,98,320,0
2026-08-02 21:26:13,22.3,87.8,315104.0,36.2,53.42,125.82,0.01,0.02,4.79,98,314,0
2026-08-02 21:26:19,33.4,87.9,314560.0,36.2,26.53,15.32,0.0,0.0,76.29,98,313,0
2026-08-02 21:26:25,51.5,87.7,320170.67,36.2,26.99,8.89,0.01,0.01,3.47,98,314,0
2026-08-02 21:26:31,67.9,88.3,304505.33,36.3,54.05,35.63,0.0,0.0,5.73,98,314,0
2026-08-02 21:26:37,63.0,88.4,299933.33,36.3,39.83,7.89,0.01,0.0,6.01,98,314,0
2026-08-02 21:26:43,35.1,89.2,280428.0,36.3,22.95,11.68,0.01,0.01,3.65,98,314,0
2026-08-02 21:26:49,31.9,89.7,268138.67,36.3,48.28,13.16,0.01,0.01,5.07,98,320,0
2026-08-02 21:26:55,44.8,89.6,269888.0,36.3,28.21,9.81,0.01,0.01,12.75,98,314,0
2026-08-02 21:27:01,38.1,89.5,271722.67,36.3,21.37,4.55,0.01,0.0,51.67,98,314,0
2026-08-02 21:27:07,30.2,89.6,268918.67,36.3,26.66,3.08,0.0,0.0,3.42,98,314,0
2026-08-02 21:27:13,7.8,89.7,267240.0,36.3,27.06,2.26,0.02,0.01,60.0,98,314,0
2026-08-02 21:27:19,10.0,89.9,263104.0,36.3,26.89,1.32,0.01,0.01,4.95,98,313,0
2026-08-02 21:27:25,21.3,90.6,244692.0,36.3,49.76,1.01,0.0,0.01,65.98,98,325,0
2026-08-02 21:27:31,30.0,90.4,248806.67,36.3,29.64,3.97,0.01,0.01,5.47,98,318,0
2026-08-02 21:27:37,18.6,90.4,248030.67,36.3,45.29,4.3,0.03,0.01,61.78,98,317,0
2026-08-02 21:27:44,18.8,90.3,250722.67,36.3,23.67,2.05,0.01,0.0,3.45,98,313,0
2026-08-02 21:27:50,9.9,90.3,250394.67,36.3,18.33,1.19,0.01,0.01,71.49,98,313,0
2026-08-02 21:27:56,15.3,90.6,242570.67,36.3,23.58,1.18,0.0,0.0,4.26,98,313,0
2026-08-02 21:28:02,13.8,90.8,237320.0,36.3,52.35,2.51,0.04,0.03,4.92,99,313,0
2026-08-02 21:28:08,32.3,91.6,218005.33,36.3,40.12,4.31,0.01,0.01,4.01,99,313,0
2026-08-02 21:28:14,5.5,93.0,182329.33,36.3,209.94,1.59,0.01,0.0,25.66,99,313,0
2026-08-02 21:28:20,18.1,92.4,196597.33,36.3,23.05,16.84,0.01,0.0,486.62,99,313,1
2026-08-02 21:28:26,10.8,92.6,192529.33,36.3,5.12,1.02,0.01,0.02,107.85,99,313,0
2026-08-02 21:28:32,21.9,85.3,381441.33,36.3,20.81,105.8,0.01,0.0,560.17,99,313,1
2026-08-02 21:28:39,22.3,84.6,400241.33,36.3,49.5,124.14,0.01,0.01,49.5,99,313,0
2026-08-02 21:28:45,8.8,85.3,381232.0,36.3,47.7,4.99,0.02,0.01,76.39,99,313,0
2026-08-02 21:28:51,4.7,84.2,409422.67,36.3,6.09,32.05,0.01,0.01,599.11,99,313,1
2026-08-02 21:28:58,16.4,84.7,397914.67,36.3,15.32,1.36,0.02,0.01,,99,313,0
2026-08-02 21:29:08,47.4,86.6,347321.33,36.3,104.53,3.48,0.01,0.0,,99,314,0
2026-08-02 21:29:18,11.8,87.9,313408.0,36.3,377.7,139.03,0.0,0.0,,99,315,0
2026-08-02 21:29:28,72.9,93.9,158394.67,36.3,978.1,66.61,0.0,0.0,,99,317,0
2026-08-02 21:29:38,57.6,91.8,213022.67,36.3,1255.13,60.51,0.19,0.19,80.72,99,316,0
2026-08-02 21:29:44,46.4,84.9,391533.33,36.3,46.67,306.52,0.02,0.0,5.3,99,316,0
2026-08-02 21:29:50,59.9,85.7,369728.0,36.3,32.83,15.63,0.0,0.0,27.31,99,316,0
2026-08-02 21:29:56,54.4,86.1,361113.33,36.3,18.64,13.63,0.01,0.0,44.64,99,317,0
2026-08-02 21:30:02,56.0,86.3,355801.33,36.3,45.23,131.38,0.02,0.02,450.57,99,317,1
2026-08-02 21:30:09,50.5,87.3,328474.67,36.3,111.94,9.14,0.02,0.01,259.54,99,316,0
2026-08-02 21:30:15,34.5,86.7,344744.0,36.3,73.04,108.05,0.01,0.0,168.76,99,316,0
2026-08-02 21:30:21,49.5,86.7,344034.67,36.3,51.26,8.73,0.01,0.0,135.89,99,316,0
2026-08-02 21:30:27,40.8,87.8,316358.67,36.3,55.28,7.14,0.01,0.0,473.67,99,316,1
2026-08-02 21:30:34,53.0,87.8,317110.67,36.3,25.02,9.73,0.01,0.01,198.74,99,316,0
2026-08-02 21:30:40,54.9,87.0,337864.0,36.3,464.2,19.51,0.02,0.01,10.43,99,317,0
2026-08-02 21:30:46,37.6,87.8,315689.33,36.3,26.28,9.68,0.01,0.01,126.43,99,317,0
2026-08-02 21:30:52,30.4,86.4,353518.67,36.3,80.01,176.12,0.0,0.0,20.82,99,317,0
2026-08-02 21:30:58,34.1,86.6,347705.33,36.3,45.22,3.67,0.02,0.01,41.76,99,317,0
2026-08-02 21:31:04,44.6,89.0,286041.33,36.3,241.92,109.26,0.01,0.0,148.93,99,317,0
2026-08-02 21:31:10,31.7,88.6,296037.33,36.3,143.97,9.49,0.01,0.02,282.78,99,317,0
2026-08-02 21:31:17,57.8,90.9,235706.67,36.3,192.19,10.73,0.3,0.1,26.3,99,323,0
2026-08-02 21:31:23,53.6,91.2,229497.33,36.3,93.25,22.2,0.05,0.12,489.05,99,316,1
2026-08-02 21:31:29,62.3,90.4,247809.33,36.3,63.33,32.81,0.02,0.01,148.32,99,316,0
2026-08-02 21:31:35,61.1,90.8,239416.0,36.3,64.17,10.72,0.0,0.0,258.16,99,317,0
2026-08-02 21:31:42,45.7,91.0,234134.67,36.3,110.27,7.07,0.01,0.0,92.71,99,317,0
2026-08-02 21:31:48,37.3,91.3,226549.33,36.3,100.48,9.52,0.02,0.0,81.69,99,317,0
2026-08-02 21:31:54,35.3,93.1,177846.67,36.3,128.67,7.97,0.0,0.0,173.95,99,322,0
2026-08-02 21:32:00,64.8,93.2,177286.67,36.3,101.71,19.76,0.05,0.02,4.57,99,317,0
2026-08-02 21:32:06,74.3,93.3,173076.0,36.3,88.78,8.09,0.01,0.01,4.57,99,317,0
2026-08-02 21:32:12,54.5,93.0,181710.67,36.3,107.58,8.16,0.02,0.0,5.25,99,317,0
2026-08-02 21:32:18,23.4,93.1,179645.33,36.3,45.99,11.86,0.02,0.0,42.02,99,317,0
2026-08-02 21:32:24,29.3,93.2,177308.0,36.3,45.61,10.25,0.06,0.0,3.97,99,316,0
2026-08-02 21:32:30,56.2,94.0,154834.67,36.3,79.8,9.31,0.14,0.1,4.88,99,316,0
2026-08-02 21:32:36,25.6,94.0,154917.33,36.3,156.21,8.1,0.09,0.02,39.49,100,316,0
2026-08-02 21:32:42,9.8,94.2,151001.33,36.3,65.24,3.64,0.03,0.02,163.0,100,316,0
2026-08-02 21:32:48,3.5,93.7,162329.33,36.3,49.12,10.26,0.01,0.01,7.19,100,315,0
2026-08-02 21:32:54,4.6,94.1,152228.0,36.3,39.11,1.2,0.01,0.01,3.76,100,315,0
2026-08-02 21:33:00,14.3,94.6,139974.67,36.3,65.89,1.2,0.04,0.01,6.27,100,315,0
2026-08-02 21:33:07,21.2,94.6,139126.67,36.3,132.19,1.89,0.04,0.01,1707.27,100,316,1
2026-08-02 21:33:14,4.1,94.8,133744.0,36.3,79.86,2.6,0.04,0.01,1666.18,100,316,1
2026-08-02 21:33:22,1.3,94.0,155465.33,36.3,33.14,2.14,0.01,0.0,21.57,100,315,0
2026-08-02 21:33:28,24.6,94.2,150202.67,36.3,20.59,2.68,0.01,0.0,13.41,100,316,0
2026-08-02 21:33:34,54.3,93.5,167757.33,36.3,443.87,3.84,0.18,0.3,83.09,100,316,0
2026-08-02 21:33:40,45.3,88.1,308933.33,36.3,125.86,246.29,0.08,0.04,63.07,100,315,0
2026-08-02 21:33:46,11.4,86.2,356682.67,36.3,17.57,148.8,0.08,0.01,10.21,100,315,0
2026-08-02 21:33:52,27.0,86.9,340304.0,36.3,84.93,2.49,0.01,0.0,4.49,100,315,0
2026-08-02 21:33:58,20.3,87.0,337800.0,36.3,17.89,2.44,0.05,0.03,28.39,100,315,0
2026-08-02 21:34:04,19.2,87.2,332897.33,36.3,5.21,3.22,0.02,0.0,80.1,100,315,0
2026-08-02 21:34:10,18.7,85.5,377205.33,36.3,33.0,1.96,0.01,0.0,6.3,100,321,0
2026-08-02 21:34:16,16.3,85.4,379798.67,36.3,14.07,1.09,0.05,0.01,71.14,100,315,0
2026-08-02 21:34:22,20.6,85.8,367913.33,36.3,11.04,2.2,0.03,0.02,106.11,100,314,0
2026-08-02 21:34:29,25.1,87.2,332853.33,36.3,81.5,3.46,0.0,0.0,262.56,100,322,0
2026-08-02 21:34:35,21.6,87.4,327305.33,36.3,993.48,7.07,0.04,0.1,49.98,100,318,0
2026-08-02 21:34:41,29.8,88.5,298493.33,36.3,959.94,19.21,0.01,0.01,3.94,100,318,0
2026-08-02 21:34:47,27.8,89.2,279917.33,36.3,739.1,182.65,0.02,0.02,4.09,100,324,0
2026-08-02 21:34:53,19.5,88.3,304032.0,36.3,141.54,226.86,0.01,0.01,318.48,100,318,1
2026-08-02 21:34:59,33.8,89.1,282070.67,36.3,152.57,4.04,0.02,0.01,3.92,100,317,0
2026-08-02 21:35:05,14.2,89.4,274504.0,36.3,87.83,2.43,0.01,0.0,4.6,100,317,0
2026-08-02 21:35:11,17.4,90.5,245692.0,36.3,212.61,2.01,0.01,0.02,43.25,100,318,0
2026-08-02 21:35:17,12.9,91.1,232000.0,36.3,173.5,6.93,0.01,0.01,169.87,100,319,0
2026-08-02 21:35:24,9.8,92.1,204610.67,36.3,80.76,1.56,0.01,0.01,5.72,100,324,0
2026-08-02 21:35:30,16.3,93.6,165940.0,36.3,222.05,1.49,0.0,0.0,37.01,100,318,0
2026-08-02 21:35:36,19.6,94.0,155349.33,36.3,67.74,5.05,0.01,0.0,120.58,100,318,0
2026-08-02 21:35:42,11.5,88.5,298382.67,36.3,276.95,273.32,0.03,0.0,6.13,100,318,0
2026-08-02 21:35:48,14.4,90.3,252289.33,36.3,32.77,2.44,0.01,0.0,48.85,100,316,0
2026-08-02 21:35:54,6.4,89.7,267244.0,36.3,6.7,2.01,0.0,0.01,41.5,100,315,0
2026-08-02 21:36:00,18.7,90.7,241965.33,36.3,14.31,1.79,0.03,0.02,30.34,100,321,0
2026-08-02 21:36:06,8.9,90.4,248964.0,36.3,11.3,5.57,0.01,0.01,37.67,100,315,0
2026-08-02 21:36:12,11.5,90.8,239617.33,36.3,27.18,2.72,0.0,0.0,4.52,100,315,0
2026-08-02 21:36:18,16.6,90.5,246926.67,36.3,6.75,1.81,0.01,0.0,48.46,100,314,0
2026-08-02 21:36:24,6.1,90.9,234932.0,36.3,9.59,0.75,0.0,0.0,28.04,100,313,0
2026-08-02 21:36:30,28.8,91.1,230845.33,36.3,13.78,0.99,0.01,0.01,6.0,100,313,0
2026-08-02 21:36:36,12.6,90.7,240184.0,36.3,524.44,14.16,0.01,0.01,3.9,100,313,0
2026-08-02 21:36:42,83.3,92.9,185134.67,36.3,462.84,1.36,0.01,0.0,,100,314,0
2026-08-02 21:36:52,98.9,94.6,139978.67,36.3,782.13,9.98,0.01,0.0,,100,314,1
2026-08-02 21:37:02,17.5,87.2,331382.67,36.3,1053.75,209.43,0.0,0.0,,100,314,0
2026-08-02 21:37:12,7.8,85.9,366277.33,36.3,428.79,52.66,0.0,0.0,,100,313,0
2026-08-02 21:37:22,13.9,86.1,361692.0,36.3,69.04,1.76,0.0,0.0,0,100,313,0
2026-08-02 21:37:30,5.5,84.0,414797.33,36.3,267.67,326.92,0.0,0.0,0,100,312,0
2026-08-02 21:37:39,13.2,87.1,335226.67,36.3,57.44,2.87,0.0,0.0,,100,312,0
2026-08-02 21:37:49,9.0,88.4,299568.0,36.3,134.43,38.1,0.0,0.0,,100,312,0
2026-08-02 21:37:59,36.2,90.5,245113.33,36.3,123.44,3.52,0.0,0.0,0,100,312,0
2026-08-02 21:38:08,28.5,87.7,319217.33,36.3,272.07,197.87,0.0,0.0,0,100,314,0
2026-08-02 21:38:17,22.3,90.2,253277.33,36.3,265.94,205.0,0.0,0.0,0,100,314,0
2026-08-02 21:38:26,13.9,90.4,248854.67,36.3,103.56,49.3,0.0,0.0,0,100,314,0
2026-08-02 21:38:35,14.1,88.0,311645.33,36.3,70.11,2.31,0.0,0.0,0,100,316,0
2026-08-02 21:38:44,20.5,89.5,273022.67,36.3,151.15,96.37,0.0,0.0,0,100,314,0
2026-08-02 21:38:53,18.4,90.3,251450.67,36.3,110.67,47.03,0.0,0.0,0,100,314,0
2026-08-02 21:39:02,22.5,91.1,229852.0,36.3,103.34,8.04,0.0,0.0,0,100,315,0
2026-08-02 21:39:11,54.5,93.9,157352.0,36.3,295.34,5.21,0.0,0.0,,100,316,0
2026-08-02 21:39:17,52.4,94.3,146777.33,36.3,1520.99,31.66,0.1,0.17,4.64,100,324,0
2026-08-02 21:39:23,44.0,89.8,265550.67,36.3,1305.07,20.48,0.03,0.04,5.4,100,323,0
2026-08-02 21:39:29,23.2,88.5,298058.67,36.3,170.48,4.2,0.14,0.07,3.95,100,321,0
2026-08-02 21:39:35,14.7,83.6,424121.33,36.3,191.75,390.94,0.11,0.11,117.03,100,320,0
2026-08-02 21:39:41,31.8,84.8,395112.0,36.3,19.31,1.43,0.04,0.0,92.55,100,320,0
2026-08-02 21:39:47,37.3,87.9,313770.67,36.3,62.45,7.42,0.02,0.04,69.4,100,318,0
2026-08-02 21:39:53,28.8,87.5,324673.33,36.3,37.94,28.0,0.0,0.0,72.76,100,318,0
2026-08-02 21:39:59,23.8,86.0,362688.0,36.3,112.53,271.94,0.03,0.02,61.98,100,317,0
2026-08-02 21:40:05,27.5,86.8,341726.67,36.3,61.86,1.79,0.01,0.0,63.02,100,317,0
2026-08-02 21:40:11,21.0,86.9,338564.0,36.3,108.67,2.53,0.02,0.02,5.78,100,317,0
2026-08-02 21:40:17,25.8,87.2,332797.33,36.3,119.48,1.34,0.01,0.0,3.56,100,318,0
2026-08-02 21:40:23,16.2,86.2,356893.33,36.3,374.41,7.0,0.02,0.02,23.77,100,317,0
2026-08-02 21:40:30,27.5,86.8,342933.33,36.3,38.49,4.46,0.05,0.03,4.19,100,317,0
2026-08-02 21:40:36,11.8,86.7,343861.33,36.3,8.49,1.8,0.0,0.0,66.82,100,316,0
2026-08-02 21:40:42,22.1,85.1,386920.0,36.3,101.34,199.1,0.01,0.0,143.55,100,317,0
2026-08-02 21:40:48,17.0,87.2,330810.67,36.3,117.79,5.97,0.0,0.01,356.3,100,318,1
2026-08-02 21:40:54,27.4,90.0,259049.33,36.3,421.62,2.84,0.02,0.01,82.7,100,317,0
2026-08-02 21:41:00,36.0,89.6,270689.33,36.3,57.59,11.62,0.01,0.0,231.7,100,317,0
2026-08-02 21:41:06,21.3,89.4,275290.67,36.3,13.3,2.45,0.02,0.02,73.49,100,317,0
2026-08-02 21:41:13,17.6,89.4,274485.33,36.3,102.65,1.81,0.01,0.0,4.25,100,317,0
2026-08-02 21:41:19,21.4,88.4,300602.67,36.3,47.45,106.05,0.01,0.0,59.76,100,316,0
2026-08-02 21:41:25,20.7,88.8,290489.33,36.3,74.34,2.07,0.02,0.02,7.56,100,316,0
2026-08-02 21:41:31,24.2,89.0,284788.0,36.3,95.11,7.88,0.01,0.0,67.01,100,316,0
2026-08-02 21:41:37,37.1,89.1,283801.33,36.3,57.62,6.4,0.01,0.01,4.57,100,316,0
2026-08-02 21:41:43,23.1,90.1,255826.67,36.3,179.32,5.5,0.08,0.14,86.76,100,318,0
2026-08-02 21:41:49,21.8,90.7,240433.33,36.3,65.79,4.35,0.12,0.05,81.42,100,318,0
2026-08-02 21:41:55,12.3,90.7,241458.67,36.3,50.61,5.18,0.01,0.0,5.15,100,318,0
2026-08-02 21:42:01,22.6,90.9,235685.33,36.3,57.71,2.18,0.01,0.0,170.22,100,318,0
2026-08-02 21:42:07,20.4,91.4,223070.67,36.3,49.95,1.84,0.01,0.01,5.83,100,318,0
2026-08-02 21:42:13,26.1,91.1,230862.67,36.3,52.09,11.39,0.01,0.01,80.43,100,318,0
2026-08-02 21:42:19,25.2,91.0,232640.0,36.3,59.44,18.9,0.0,0.0,26.62,100,318,0
2026-08-02 21:42:25,34.4,92.8,185853.33,36.3,81.49,10.26,0.02,0.01,160.94,100,320,0
2026-08-02 21:42:31,20.1,92.8,186746.67,36.3,65.66,3.89,0.01,0.0,20.66,100,320,0
2026-08-02 21:42:38,19.2,92.5,193820.0,36.3,73.23,5.29,0.01,0.0,69.06,100,320,0
2026-08-02 21:42:44,12.8,92.7,189488.0,36.3,4.67,2.43,0.01,0.0,99.26,100,320,0
2026-08-02 21:42:50,22.4,91.9,211356.0,36.3,37.91,16.69,0.0,0.0,42.72,100,320,0
2026-08-02 21:42:56,13.3,92.5,194926.67,36.3,4.7,1.8,0.01,0.0,13.11,100,320,0
2026-08-02 21:43:02,8.4,92.7,188220.0,36.3,4.7,1.34,0.0,0.0,66.87,100,320,0
2026-08-02 21:43:08,27.2,93.2,176222.67,36.3,114.46,1.49,0.01,0.0,123.66,100,318,0
2026-08-02 21:43:14,11.5,94.0,156041.33,36.3,194.23,8.53,0.05,0.01,46.52,100,318,0
2026-08-02 21:43:20,43.3,93.2,177228.0,36.3,134.05,12.07,0.01,0.0,170.79,100,318,0
2026-08-02 21:43:26,20.7,93.2,177241.33,36.3,487.01,4.62,0.01,0.0,60.59,100,318,0
2026-08-02 21:43:32,83.0,93.9,158149.33,36.3,1052.38,7.05,0.01,0.01,87.56,100,317,0
2026-08-02 21:43:38,97.5,90.8,238914.67,36.3,899.83,158.12,0.01,0.0,75.68,100,317,1
2026-08-02 21:43:45,11.6,80.7,501013.33,36.3,210.76,320.54,0.01,0.0,9.22,100,315,0
2026-08-02 21:43:51,8.8,81.4,481848.0,36.3,14.53,1.06,0.01,0.0,19.97,100,315,0
2026-08-02 21:43:57,11.6,81.8,473173.33,36.3,18.29,1.04,0.02,0.02,45.13,100,315,0
2026-08-02 21:44:03,68.1,84.1,413609.33,36.3,151.63,1.03,0.02,0.02,115.73,100,315,0
2026-08-02 21:44:09,91.6,83.9,418653.33,36.4,128.83,36.39,0.01,0.01,468.87,100,314,1
2026-08-02 21:44:15,15.7,85.7,371657.33,36.4,432.54,2.54,0.0,0.0,18.96,100,315,0
2026-08-02 21:44:21,19.7,83.0,440982.67,36.4,165.83,305.01,0.02,0.02,276.76,100,314,0
2026-08-02 21:44:28,12.2,84.1,411334.67,36.4,84.59,2.45,0.0,0.0,85.8,100,314,0
2026-08-02 21:44:34,17.0,86.2,356917.33,36.4,310.62,6.96,0.01,0.0,156.01,100,314,0
2026-08-02 21:44:40,9.4,86.2,357288.0,36.4,142.95,8.49,0.01,0.07,16.02,100,320,0
2026-08-02 21:44:46,23.5,86.3,354742.67,36.4,112.01,2.07,0.01,0.01,29.73,100,313,0
2026-08-02 21:44:52,22.6,86.6,347702.67,36.4,50.28,2.28,0.01,0.01,7.25,100,312,0
2026-08-02 21:44:58,29.2,87.3,330208.0,36.4,116.46,1.84,0.0,0.0,6.16,100,312,0
2026-08-02 21:45:04,31.4,83.7,421954.67,36.4,82.76,292.33,0.01,0.0,165.53,100,312,0
2026-08-02 21:45:10,26.2,84.2,409337.33,36.4,78.43,1.71,0.02,0.01,184.62,100,313,0
2026-08-02 21:45:16,27.0,84.3,406924.0,36.4,82.94,1.91,0.02,0.01,4.38,100,318,0
2026-08-02 21:45:22,32.0,83.5,428956.0,36.4,32.55,4.14,0.01,0.0,5.7,100,312,0
2026-08-02 21:45:28,18.9,83.7,422954.67,36.4,15.89,1.31,0.0,0.0,39.87,100,312,0
2026-08-02 21:45:34,24.9,83.1,437140.0,36.4,15.37,0.84,0.01,0.0,3.8,100,311,0
2026-08-02 21:45:40,22.2,83.2,436637.33,36.4,12.46,2.91,0.0,0.0,62.82,100,311,0
2026-08-02 21:45:47,26.8,84.2,410380.0,36.4,13.51,1.45,0.01,0.0,3.76,100,311,0
2026-08-02 21:45:53,32.9,84.1,412002.67,36.4,72.86,1.97,0.01,0.0,63.64,100,311,0
2026-08-02 21:45:59,24.1,85.1,385628.0,36.4,21.98,1.41,0.01,0.01,3.35,100,311,0
2026-08-02 21:46:05,16.4,85.1,387418.67,36.4,65.29,3.34,0.01,0.01,119.37,100,311,0
2026-08-02 21:46:11,15.0,84.2,409078.67,36.4,43.63,2.37,0.0,0.0,75.51,100,310,0
2026-08-02 21:46:17,14.0,86.1,360816.0,36.4,161.83,0.55,0.02,0.01,3.92,100,310,0
2026-08-02 21:46:23,14.6,86.1,361638.67,36.4,84.18,1.57,0.01,0.01,150.28,100,307,0
2026-08-02 21:46:29,19.9,86.4,353621.33,36.4,110.24,5.89,0.01,0.01,6.37,100,307,0
2026-08-02 21:46:35,22.8,86.6,348669.33,36.4,75.26,2.49,0.01,0.02,4.8,100,307,0
2026-08-02 21:46:41,25.9,87.0,336620.0,36.4,96.58,1.48,0.0,0.0,11.13,100,309,0
2026-08-02 21:46:47,17.5,83.3,433230.67,36.4,79.5,215.64,0.01,0.0,3.87,100,308,0
2026-08-02 21:46:53,18.9,83.3,433686.67,36.4,15.41,1.63,0.01,0.0,24.23,100,307,0
2026-08-02 21:46:59,23.2,84.3,406574.67,36.4,48.71,0.99,0.0,0.0,8.71,100,308,0
2026-08-02 21:47:05,19.3,85.2,384181.33,36.4,170.83,4.84,0.03,0.17,3.81,100,306,0
2026-08-02 21:47:11,22.8,85.7,370636.0,36.4,50.71,1.33,0.0,0.0,7.23,100,311,0
2026-08-02 21:47:17,21.3,85.7,370854.67,36.4,72.2,3.59,0.01,0.0,45.27,100,307,0
2026-08-02 21:47:23,19.0,85.9,365456.0,36.4,57.98,1.55,0.01,0.04,54.46,100,307,0
2026-08-02 21:47:29,27.3,86.0,363033.33,36.4,67.84,3.05,0.01,0.01,73.95,100,308,0
2026-08-02 21:47:35,15.5,86.4,353180.0,36.4,85.83,1.5,0.03,0.01,28.6,100,308,0
2026-08-02 21:47:41,27.9,86.2,356826.67,36.4,62.23,1.69,0.0,0.0,3.59,100,308,0
2026-08-02 21:47:47,20.1,86.7,343696.0,36.4,86.51,2.29,0.02,0.01,5.17,100,310,0
2026-08-02 21:47:53,19.6,86.4,351520.0,36.4,87.62,1.59,0.0,0.0,33.45,100,309,0
2026-08-02 21:48:00,16.0,86.3,356265.33,36.4,18.3,1.3,0.01,0.0,3.59,100,309,0
2026-08-02 21:48:06,21.1,86.3,354404.0,36.4,17.9,3.49,0.01,0.01,65.22,100,309,0
2026-08-02 21:48:12,17.7,85.3,380406.67,36.4,411.1,36.73,0.01,0.01,4.29,100,310,0
2026-08-02 21:48:18,23.3,85.4,377948.0,36.4,84.03,1.45,0.01,0.0,63.83,100,309,0
2026-08-02 21:48:24,14.0,86.7,346110.67,36.4,97.32,1.09,0.0,0.0,33.32,100,309,0
2026-08-02 21:48:30,18.0,85.8,368325.33,36.4,51.42,2.21,0.01,0.01,41.15,100,309,0
2026-08-02 21:48:36,35.6,84.4,403726.67,36.4,22.22,2.3,0.02,0.01,31.81,100,309,0
2026-08-02 21:48:42,28.0,86.4,353800.0,36.4,174.92,4.09,0.0,0.01,75.92,100,308,0
2026-08-02 21:48:48,21.2,85.9,366386.67,36.4,20.17,5.53,0.03,0.04,4.38,100,308,0
2026-08-02 21:48:54,17.3,86.2,358685.33,36.4,28.05,3.38,0.0,0.0,15.87,100,308,0
2026-08-02 21:49:00,21.9,86.3,355801.33,36.4,38.69,2.09,0.01,0.01,4.22,100,308,0
2026-08-02 21:49:06,20.2,86.3,354000.0,36.4,33.14,1.29,0.01,0.01,67.25,100,308,0
2026-08-02 21:49:12,19.7,86.4,353394.67,36.4,98.56,2.39,0.0,0.0,39.91,100,308,0
2026-08-02 21:49:18,23.4,87.1,333833.33,36.4,156.64,1.95,0.02,0.02,68.04,100,309,0
2026-08-02 21:49:24,19.8,83.7,422745.33,36.4,45.6,250.14,0.01,0.0,4.42,100,309,0
2026-08-02 21:49:30,20.2,84.1,413065.33,36.4,23.09,2.74,0.01,0.0,4.72,100,309,0
2026-08-02 21:49:36,16.2,84.6,399808.0,36.4,63.52,1.31,0.01,0.01,4.85,100,309,0
2026-08-02 21:49:42,16.7,83.9,417502.67,36.4,63.89,2.37,0.01,0.08,42.08,100,314,0
2026-08-02 21:49:48,27.9,83.6,424516.0,36.4,24.81,2.32,0.02,0.01,4.6,100,308,0
2026-08-02 21:49:54,16.5,84.7,396474.67,36.4,23.55,2.66,0.0,0.0,34.95,100,308,0
2026-08-02 21:50:00,14.4,84.7,395792.0,36.4,76.28,2.98,0.01,0.0,4.49,100,308,0
2026-08-02 21:50:06,26.7,84.9,390750.67,36.4,82.55,0.74,0.01,0.02,161.1,100,308,0
2026-08-02 21:50:13,24.0,86.1,361624.0,36.4,104.25,2.03,0.01,0.0,3.96,100,308,0
2026-08-02 21:50:19,17.3,86.8,341460.0,36.4,179.06,4.09,0.01,0.01,13.26,100,312,0
2026-08-02 21:50:25,19.1,86.6,348222.67,36.4,47.46,1.25,0.0,0.0,33.64,100,311,0
2026-08-02 21:50:31,18.2,85.9,365286.67,36.4,15.12,3.39,0.01,0.0,6.8,100,310,0
2026-08-02 21:50:37,17.3,85.6,373812.0,36.4,17.2,1.24,0.0,0.01,182.83,100,310,0
2026-08-02 21:50:43,19.9,85.6,373508.0,36.4,15.92,2.47,0.01,0.01,108.92,100,310,0
2026-08-02 21:50:49,25.7,86.0,362692.0,36.4,26.41,1.98,0.02,0.01,5.09,100,311,0
2026-08-02 21:50:55,13.4,85.9,364689.33,36.4,16.45,0.86,0.0,0.0,4.08,100,310,0
2026-08-02 21:51:01,20.5,85.4,379784.0,36.4,59.51,3.43,0.01,0.01,3.91,100,310,0
2026-08-02 21:51:07,14.0,85.4,379230.67,36.4,47.1,1.79,0.0,0.01,62.15,100,309,0
2026-08-02 21:51:13,45.9,85.6,373402.67,36.4,118.74,2.54,0.01,0.0,7.51,100,309,0
2026-08-02 21:51:19,27.7,85.9,364989.33,36.4,174.73,1.5,0.01,0.01,4.31,100,310,0
2026-08-02 21:51:25,15.1,86.1,360974.67,36.4,119.02,3.59,0.01,0.02,5.17,100,309,0
2026-08-02 21:51:31,16.3,85.9,364574.67,36.4,233.97,2.01,0.01,0.0,4.95,100,309,0
2026-08-02 21:51:37,27.9,86.3,354225.33,36.4,92.25,2.67,0.0,0.0,13.78,100,315,0
2026-08-02 21:51:43,26.4,90.5,247593.33,36.4,334.23,1.14,0.01,0.01,3.7,100,309,0
2026-08-02 21:51:49,22.7,90.0,259558.67,36.4,108.68,37.41,0.01,0.0,179.98,100,309,0
2026-08-02 21:51:55,15.5,89.9,262048.0,36.4,87.99,2.48,0.01,0.0,4.22,100,309,0
2026-08-02 21:52:01,10.4,89.9,262957.33,36.4,57.29,2.52,0.01,0.01,4.19,100,309,0
2026-08-02 21:52:07,18.5,90.2,254444.0,36.3,130.85,6.48,0.01,0.01,42.73,100,310,0
2026-08-02 21:52:13,29.5,90.5,246382.67,36.3,132.85,5.99,0.08,0.08,3.82,100,310,0
2026-08-02 21:52:20,21.3,90.5,245681.33,36.3,119.45,10.67,0.0,0.0,38.53,100,309,0
2026-08-02 21:52:26,26.6,90.4,249889.33,36.3,130.47,6.62,0.02,0.01,5.38,100,309,0
2026-08-02 21:52:32,14.2,90.7,240484.0,36.3,131.13,2.98,0.02,0.01,32.01,100,309,0
2026-08-02 21:52:38,16.7,89.7,267312.0,36.3,60.41,9.67,0.02,0.02,6.99,100,309,0
2026-08-02 21:52:44,41.1,89.7,266532.0,36.3,32.73,3.88,0.02,0.01,113.06,100,309,0
2026-08-02 21:52:50,10.9,90.1,255558.67,36.3,29.76,4.36,4.11,0.09,3.91,100,309,0
2026-08-02 21:52:56,12.3,90.2,253930.67,36.3,70.8,2.17,0.01,0.0,99.59,100,309,0
2026-08-02 21:53:02,21.4,88.6,296484.0,36.3,193.35,146.44,0.01,0.0,4.63,100,310,0
2026-08-02 21:53:08,16.9,89.5,271574.67,36.3,80.25,4.57,0.01,0.01,3.28,100,309,0
2026-08-02 21:53:14,30.3,89.4,275653.33,36.3,76.04,3.58,0.01,0.01,44.89,100,309,0
2026-08-02 21:53:20,9.6,89.3,277845.33,36.3,64.93,4.97,0.0,0.0,392.79,100,309,1
2026-08-02 21:53:26,12.4,89.5,273516.0,36.3,95.65,2.34,0.01,0.01,98.18,100,313,0
2026-08-02 21:53:32,20.0,89.8,263826.67,36.3,49.04,4.98,0.01,0.0,4.26,100,309,0
2026-08-02 21:53:39,17.6,85.2,383253.33,36.3,60.84,4.39,0.0,0.0,30.36,100,309,0
2026-08-02 21:53:45,12.1,85.6,373917.33,36.3,33.35,4.64,0.01,0.01,4.0,100,309,0
2026-08-02 21:53:51,17.0,86.0,362285.33,36.3,124.73,51.5,0.0,0.0,64.15,100,309,0
2026-08-02 21:53:57,22.1,86.2,357889.33,36.3,52.21,2.45,0.01,0.0,3.89,100,309,0
2026-08-02 21:54:03,14.6,86.6,347593.33,36.3,51.55,5.36,0.03,0.01,42.84,100,309,0
2026-08-02 21:54:09,27.4,86.2,357052.0,36.3,31.87,5.88,0.01,0.01,3.32,100,309,0
2026-08-02 21:54:15,22.2,86.3,355500.0,36.3,36.41,5.41,0.01,0.01,17.81,100,309,0
2026-08-02 21:54:21,13.0,86.9,339412.0,36.3,41.65,5.5,0.01,0.01,4.09,100,309,0
2026-08-02 21:54:27,30.8,87.2,332670.67,36.3,119.65,3.62,0.01,0.0,45.87,100,309,0
2026-08-02 21:54:33,17.6,87.1,334996.0,36.3,115.49,6.12,0.0,0.0,3.71,100,309,0
2026-08-02 21:54:39,11.6,86.7,343637.33,36.3,119.12,5.58,0.01,0.08,22.54,100,309,0
2026-08-02 21:54:45,8.2,86.4,352089.33,36.3,116.44,6.4,0.01,0.0,3.21,100,309,0
2026-08-02 21:54:51,0.8,86.6,346594.67,36.3,40.08,20.86,0.01,0.01,24.41,100,309,0
2026-08-02 21:54:57,5.5,86.6,347024.0,36.3,1.65,5.82,0.01,0.0,4.77,100,309,0
2026-08-02 21:55:03,3.1,86.4,352958.67,36.3,3.71,3.04,0.0,0.0,4.68,100,309,0
2026-08-02 21:55:09,27.1,86.6,347280.0,36.3,12.19,6.11,0.01,0.0,45.26,100,309,0
2026-08-02 21:55:15,3.8,87.3,329608.0,36.3,4.92,1.5,0.0,0.0,4.81,100,308,0
2026-08-02 21:55:21,10.1,87.2,330670.67,36.3,54.91,0.87,0.02,0.01,4.45,100,308,0
2026-08-02 21:55:27,12.3,86.0,363154.67,36.3,44.03,3.11,0.01,0.0,4.95,100,307,0
2026-08-02 21:55:33,11.1,85.8,366981.33,36.3,21.21,5.77,0.01,0.01,34.88,100,307,0
2026-08-02 21:55:39,11.8,87.2,331685.33,36.3,100.21,2.42,0.01,0.0,5.77,100,307,0
2026-08-02 21:55:45,4.7,84.5,401172.0,36.3,2.07,250.96,0.01,0.0,4.61,100,307,0
2026-08-02 21:55:51,16.0,83.5,428082.67,36.3,63.64,3.07,0.02,0.01,68.3,100,307,0
2026-08-02 21:55:57,12.2,83.9,417890.67,36.3,10.62,4.72,0.02,0.01,13.61,100,307,0
2026-08-02 21:56:03,7.8,83.9,417616.0,36.3,1.59,2.96,0.0,0.0,4.05,100,307,0
2026-08-02 21:56:09,12.7,83.7,423390.67,36.3,1.78,6.18,0.03,0.04,55.83,100,307,0
2026-08-02 21:56:15,6.1,83.8,419725.33,36.3,441.79,3.46,0.01,0.01,15.09,100,308,0
2026-08-02 21:56:21,6.9,84.3,407009.33,36.3,26.73,4.75,0.01,0.01,137.72,100,307,0
2026-08-02 21:56:28,7.3,84.2,409090.67,36.3,60.87,3.82,0.01,0.01,4.99,100,307,0
2026-08-02 21:56:34,8.1,84.3,408297.33,36.3,3.66,6.13,0.01,0.0,4.43,100,307,0
2026-08-02 21:56:40,11.3,84.3,405964.0,36.3,11.23,3.36,0.01,0.01,5.8,100,307,0
2026-08-02 21:56:46,10.6,83.6,424957.33,36.3,16.71,6.16,0.01,0.0,18.34,100,306,0
2026-08-02 21:56:52,12.4,83.8,420156.0,36.3,2.5,3.21,0.01,0.0,4.29,100,306,0
2026-08-02 21:56:58,9.6,84.2,409905.33,36.3,39.66,5.45,0.02,0.02,491.44,100,306,1
2026-08-02 21:57:04,6.0,84.2,409452.0,36.3,3.86,4.45,0.01,0.0,189.7,100,306,0
2026-08-02 21:57:10,12.2,84.6,400470.67,36.3,42.85,6.14,0.01,0.01,123.54,100,306,0
2026-08-02 21:57:16,7.7,84.3,408198.67,36.3,41.86,6.48,0.0,0.0,4.8,100,306,0
2026-08-02 21:57:22,6.2,84.0,415988.0,36.3,23.55,3.24,0.01,0.01,3.77,100,306,0
2026-08-02 21:57:28,5.8,84.3,408433.33,36.3,2.84,6.06,0.01,0.0,219.93,100,306,0
2026-08-02 21:57:35,3.5,84.0,415240.0,36.3,19.06,3.49,0.02,0.03,4.67,100,306,0
2026-08-02 21:57:41,5.0,84.5,402969.33,36.3,11.67,5.62,0.01,0.01,3.49,100,306,0
2026-08-02 21:57:47,12.9,84.3,405942.67,36.3,25.73,3.52,0.01,0.0,1484.46,100,306,1
2026-08-02 21:57:54,3.8,84.8,393512.0,36.3,88.64,6.88,0.02,0.01,95.91,100,305,0
2026-08-02 21:58:00,9.2,84.6,398926.67,36.3,28.94,3.16,0.02,0.02,280.3,100,305,0
2026-08-02 21:58:07,3.8,84.7,395652.0,36.3,2.32,6.13,0.02,0.01,116.79,100,305,0
2026-08-02 21:58:13,15.4,84.5,401912.0,36.3,22.12,3.14,0.01,0.0,216.68,100,305,0
2026-08-02 21:58:19,11.0,84.5,402306.67,36.3,13.5,5.61,0.01,0.01,127.66,100,305,0
2026-08-02 21:58:25,11.8,84.5,402126.67,36.3,2.52,5.84,0.01,0.0,7.17,100,305,0
2026-08-02 21:58:31,23.2,84.8,395276.0,36.3,123.84,2.8,0.0,0.0,23.18,100,305,0
2026-08-02 21:58:37,16.8,83.7,422528.0,36.3,304.92,11.45,0.01,0.01,3.89,100,305,0
2026-08-02 21:58:43,17.5,85.9,366292.0,36.3,163.75,3.4,0.01,0.01,125.55,100,305,0
2026-08-02 21:58:49,29.4,85.6,373857.33,36.3,43.48,7.37,0.02,0.02,56.21,100,305,0
2026-08-02 21:58:55,14.4,86.5,349586.67,36.3,58.33,3.44,0.02,0.01,60.93,100,306,0
2026-08-02 21:59:01,12.8,85.8,367324.0,36.3,74.19,5.65,0.0,0.0,44.82,100,306,0
2026-08-02 21:59:08,22.1,85.6,374032.0,36.3,60.34,5.16,0.01,0.01,130.41,100,306,0
2026-08-02 21:59:14,31.9,86.5,351370.67,36.3,24.58,5.41,0.01,0.03,603.15,100,306,1
2026-08-02 21:59:20,49.9,86.9,340086.67,36.3,63.91,5.0,0.02,0.01,4.27,100,306,0
2026-08-02 21:59:26,29.1,85.6,373478.67,36.3,80.8,85.67,0.01,0.0,420.71,100,305,1
2026-08-02 21:59:33,14.1,86.0,361797.33,36.3,10.86,5.74,0.01,0.0,185.49,100,305,0
2026-08-02 21:59:39,22.7,87.1,334321.33,36.3,54.35,2.83,0.01,0.01,214.4,100,305,0
2026-08-02 21:59:45,20.5,87.7,317965.33,36.3,122.21,6.13,0.02,0.08,89.13,100,305,0
2026-08-02 21:59:51,17.1,86.1,360622.67,36.3,118.66,5.79,0.01,0.01,50.17,100,311,0
2026-08-02 21:59:57,23.1,87.0,335956.0,36.3,82.23,2.06,0.01,0.02,153.22,100,305,0
2026-08-02 22:00:04,13.9,87.0,338377.33,36.3,8.11,3.42,0.01,0.0,106.59,100,305,0
2026-08-02 22:00:10,19.6,87.2,331028.0,36.3,3.69,4.69,0.01,0.01,3.33,100,305,0
2026-08-02 22:00:16,16.8,87.8,317078.67,36.3,23.43,4.02,0.01,0.0,20.44,100,305,0
2026-08-02 22:00:22,15.8,87.5,324290.67,36.3,7.71,5.63,0.01,0.0,754.66,100,305,1
2026-08-02 22:00:28,35.5,87.1,333785.33,36.3,6.67,1.89,0.01,0.02,174.94,100,305,0
2026-08-02 22:00:35,9.9,88.4,300085.33,36.3,9.19,6.16,0.01,0.0,278.76,100,305,0
2026-08-02 22:00:41,32.1,88.3,304482.67,36.3,99.15,2.88,0.0,0.0,127.88,100,305,0
2026-08-02 22:00:47,18.3,86.7,344676.0,36.3,98.46,6.45,0.01,0.01,133.43,100,305,0
2026-08-02 22:00:53,10.5,80.8,496768.0,36.5,798.27,785.58,0.01,0.01,135.71,100,305,0
2026-08-02 22:00:59,19.9,80.6,503929.33,36.7,1161.46,1058.54,0.01,0.01,121.2,100,305,0
2026-08-02 22:01:06,21.1,80.9,494298.67,36.2,1429.43,853.13,0.01,0.01,80.02,100,305,0
2026-08-02 22:01:12,18.5,79.7,526308.0,36.4,1594.87,883.6,0.01,0.0,3.79,100,305,0
2026-08-02 22:01:18,10.0,79.8,523066.67,36.2,1355.28,954.85,0.01,0.0,49.27,100,305,0
2026-08-02 22:01:24,10.8,80.5,504470.67,36.2,1149.26,746.63,0.01,0.01,3.25,100,306,0
2026-08-02 22:01:30,18.9,78.3,563500.0,35.7,381.05,464.77,0.01,0.0,3.77,100,306,0
2026-08-02 22:01:36,19.0,78.3,562873.33,35.7,32.9,5.08,0.0,0.01,5.09,100,306,0
2026-08-02 22:01:42,22.3,78.7,552386.67,35.7,55.26,3.69,0.01,0.0,307.26,100,306,1
2026-08-02 22:01:48,18.3,79.9,521873.33,35.7,65.93,6.7,0.01,0.02,27.72,100,306,0
2026-08-02 22:01:54,18.9,79.6,529884.0,35.7,25.73,9.63,0.01,0.01,129.29,100,305,0
2026-08-02 22:02:00,22.7,79.8,524932.0,35.7,28.2,7.11,0.01,0.01,4.21,100,305,0
2026-08-02 22:02:06,21.0,79.7,525954.67,35.7,50.83,9.13,0.03,0.02,66.03,100,305,0
2026-08-02 22:02:12,14.5,78.5,556910.67,35.7,32.67,10.96,0.01,0.01,3.9,100,311,0
2026-08-02 22:02:18,15.5,80.5,506034.67,35.7,165.82,18.43,0.01,0.01,4.58,100,306,0
2026-08-02 22:02:24,2.2,80.9,494365.33,35.7,74.22,12.45,0.03,0.02,92.3,100,307,0
2026-08-02 22:02:30,11.5,80.5,504944.0,35.8,350.79,360.89,0.01,0.0,30.72,100,306,0
2026-08-02 22:02:37,12.2,80.2,512845.33,35.9,1382.9,815.38,0.02,0.01,4.53,100,307,0
2026-08-02 22:02:43,11.1,80.4,509518.67,35.9,1199.42,804.96,0.01,0.0,4.26,100,306,0
2026-08-02 22:02:49,11.6,79.3,537242.67,35.6,573.92,563.22,0.16,0.14,6.62,100,306,0
2026-08-02 22:02:55,23.4,80.2,514620.0,35.6,35.33,1.4,0.13,0.02,292.16,100,307,0
2026-08-02 22:03:01,11.0,81.5,478868.0,35.6,83.44,1.44,0.24,0.17,4.37,100,307,0
2026-08-02 22:03:07,8.7,81.5,479473.33,35.6,29.98,4.02,0.02,0.02,421.17,100,310,1
2026-08-02 22:03:13,11.4,81.2,488702.67,35.6,4.47,4.78,0.04,0.0,54.09,100,309,0
2026-08-02 22:03:19,27.4,84.6,399997.33,35.6,166.18,3.23,0.04,0.1,191.45,100,309,0
2026-08-02 22:03:26,11.5,86.6,347081.33,35.6,151.56,9.18,0.06,0.17,3.72,100,309,0
2026-08-02 22:03:32,12.4,86.1,359366.67,35.6,34.08,3.15,0.04,0.0,4.81,100,309,0
2026-08-02 22:03:38,11.0,84.5,401772.0,35.6,4.69,33.22,0.0,0.01,3.53,100,309,0
2026-08-02 22:03:44,4.2,84.7,397500.0,35.6,2.73,2.98,0.01,0.01,4.1,100,309,0
2026-08-02 22:03:50,8.9,84.5,401336.0,35.6,5.02,7.9,0.01,0.0,3.74,100,309,0
2026-08-02 22:03:56,3.7,84.2,410793.33,35.6,1.28,6.55,0.01,0.0,4.03,100,309,0
2026-08-02 22:04:02,10.2,82.2,461014.67,35.4,41.91,10.44,0.06,0.03,7.13,100,309,0
2026-08-02 22:04:08,8.0,82.3,458504.0,35.4,46.3,12.36,0.01,0.01,43.44,100,309,0
2026-08-02 22:04:14,21.8,82.6,450872.0,35.4,20.75,9.84,4.16,0.1,5.8,100,309,0
2026-08-02 22:04:20,7.9,83.9,416720.0,35.4,118.9,6.28,0.04,0.02,6.09,100,309,0
2026-08-02 22:04:26,6.6,84.1,413397.33,35.4,6.93,8.42,0.01,0.0,3.53,100,309,0
2026-08-02 22:04:32,12.6,84.0,414962.67,35.4,8.46,4.77,0.02,0.01,70.04,100,309,0
2026-08-02 22:04:38,10.4,84.3,407541.33,35.4,1.02,5.75,0.0,0.01,3.89,100,315,0
2026-08-02 22:04:44,24.8,85.0,388437.33,35.4,84.28,17.6,0.01,0.08,267.79,100,309,0
2026-08-02 22:04:50,20.2,86.2,357810.67,35.4,189.2,4.21,0.05,0.02,276.34,100,310,0
2026-08-02 22:04:56,5.4,86.1,359952.0,35.4,38.69,5.73,0.01,0.0,3.28,100,310,0
2026-08-02 22:05:02,7.5,86.0,362201.33,35.4,61.94,3.15,0.02,0.01,276.62,100,310,0
2026-08-02 22:05:09,21.2,87.6,322609.33,35.4,22.51,6.21,0.03,0.03,121.94,100,310,0
2026-08-02 22:05:15,16.0,86.9,339369.33,35.4,218.54,86.29,0.01,0.01,3.21,100,310,0
2026-08-02 22:05:21,13.6,83.4,431382.67,35.4,31.64,302.11,0.0,0.0,79.87,100,310,0
2026-08-02 22:05:27,2.2,83.8,420142.67,35.4,16.84,2.12,0.03,0.01,7.25,100,310,0
2026-08-02 22:05:33,5.8,83.7,421670.67,35.4,53.39,6.41,0.0,0.0,14.01,100,310,0
2026-08-02 22:05:39,4.2,83.7,423620.0,35.4,29.34,3.18,0.01,0.01,4.54,100,310,0
2026-08-02 22:05:45,5.7,83.6,425025.33,35.4,40.86,5.95,0.05,0.02,110.14,100,310,0
2026-08-02 22:05:51,10.2,84.0,414084.0,35.4,87.18,3.64,0.01,0.01,87.78,100,311,0
2026-08-02 22:05:57,8.5,84.4,404930.67,35.4,48.03,4.86,0.02,0.0,53.68,100,310,0
2026-08-02 22:06:03,20.3,84.4,404688.0,35.4,64.66,3.23,0.01,0.01,47.86,100,310,0
2026-08-02 22:06:09,8.1,84.7,397856.0,35.4,92.95,6.17,0.04,0.02,35.64,100,310,0
2026-08-02 22:06:15,32.7,86.5,350724.0,35.4,204.07,4.55,0.03,0.02,4.12,100,311,0
2026-08-02 22:06:21,57.7,87.9,314177.33,35.4,354.22,35.26,0.06,0.1,86.51,100,309,0
2026-08-02 22:06:28,46.5,88.6,296121.33,35.4,736.01,187.62,0.01,0.0,69.74,100,309,0
2026-08-02 22:06:34,11.9,87.5,323253.33,35.4,61.22,120.46,0.01,0.02,44.74,100,309,0
2026-08-02 22:06:40,69.2,87.3,330188.0,35.4,64.87,23.72,0.0,0.0,26.78,100,310,0
2026-08-02 22:06:46,65.4,87.3,329568.0,35.4,12.65,31.17,0.0,0.0,152.83,100,309,0
2026-08-02 22:06:52,76.1,88.4,301886.67,35.4,9.59,25.01,0.01,0.0,401.2,100,309,1
2026-08-02 22:06:58,53.4,90.2,255058.67,35.4,87.18,10.5,0.05,0.02,102.97,100,310,0
2026-08-02 22:07:05,70.5,91.7,214080.0,35.4,73.45,9.36,0.15,0.08,63.0,100,316,0
2026-08-02 22:07:11,63.6,91.3,226758.67,35.4,57.76,6.46,0.1,0.01,151.76,100,310,0
2026-08-02 22:07:17,53.8,91.5,221474.67,35.4,78.61,10.32,0.04,0.02,284.18,100,310,0
2026-08-02 22:07:23,32.9,91.7,215492.0,35.4,72.68,7.91,0.0,0.0,238.59,100,309,0
2026-08-02 22:07:29,46.3,91.6,218989.33,35.4,61.92,8.15,0.04,0.01,44.49,100,310,0
2026-08-02 22:07:35,55.7,90.6,244400.0,35.4,77.3,8.71,0.02,0.01,55.74,100,310,0
2026-08-02 22:07:42,78.9,90.4,248446.67,35.4,18.98,11.44,0.02,0.01,35.76,100,315,0
2026-08-02 22:07:48,58.7,90.8,239529.33,35.4,4.65,7.44,0.01,0.0,11.67,100,310,0
2026-08-02 22:07:54,40.3,91.7,215120.0,35.4,39.95,9.1,0.05,0.02,17.97,100,310,0
2026-08-02 22:08:00,47.3,91.8,212520.0,35.4,110.37,6.8,0.15,0.08,10.94,100,309,0
2026-08-02 22:08:06,38.2,91.3,225833.33,35.4,52.51,3.41,0.1,0.04,5.59,100,309,0
2026-08-02 22:08:12,13.4,90.5,247648.0,35.4,3.62,5.84,0.03,0.0,55.56,100,309,0
2026-08-02 22:08:18,24.2,90.5,245082.67,35.4,17.73,6.7,0.02,0.01,29.73,100,309,0
2026-08-02 22:08:24,20.5,90.3,250657.33,35.4,4.1,7.9,0.03,0.0,188.68,100,309,0
2026-08-02 22:08:30,12.2,89.9,262313.33,35.4,11.36,2.93,0.04,0.06,5.75,100,308,0
2026-08-02 22:08:36,35.4,86.5,351309.33,35.4,15.65,103.3,0.02,0.01,52.12,100,308,0
2026-08-02 22:08:42,11.4,84.3,406505.33,35.4,63.9,2.07,0.01,0.01,3.97,100,308,0
2026-08-02 22:08:48,17.1,86.5,350953.33,35.4,5.06,13.67,0.0,0.0,3.76,100,308,0
2026-08-02 22:08:54,9.2,86.9,340458.67,35.4,6.37,2.25,0.01,0.0,53.11,100,308,0
2026-08-02 22:09:00,44.0,87.0,337241.33,35.4,13.49,5.01,0.03,0.0,9.89,100,314,0
2026-08-02 22:09:06,18.9,86.2,357202.67,35.4,8.56,8.32,0.01,0.05,105.86,100,308,0
2026-08-02 22:09:12,6.9,86.1,359985.33,35.4,425.21,4.44,0.02,0.02,7.49,100,310,0
2026-08-02 22:09:18,12.1,86.1,361048.0,35.4,148.2,21.66,0.01,0.02,3.92,100,310,0
2026-08-02 22:09:24,6.1,88.8,289998.67,35.4,13.94,5.96,0.01,0.0,4.07,100,311,0
2026-08-02 22:09:30,7.9,84.3,406221.33,35.4,65.16,353.4,0.01,0.0,3.76,100,310,0
2026-08-02 22:09:36,37.0,86.9,339138.67,35.4,435.34,23.45,0.02,0.01,27.06,100,311,0
2026-08-02 22:09:43,28.9,87.5,324794.67,35.4,130.46,9.95,0.08,0.11,9.85,100,309,0
2026-08-02 22:09:49,14.8,89.2,280102.67,35.4,193.31,49.73,0.03,0.09,130.32,100,309,0
2026-08-02 22:09:55,41.9,90.5,246214.67,35.4,203.01,11.02,0.01,0.0,237.41,100,309,0
2026-08-02 22:10:01,65.2,90.6,242906.67,35.4,58.39,33.67,0.02,0.02,59.26,100,310,0
2026-08-02 22:10:07,53.0,91.1,231192.0,35.4,73.28,40.01,0.02,0.01,4.54,100,310,0
2026-08-02 22:10:13,84.8,92.7,189462.67,35.4,54.46,20.88,0.04,0.01,9.46,100,313,0
2026-08-02 22:10:19,65.7,91.2,227578.67,35.4,57.5,28.82,0.07,0.12,3.56,100,316,0
2026-08-02 22:10:25,52.4,92.6,192757.33,35.5,272.68,21.15,0.05,0.15,37.19,100,313,0
2026-08-02 22:10:31,18.2,91.8,213510.67,35.5,55.48,33.33,0.03,0.05,53.13,100,313,0
2026-08-02 22:10:37,27.6,92.3,199530.67,35.5,14.01,10.56,0.0,0.0,58.94,100,313,0
2026-08-02 22:10:43,63.9,91.9,209741.33,35.5,27.75,8.0,0.0,0.0,4.33,100,313,0
2026-08-02 22:10:49,44.3,91.6,218090.67,35.5,35.74,10.17,0.0,0.0,4.4,100,313,0
2026-08-02 22:10:55,35.4,91.3,226568.0,35.5,26.53,12.25,0.0,0.0,234.36,100,313,0
2026-08-02 22:11:02,30.6,91.8,213233.33,35.5,29.14,7.81,0.0,0.0,26.75,100,318,0
2026-08-02 22:11:08,24.7,92.0,208501.33,35.5,18.0,16.0,0.01,0.01,693.45,100,312,1
2026-08-02 22:11:14,33.9,92.0,208377.33,35.5,64.63,4.08,0.01,0.0,39.44,100,312,0
2026-08-02 22:11:20,39.5,92.8,186060.0,35.5,74.19,2.56,0.01,0.01,181.61,100,312,0
2026-08-02 22:11:27,15.8,90.9,237288.0,35.5,196.86,191.2,0.04,0.05,3.42,100,312,0
2026-08-02 22:11:33,68.9,91.6,218537.33,35.5,63.65,17.99,0.04,0.03,249.4,100,318,0
2026-08-02 22:11:39,68.0,91.9,210834.67,35.5,71.8,29.06,0.0,0.01,28.37,100,312,0
2026-08-02 22:11:45,65.4,91.5,219214.67,35.5,78.63,21.38,0.0,0.0,42.54,100,311,0
2026-08-02 22:11:51,63.4,92.3,199404.0,35.5,44.09,17.8,0.07,0.0,4.1,100,312,0
2026-08-02 22:11:57,49.7,92.8,186390.67,35.5,87.65,7.24,0.09,0.08,153.69,100,312,0
2026-08-02 22:12:03,36.5,93.1,178520.0,35.5,100.62,12.18,0.11,0.04,132.32,100,312,0
2026-08-02 22:12:09,54.2,93.3,173478.67,35.5,65.13,6.66,0.03,0.02,97.64,100,312,0
2026-08-02 22:12:15,60.5,93.7,162901.33,35.5,74.63,9.11,0.03,0.01,133.87,100,316,0
2026-08-02 22:12:22,61.0,93.5,169280.0,35.5,45.03,7.18,0.0,0.01,25.55,100,312,0
2026-08-02 22:12:28,44.6,93.0,180280.0,35.5,20.59,8.59,0.06,0.02,108.1,100,312,0
2026-08-02 22:12:34,55.9,92.3,198792.0,35.5,12.94,10.83,0.06,0.02,267.81,100,312,0
2026-08-02 22:12:40,48.6,92.4,197008.0,35.5,6.07,10.2,0.0,0.0,3.46,100,312,0
2026-08-02 22:12:46,77.6,93.4,172308.0,35.5,8.48,10.32,0.11,0.1,22.12,100,312,0
2026-08-02 22:12:52,48.3,87.2,333064.0,35.5,59.89,153.12,0.09,0.02,140.87,100,312,0
2026-08-02 22:12:58,9.1,87.3,328156.0,35.5,28.24,2.01,0.09,0.05,9.29,100,312,0
2026-08-02 22:13:04,7.4,88.8,289906.67,35.5,22.35,0.93,0.03,0.0,4.6,100,311,0
2026-08-02 22:13:10,32.9,89.0,284857.33,35.5,3.6,2.01,0.01,0.01,38.34,100,312,0
2026-08-02 22:13:16,41.2,91.0,232502.67,35.5,14.72,1.71,0.06,0.01,50.2,100,312,0
2026-08-02 22:13:23,24.0,91.0,232665.33,35.5,45.2,4.56,0.02,0.0,4.41,100,311,0
2026-08-02 22:13:29,7.7,89.2,281020.0,35.5,56.47,1.65,0.04,0.01,16.48,100,310,0
2026-08-02 22:13:35,11.1,88.6,295745.33,35.5,42.07,0.71,0.02,0.01,74.19,100,310,0
2026-08-02 22:13:41,25.7,85.3,382314.67,35.5,30.62,7.79,0.01,0.02,56.07,100,310,0
2026-08-02 22:13:47,15.1,85.6,373569.33,35.5,6.63,28.21,0.02,0.01,3.71,100,310,0
2026-08-02 22:13:53,14.6,85.3,381712.0,35.5,4.13,4.07,0.02,0.0,4.11,100,310,0
2026-08-02 22:13:59,19.6,86.7,344872.0,35.5,46.73,2.27,0.0,0.0,3.52,100,310,0
2026-08-02 22:14:05,26.5,86.0,362501.33,35.5,74.99,158.73,0.04,0.02,16.68,100,310,0
2026-08-02 22:14:11,32.1,87.1,335430.67,35.5,11.62,2.81,0.01,0.02,42.17,100,317,0
2026-08-02 22:14:17,79.7,88.5,299385.33,35.5,49.6,23.73,0.02,0.03,13.63,100,311,0
2026-08-02 22:14:23,84.3,89.3,276369.33,35.5,103.52,99.29,0.0,0.0,5.37,100,310,0
2026-08-02 22:14:29,70.4,90.0,259362.67,35.5,62.56,26.11,0.01,0.01,207.12,100,310,0
2026-08-02 22:14:35,65.1,91.5,221374.67,35.5,60.22,9.03,0.01,0.0,143.76,100,311,0
2026-08-02 22:14:41,64.5,92.3,200745.33,35.5,100.67,24.23,0.0,0.01,42.35,100,312,0
2026-08-02 22:14:47,64.9,92.4,197002.67,35.5,163.49,27.58,0.08,0.19,389.15,100,311,1
2026-08-02 22:14:54,43.2,92.9,185372.0,35.5,65.01,8.68,0.02,0.0,4.48,100,311,0
2026-08-02 22:15:00,53.9,92.9,183542.67,35.5,76.94,8.98,0.01,0.0,93.86,100,309,0
2026-08-02 22:15:06,82.4,93.3,173136.0,35.5,106.8,9.18,0.01,0.0,4.88,100,309,0
2026-08-02 22:15:12,63.8,91.8,212014.67,35.5,84.9,20.06,0.07,0.01,103.94,100,310,0
2026-08-02 22:15:18,60.9,92.0,207841.33,35.5,30.53,14.4,0.02,0.01,207.51,100,311,0
2026-08-02 22:15:24,50.6,91.9,210729.33,35.5,7.93,7.94,0.01,0.0,378.57,100,310,1
2026-08-02 22:15:31,64.4,92.3,200682.67,35.5,65.3,10.83,0.01,0.0,77.22,100,310,0
2026-08-02 22:15:37,44.4,92.0,206480.0,35.5,29.8,6.95,0.02,0.03,5.73,100,310,0
2026-08-02 22:15:43,41.2,91.8,212085.33,35.5,28.34,7.64,0.0,0.0,100.02,100,310,0
2026-08-02 22:15:49,39.5,89.8,265344.0,35.5,127.04,141.06,0.04,0.01,102.03,100,311,0
2026-08-02 22:15:55,38.2,90.1,255886.67,35.5,23.08,4.23,0.01,0.01,24.56,100,311,0
2026-08-02 22:16:01,71.6,86.6,347466.67,35.5,427.76,38.63,0.02,0.02,5.38,100,312,0
2026-08-02 22:16:07,75.8,85.2,384061.33,35.5,58.98,190.74,0.01,0.01,7.07,100,311,0
2026-08-02 22:16:13,77.4,85.4,377490.67,35.5,22.81,20.07,0.0,0.0,3.71,100,311,0
2026-08-02 22:16:19,41.9,85.7,372077.33,35.5,11.07,10.14,0.01,0.01,3.73,100,312,0
2026-08-02 22:16:25,40.9,85.8,368312.0,35.6,10.02,10.66,0.1,0.18,74.48,100,312,0
2026-08-02 22:16:31,39.3,85.4,377621.33,35.6,14.26,8.84,0.07,0.15,80.96,100,311,0
2026-08-02 22:16:37,82.3,89.8,264877.33,35.6,313.82,13.05,0.17,0.2,164.03,100,317,0
2026-08-02 22:16:44,89.0,89.0,285710.67,35.6,237.56,85.71,0.25,0.66,294.01,100,317,0
2026-08-02 22:16:50,77.1,88.6,296474.67,35.6,111.38,89.11,0.1,0.12,3.78,100,321,0
2026-08-02 22:16:56,40.4,88.5,298550.67,35.6,5.64,8.35,0.05,0.01,40.89,100,315,0
2026-08-02 22:17:02,36.0,88.5,297248.0,35.6,34.58,10.97,0.04,0.02,3.77,100,315,0
2026-08-02 22:17:08,32.1,89.5,272336.0,35.6,29.31,12.29,0.02,0.01,3.85,100,315,0
2026-08-02 22:17:14,59.5,89.7,266224.0,35.6,80.62,13.02,0.03,0.01,6.69,100,315,0
2026-08-02 22:17:20,36.0,91.3,224804.0,35.6,125.85,6.69,0.02,0.01,4.27,100,315,0
2026-08-02 22:17:26,11.7,91.2,229309.33,35.6,85.25,13.47,0.02,0.04,4.16,100,315,0
2026-08-02 22:17:32,18.6,91.1,231461.33,35.6,38.34,2.04,0.01,0.0,7.0,100,320,0
2026-08-02 22:17:38,67.5,92.3,198533.33,35.6,84.76,9.6,0.03,0.02,119.02,100,315,0
2026-08-02 22:17:44,75.1,92.5,193310.67,35.6,80.32,22.28,0.02,0.01,4.34,100,315,0
2026-08-02 22:17:50,65.2,92.3,198512.0,35.6,82.55,37.75,0.0,0.0,83.75,100,314,0
2026-08-02 22:17:56,58.1,92.3,198566.67,35.6,48.62,16.95,0.0,0.0,4.36,100,314,0
2026-08-02 22:18:02,36.9,92.6,192829.33,35.6,80.52,7.8,0.03,0.0,130.57,100,315,0
2026-08-02 22:18:09,56.2,92.8,187992.0,35.6,109.61,9.59,0.01,0.02,7.51,100,315,0
2026-08-02 22:18:15,66.1,93.5,168826.67,35.6,87.91,7.41,0.02,0.01,16.68,100,321,0
2026-08-02 22:18:21,76.3,93.4,172373.33,35.6,671.34,21.18,0.05,0.19,4.67,100,315,0
2026-08-02 22:18:27,32.1,89.8,265248.0,35.6,88.25,213.66,0.0,0.0,8.44,100,315,0
2026-08-02 22:18:33,46.5,87.3,329213.33,35.6,24.8,120.01,0.02,0.0,4.33,100,315,0
2026-08-02 22:18:39,78.2,90.4,248494.67,35.6,85.57,10.14,0.09,0.08,211.72,100,315,0
2026-08-02 22:18:45,78.7,88.9,288004.0,35.6,72.9,6.69,0.09,0.02,6.27,100,315,0
2026-08-02 22:18:51,50.8,86.3,354237.33,35.6,95.5,117.01,0.1,0.04,177.72,100,315,0
2026-08-02 22:18:57,18.9,84.4,405400.0,35.6,25.05,8.38,0.03,0.02,17.9,100,322,0
2026-08-02 22:19:03,34.7,84.9,390752.0,35.6,15.02,3.75,0.03,0.0,30.59,100,315,0
2026-08-02 22:19:09,49.6,86.0,361852.0,35.6,110.9,4.13,0.03,0.01,50.26,100,318,0
2026-08-02 22:19:15,29.6,86.4,352250.67,35.6,77.47,14.79,0.05,0.02,21.77,100,319,0
2026-08-02 22:19:21,19.2,87.5,323525.33,35.6,62.13,9.17,0.05,0.02,53.64,100,319,0
2026-08-02 22:19:28,12.6,88.1,307698.67,35.6,25.47,4.02,0.01,0.0,217.72,100,318,0
2026-08-02 22:19:34,34.7,82.8,447057.33,35.6,11.9,318.67,0.02,0.01,169.52,100,318,0
2026-08-02 22:19:40,26.4,82.9,442638.67,35.6,4.62,2.71,0.03,0.01,56.26,100,317,0
2026-08-02 22:19:46,23.7,83.0,441506.67,35.6,10.65,3.12,0.05,0.08,4.24,100,316,0
2026-08-02 22:19:52,20.4,83.1,439354.67,35.6,5.56,4.11,0.04,0.02,50.63,100,316,0
2026-08-02 22:19:58,15.5,84.0,415026.67,35.6,15.3,2.64,0.02,0.0,209.24,100,315,0
2026-08-02 22:20:04,33.9,84.1,412697.33,35.6,18.19,14.5,0.02,0.01,80.5,100,315,0
2026-08-02 22:20:10,13.4,84.6,399744.0,35.6,125.88,4.36,0.02,0.0,121.13,100,315,0
2026-08-02 22:20:17,24.8,85.0,389908.0,35.6,410.09,41.22,0.02,0.02,20.92,100,316,0
2026-08-02 22:20:23,15.7,85.2,384381.33,35.6,41.19,8.76,0.02,0.01,3.8,100,317,0
2026-08-02 22:20:29,8.7,86.1,359204.0,35.6,30.01,10.67,0.01,0.0,10.13,100,315,0
2026-08-02 22:20:35,10.0,86.3,355769.33,35.6,77.91,3.79,0.03,0.02,7.34,100,315,0
2026-08-02 22:20:41,7.8,86.1,361636.0,35.6,50.9,8.02,0.02,0.0,123.68,100,315,0
2026-08-02 22:20:47,11.9,85.6,374642.67,35.6,42.25,6.97,0.02,0.01,13.91,100,314,0
2026-08-02 22:20:53,10.7,86.1,359785.33,35.6,86.22,5.67,0.05,0.02,3.9,100,314,0
2026-08-02 22:20:59,7.9,87.5,323573.33,35.6,206.82,9.25,0.02,0.0,71.62,100,314,0
2026-08-02 22:21:05,6.8,85.2,385053.33,35.6,54.12,156.69,0.03,0.02,76.69,100,314,0
2026-08-02 22:21:11,8.3,85.1,385541.33,35.6,2.57,3.91,0.01,0.0,211.57,100,314,0
2026-08-02 22:21:17,6.7,85.6,374693.33,35.6,25.59,7.06,0.03,0.02,97.89,100,314,0
2026-08-02 22:21:23,12.4,85.9,366053.33,35.6,57.62,6.41,0.02,0.03,68.45,100,314,0
2026-08-02 22:21:29,20.3,86.2,357029.33,35.6,55.67,3.46,0.03,0.02,7.25,100,314,0
2026-08-02 22:21:35,13.6,86.2,357790.67,35.6,63.94,8.81,0.03,0.01,214.22,100,314,0
2026-08-02 22:21:42,2.7,86.5,350122.67,35.6,17.14,5.11,0.03,0.02,563.39,100,314,1
2026-08-02 22:21:48,5.3,86.6,346520.0,35.6,71.53,5.96,0.01,0.01,5.65,100,314,0
2026-08-02 22:21:54,9.1,86.4,353784.0,35.6,35.35,6.3,0.03,0.01,232.35,100,314,0
2026-08-02 22:22:00,5.8,86.7,345746.67,35.6,54.65,2.76,0.03,0.02,100.46,100,314,0
2026-08-02 22:22:07,7.0,86.6,347562.67,35.6,19.82,3.33,0.01,0.0,28.2,100,314,0
2026-08-02 22:22:13,4.6,86.5,350324.0,35.6,27.32,7.82,0.01,0.0,3017.81,100,320,1
2026-08-02 22:22:22,6.4,87.1,333521.33,35.6,41.7,5.63,0.04,0.02,47.87,100,314,0
2026-08-02 22:22:28,8.3,85.5,375272.0,35.6,37.59,6.24,0.04,0.02,89.39,100,314,0
2026-08-02 22:22:34,4.4,85.8,368272.0,35.6,8.87,6.18,0.02,0.01,212.87,100,314,0
2026-08-02 22:22:40,7.7,85.6,372774.67,35.6,2.38,4.77,0.01,0.0,7.74,100,314,0
2026-08-02 22:22:46,1.9,85.5,376098.67,35.6,4.27,5.96,0.02,0.0,33.67,100,314,0
2026-08-02 22:22:52,9.1,85.4,378420.0,35.6,3.95,4.09,0.03,0.01,224.77,100,313,0
2026-08-02 22:22:58,2.0,85.3,380472.0,35.6,3.56,5.35,0.01,0.0,9.73,100,313,0
2026-08-02 22:23:04,4.3,85.5,375580.0,35.6,6.45,3.46,0.01,0.0,4.08,100,313,0
2026-08-02 22:23:10,5.1,85.5,375641.33,35.6,1.46,7.07,0.01,0.0,84.94,100,313,0
2026-08-02 22:23:16,3.6,85.6,373264.0,35.6,9.26,6.11,0.0,0.0,170.22,100,313,0
2026-08-02 22:23:23,2.1,85.7,371902.67,35.6,9.22,5.44,0.01,0.0,44.59,100,313,0
2026-08-02 22:23:29,7.5,85.6,372941.33,35.6,2.91,4.17,0.01,0.0,602.86,100,313,1
2026-08-02 22:23:35,3.0,85.7,371762.67,35.6,1.08,5.84,0.01,0.0,151.05,100,313,0
2026-08-02 22:23:41,2.1,84.5,402905.33,35.6,3.39,7.21,0.01,0.0,78.73,100,313,0
2026-08-02 22:23:48,2.3,84.5,402653.33,35.6,3.72,3.23,0.0,0.0,97.68,100,313,0
2026-08-02 22:23:54,7.9,84.8,394945.33,35.6,13.24,6.21,0.01,0.01,24.54,100,313,0
2026-08-02 22:24:00,6.9,85.3,381038.67,35.6,11.02,7.04,0.02,0.01,266.81,100,313,0
2026-08-02 22:24:06,10.1,85.0,387824.0,35.6,5.69,4.35,0.02,0.01,15.23,100,313,0
2026-08-02 22:24:12,8.9,86.2,356844.0,35.6,5.74,7.32,0.02,0.01,4.77,100,313,0
2026-08-02 22:24:18,12.6,86.2,356736.0,35.6,2.93,5.99,0.03,0.02,195.64,100,313,0
2026-08-02 22:24:24,7.5,87.5,322985.33,35.6,90.8,3.23,0.01,0.01,5.54,100,313,0
2026-08-02 22:24:30,3.2,85.6,373769.33,35.6,51.3,127.9,0.0,0.0,328.46,100,319,1
2026-08-02 22:24:37,10.7,85.8,368868.0,35.6,43.7,11.03,0.01,0.0,380.35,100,313,1
2026-08-02 22:24:43,3.0,85.6,373558.67,35.6,7.67,4.9,0.02,0.01,4.32,100,313,0
2026-08-02 22:24:49,2.0,86.4,353049.33,35.6,13.63,7.57,0.05,0.09,4.7,100,313,0
2026-08-02 22:24:55,19.5,86.5,349838.67,35.6,68.4,6.09,0.01,0.0,27.45,100,313,0
2026-08-02 22:25:01,10.8,86.4,352578.67,35.6,36.2,6.39,0.01,0.0,4.04,100,313,0
2026-08-02 22:25:07,9.8,86.5,350176.0,35.6,22.24,5.84,0.02,0.01,70.75,100,313,0
2026-08-02 22:25:13,3.9,86.6,347640.0,35.6,21.34,3.57,0.02,0.0,73.56,100,312,0
2026-08-02 22:25:19,7.9,86.7,344674.67,35.6,80.06,8.44,0.02,0.01,87.86,100,312,0
2026-08-02 22:25:25,7.6,86.8,342026.67,35.6,8.76,7.52,0.03,0.01,179.79,100,312,0
2026-08-02 22:25:32,5.6,85.5,375853.33,35.6,33.15,7.69,0.02,0.0,75.04,100,312,0
2026-08-02 22:25:38,6.5,85.2,384716.0,35.6,3.86,3.79,0.03,0.02,171.98,100,312,0
2026-08-02 22:25:44,14.0,85.4,377944.0,35.6,4.41,8.22,0.01,0.0,229.11,100,312,0
2026-08-02 22:25:50,14.1,85.6,374121.33,35.6,27.84,7.59,0.03,0.01,39.26,100,312,0
2026-08-02 22:25:56,9.0,85.8,368644.0,35.6,1.84,3.18,0.04,0.02,120.58,100,312,0
2026-08-02 22:26:02,3.8,85.8,368689.33,35.6,2.33,6.47,0.01,0.01,73.04,100,312,0
2026-08-02 22:26:08,7.2,85.8,368646.67,35.6,2.52,4.88,0.02,0.02,33.6,100,312,0
2026-08-02 22:26:14,12.4,85.7,371505.33,35.6,1.45,4.79,0.0,0.0,47.17,100,313,0
2026-08-02 22:26:20,16.2,85.9,366909.33,35.6,1.57,6.35,0.02,0.0,,100,312,0
2026-08-02 22:26:30,6.0,86.0,363448.0,35.6,17.72,7.17,0.07,0.05,394.87,100,312,1
2026-08-02 22:26:37,5.5,86.1,360580.0,35.6,14.66,4.52,0.04,0.02,14.84,100,313,0
2026-08-02 22:26:43,2.2,86.3,356386.67,35.6,3.79,5.64,0.01,0.0,112.27,100,313,0
2026-08-02 22:26:49,22.1,86.5,349022.67,35.6,14.58,6.61,0.01,0.0,97.92,100,313,0
2026-08-02 22:26:55,0.7,86.5,351204.0,35.6,42.54,3.54,0.03,0.01,56.32,100,313,0
2026-08-02 22:27:01,8.8,86.6,346594.67,35.6,61.45,7.62,0.01,0.0,3.65,100,313,0
2026-08-02 22:27:07,2.1,86.7,344098.67,35.6,15.88,6.06,0.01,0.01,4.13,100,313,0
2026-08-02 22:27:13,9.6,86.9,340446.67,35.6,52.16,3.5,0.0,0.0,40.02,100,313,0
2026-08-02 22:27:19,2.2,87.0,337824.0,35.6,67.81,7.16,0.01,0.0,47.16,100,313,0
2026-08-02 22:27:25,1.6,87.0,337846.67,35.6,68.99,5.29,0.0,0.0,330.21,100,317,1
2026-08-02 22:27:32,0.3,87.1,334846.67,35.6,4.07,6.02,0.01,0.0,195.91,100,317,0
2026-08-02 22:27:38,4.6,87.1,335608.0,35.6,34.36,7.27,0.01,0.01,8.36,100,313,0
2026-08-02 22:27:44,0.9,87.0,337416.0,35.6,43.69,3.56,0.01,0.02,4.53,100,313,0
2026-08-02 22:27:50,1.3,87.4,325574.67,35.6,32.79,10.02,0.03,0.01,158.46,100,313,0
2026-08-02 22:27:56,5.2,87.3,330257.33,35.6,52.64,4.8,0.02,0.0,60.52,100,313,0
2026-08-02 22:28:02,4.1,87.6,320676.0,35.6,53.24,7.02,0.03,0.05,29.18,100,313,0
2026-08-02 22:28:08,0.8,87.2,330820.0,35.6,53.55,6.25,0.0,0.0,106.44,100,319,0
2026-08-02 22:28:14,4.4,87.3,328413.33,35.6,10.27,3.04,0.01,0.0,68.81,100,313,0
2026-08-02 22:28:20,4.2,87.4,327454.67,35.6,6.52,10.81,0.01,0.0,102.15,100,313,0
2026-08-02 22:28:27,3.9,86.0,362536.0,35.6,166.92,186.78,0.0,0.0,710.92,100,313,1
2026-08-02 22:28:33,15.2,86.2,357648.0,35.6,34.22,7.05,0.02,0.01,636.43,100,313,1
2026-08-02 22:28:40,39.9,84.2,408908.0,35.6,190.55,7.25,0.01,0.0,129.54,100,313,0
2026-08-02 22:28:46,4.0,83.4,430188.0,35.6,30.16,7.54,0.01,0.01,277.28,100,313,0
2026-08-02 22:28:52,3.8,83.6,425549.33,35.6,6.46,6.52,0.03,0.01,172.87,100,313,0
2026-08-02 22:28:59,0.1,83.7,421685.33,35.6,1.71,3.38,0.01,0.01,155.86,100,313,0
2026-08-02 22:29:05,6.2,83.9,418613.33,35.6,21.63,5.93,0.02,0.02,119.17,100,313,0
2026-08-02 22:29:11,6.0,83.9,416824.0,35.6,2.94,3.96,0.02,0.04,87.45,100,313,0
2026-08-02 22:29:17,7.2,83.7,423800.0,35.6,4.24,7.91,0.01,0.0,150.08,100,313,0
2026-08-02 22:29:23,9.5,84.0,414353.33,35.6,1.4,7.39,0.02,0.01,36.01,100,313,0
2026-08-02 22:29:29,4.8,83.9,417446.67,35.6,4.24,5.77,0.02,0.01,89.81,100,313,0
2026-08-02 22:29:35,0.9,83.9,416593.33,35.6,1.09,7.13,0.02,0.01,110.24,100,313,0
2026-08-02 22:29:41,2.1,83.9,417426.67,35.6,0.85,5.77,0.0,0.01,13.05,100,313,0
2026-08-02 22:29:47,5.7,84.2,410197.33,35.6,2.97,3.86,0.03,0.09,106.71,100,314,0
2026-08-02 22:29:53,0.7,84.2,410982.67,35.6,12.11,10.32,0.03,0.02,17.56,100,313,0
2026-08-02 22:30:00,5.3,84.1,411558.67,35.6,3.42,4.06,0.02,0.01,149.43,100,313,0
2026-08-02 22:30:06,0.9,84.4,405508.0,35.6,0.89,6.03,0.02,0.0,53.19,100,313,0
2026-08-02 22:30:12,6.1,84.0,415917.33,35.6,0.34,4.72,0.0,0.0,4.17,100,313,0
2026-08-02 22:30:18,4.2,84.0,413870.67,35.6,0.78,7.2,0.01,0.0,27.97,100,318,0
2026-08-02 22:30:24,5.0,84.1,411848.0,35.6,1.85,7.48,0.01,0.0,4.28,100,313,0
2026-08-02 22:30:30,1.7,84.1,411248.0,35.6,2.56,3.69,0.01,0.02,6.77,100,313,0
2026-08-02 22:30:36,1.3,84.2,410940.0,35.6,1.2,7.09,0.01,0.01,14.31,100,313,0
2026-08-02 22:30:42,1.3,84.0,415792.0,35.6,0.74,6.95,0.0,0.0,74.98,100,313,0
2026-08-02 22:30:48,1.7,84.1,411109.33,35.6,1.04,4.43,0.01,0.0,3.58,100,313,0
2026-08-02 22:30:54,2.7,84.4,405545.33,35.6,0.46,8.07,0.0,0.0,4.62,100,318,0
2026-08-02 22:31:00,10.0,84.1,411948.0,35.6,1.16,7.48,0.01,0.0,4.06,100,313,0
2026-08-02 22:31:06,0.9,84.1,412292.0,35.6,8.24,3.16,0.01,0.01,4.33,100,313,0
2026-08-02 22:31:12,7.8,84.2,409092.0,35.6,3.07,6.38,0.01,0.0,25.87,100,313,0
2026-08-02 22:31:18,3.8,84.4,404734.67,35.6,2.01,5.83,0.01,0.0,4.32,100,313,0
2026-08-02 22:31:24,1.9,84.2,410722.67,35.6,0.86,3.67,0.0,0.0,4.34,100,313,0
2026-08-02 22:31:30,0.3,84.2,410114.67,35.6,1.71,6.64,0.01,0.0,46.88,100,313,0
2026-08-02 22:31:36,7.1,84.1,411285.33,35.6,0.95,3.87,0.01,0.0,4.06,100,313,0
2026-08-02 22:31:42,18.5,85.5,376273.33,35.6,75.84,6.32,0.02,0.01,8.05,100,315,0
2026-08-02 22:31:48,8.7,86.0,362049.33,35.6,37.2,3.36,0.02,0.01,51.48,100,315,0
2026-08-02 22:31:54,5.7,86.3,356222.67,35.6,2.47,7.32,0.0,0.0,6.5,100,315,0
2026-08-02 22:32:00,1.8,86.4,353188.0,35.6,3.7,7.31,0.01,0.0,6.3,100,315,0
2026-08-02 22:32:06,3.0,86.1,360706.67,35.6,0.82,3.72,0.01,0.01,65.39,100,315,0
2026-08-02 22:32:12,18.4,86.1,359502.67,35.6,2.1,6.41,0.01,0.0,57.71,100,315,0
2026-08-02 22:32:18,11.8,86.7,345198.67,35.6,2.54,6.97,0.01,0.01,3.52,100,314,0
2026-08-02 22:32:24,7.4,86.5,349900.0,35.6,47.93,4.9,0.03,0.01,148.1,100,313,0
2026-08-02 22:32:31,24.9,87.0,337949.33,35.6,46.82,8.32,0.01,0.01,4.16,100,313,0
2026-08-02 22:32:37,3.7,87.3,329077.33,35.6,66.79,2.83,0.02,0.01,312.36,100,313,1
2026-08-02 22:32:43,6.3,86.9,338600.0,35.6,62.79,2.98,0.01,0.0,121.51,100,313,0
2026-08-02 22:32:49,1.0,86.8,343606.67,35.6,0.96,6.1,0.01,0.0,6.01,100,313,0
2026-08-02 22:32:55,2.2,86.9,339937.33,35.6,0.8,7.23,0.0,0.0,47.89,100,313,0
2026-08-02 22:33:01,5.3,87.1,335140.0,35.6,2.39,3.19,0.01,0.0,19.22,100,313,0
2026-08-02 22:33:07,6.0,84.1,411441.33,35.6,107.99,283.53,0.0,0.0,70.99,100,313,0
2026-08-02 22:33:13,12.8,84.1,413184.0,35.6,34.82,3.85,0.01,0.0,30.27,100,313,0
2026-08-02 22:33:19,20.5,86.8,342434.67,35.6,223.38,7.07,0.02,0.17,7.23,100,313,0
2026-08-02 22:33:25,5.4,87.1,334026.67,35.6,244.64,35.32,0.03,0.1,4.52,100,313,0
2026-08-02 22:33:31,4.1,86.5,350933.33,35.6,2.1,5.7,0.01,0.0,4.05,100,313,0
2026-08-02 22:33:37,4.3,86.5,350330.67,35.6,1.04,7.18,0.01,0.01,5.56,100,313,0
2026-08-02 22:33:43,5.1,84.7,395529.33,35.6,2.68,7.55,0.01,0.01,5.62,100,313,0
2026-08-02 22:33:49,4.3,84.8,395089.33,35.6,3.96,4.34,0.01,0.01,39.02,100,313,0
2026-08-02 22:33:55,9.2,83.2,435998.67,35.6,3.21,6.99,0.02,0.01,3.32,100,313,0
2026-08-02 22:34:01,8.6,82.7,448794.67,35.6,2.62,3.2,0.02,0.01,4.7,100,313,0
2026-08-02 22:34:07,4.9,83.0,440889.33,35.6,1.32,6.39,0.01,0.01,3.88,100,313,0
2026-08-02 22:34:13,5.4,83.1,437098.67,35.6,4.91,9.07,0.02,0.0,4.31,100,313,0
2026-08-02 22:34:20,11.9,83.9,416257.33,35.6,556.71,6.89,0.0,0.0,32.96,100,317,0
2026-08-02 22:34:26,6.5,82.8,445996.0,35.6,649.18,8.27,0.02,0.0,3.68,100,317,0
2026-08-02 22:34:32,10.8,83.0,439818.67,35.6,62.04,5.8,0.01,0.01,63.72,100,323,0
2026-08-02 22:34:38,8.4,83.7,422604.0,35.6,71.17,3.13,0.0,0.0,5.14,100,317,0
2026-08-02 22:34:44,4.3,83.3,432610.67,35.6,51.71,5.8,0.01,0.01,4.15,100,317,0
2026-08-02 22:34:50,6.5,84.6,400212.0,35.6,123.04,5.89,0.01,0.08,3.54,100,316,0
2026-08-02 22:34:56,4.4,85.1,386152.0,35.6,48.1,2.99,0.03,0.01,8.76,100,316,0
2026-08-02 22:35:02,6.5,85.2,383890.67,35.6,30.49,3.86,0.02,0.0,103.57,100,316,0
2026-08-02 22:35:08,3.4,85.0,388404.0,35.6,32.8,7.16,0.02,0.02,3.5,100,316,0
2026-08-02 22:35:14,13.0,85.1,385824.0,35.6,17.81,1.68,0.01,0.01,3.8,100,316,0
2026-08-02 22:35:20,6.8,85.3,379984.0,35.6,24.62,0.74,0.02,0.01,7.89,100,316,0
2026-08-02 22:35:26,12.5,85.6,373101.33,35.6,50.58,6.12,0.01,0.0,4.12,100,315,0
2026-08-02 22:35:32,5.6,85.4,378208.0,35.6,26.54,3.26,0.02,0.01,233.19,100,315,0
2026-08-02 22:35:38,8.8,85.6,374425.33,35.6,25.63,6.44,0.02,0.0,85.13,100,316,0
2026-08-02 22:35:44,7.1,85.6,373294.67,35.6,23.08,8.14,0.03,0.01,4.32,100,315,0
2026-08-02 22:35:50,11.7,85.7,369974.67,35.6,6.15,3.73,0.02,0.01,3.52,100,315,0
2026-08-02 22:35:56,4.9,85.6,373690.67,35.6,24.2,7.59,0.02,0.0,37.04,100,314,0
2026-08-02 22:36:02,9.9,85.6,373974.67,35.6,31.99,12.86,0.01,0.0,81.69,100,314,0
2026-08-02 22:36:08,3.9,85.6,374248.0,35.6,8.55,4.23,0.01,0.01,4.2,100,314,0
2026-08-02 22:36:14,3.5,85.6,374406.67,35.6,13.93,5.96,0.01,0.0,8.66,100,314,0
2026-08-02 22:36:20,3.9,85.6,373120.0,35.6,1.43,7.14,0.0,0.0,4.34,100,314,0
2026-08-02 22:36:26,12.0,85.8,367437.33,35.6,36.75,3.44,0.01,0.0,3.5,100,314,0
2026-08-02 22:36:32,7.4,86.1,359421.33,35.6,110.51,8.92,0.01,0.02,4.48,100,315,0
2026-08-02 22:36:38,10.0,84.1,413241.33,35.6,394.21,45.33,0.01,0.02,38.68,100,315,0
2026-08-02 22:36:45,6.4,82.7,449232.0,35.6,27.25,97.05,0.01,0.0,7.87,100,314,0
2026-08-02 22:36:51,9.4,83.1,437173.33,35.6,17.0,3.57,0.02,0.01,87.91,100,314,0
2026-08-02 22:36:57,6.7,83.1,437764.0,35.6,3.96,0.96,0.02,0.01,54.97,100,314,0
2026-08-02 22:37:03,8.6,83.3,434001.33,35.6,22.84,6.24,0.01,0.0,5.58,100,314,0
2026-08-02 22:37:09,10.2,82.3,459526.67,35.6,3.8,17.87,0.01,0.01,30.6,100,313,0
2026-08-02 22:37:15,5.8,82.1,462929.33,35.6,6.64,5.86,0.02,0.01,33.85,100,313,0
2026-08-02 22:37:21,4.7,82.3,458584.0,35.6,20.62,3.21,0.0,0.0,6.26,100,313,0
2026-08-02 22:37:27,6.6,82.1,463890.67,35.6,5.18,1.9,0.01,0.0,5.02,100,313,0
2026-08-02 22:37:33,4.4,82.1,464340.0,35.6,4.85,5.86,0.01,0.01,3.61,100,313,0
2026-08-02 22:37:39,8.6,82.8,444936.0,35.6,58.14,6.72,0.01,0.01,127.06,100,314,0
2026-08-02 22:37:45,5.6,82.9,442504.0,35.6,18.74,7.81,0.01,0.01,7.51,100,314,0
2026-08-02 22:37:51,3.1,83.0,440150.67,35.6,3.22,10.15,0.01,0.0,63.31,100,314,0
2026-08-02 22:37:57,7.7,82.7,447824.0,35.6,2.64,7.79,0.01,0.0,7.03,100,314,0
2026-08-02 22:38:03,1.9,82.7,447718.67,35.6,6.06,4.39,0.01,0.0,3.32,100,314,0
2026-08-02 22:38:09,7.4,82.2,462105.33,35.6,1.43,6.27,0.01,0.0,3.71,100,314,0
2026-08-02 22:38:15,5.4,82.1,463393.33,35.6,4.06,6.84,0.0,0.0,3.55,100,313,0
2026-08-02 22:38:21,3.5,82.4,455641.33,35.6,22.56,4.62,0.01,0.01,47.07,100,315,0
2026-08-02 22:38:27,5.2,82.3,459446.67,35.6,1.5,6.38,0.01,0.0,5.51,100,315,0
2026-08-02 22:38:33,8.3,82.4,455238.67,35.6,8.38,7.38,0.01,0.01,5.47,100,315,0
2026-08-02 22:38:39,13.5,83.5,428001.33,35.6,68.33,2.48,0.05,0.01,4.08,100,314,0
2026-08-02 22:38:45,3.0,82.0,467794.67,35.6,64.87,19.11,0.01,0.0,4.16,100,314,0
2026-08-02 22:38:51,14.3,81.0,493618.67,35.6,13.02,6.84,0.01,0.0,4.14,100,314,0
2026-08-02 22:38:57,4.3,81.5,480005.33,35.6,32.95,1.31,0.02,0.01,23.37,100,314,0
2026-08-02 22:39:03,7.4,81.6,477513.33,35.6,2.38,1.3,0.03,0.02,69.87,100,314,0
2026-08-02 22:39:09,5.4,82.0,466689.33,35.6,38.41,6.4,0.01,0.0,4.11,100,314,0
2026-08-02 22:39:15,7.9,82.1,464840.0,35.6,18.32,3.21,0.0,0.0,4.78,100,314,0
2026-08-02 22:39:21,3.0,81.5,480645.33,35.6,4.02,8.18,0.01,0.0,135.32,100,314,0
2026-08-02 22:39:28,4.4,81.5,479813.33,35.6,1.75,1.83,0.0,0.0,3.9,100,314,0
2026-08-02 22:39:34,2.1,81.7,475062.67,35.6,1.66,5.82,0.01,0.0,4.93,100,314,0
2026-08-02 22:39:40,3.1,81.7,475809.33,35.6,0.64,2.86,0.01,0.01,220.14,100,314,0
2026-08-02 22:39:46,5.6,81.5,480878.67,35.6,3.26,5.88,0.0,0.0,23.49,100,314,0
2026-08-02 22:39:52,8.9,81.9,470226.67,35.6,3.84,4.64,0.01,0.08,8.66,100,315,0
2026-08-02 22:39:58,2.7,81.7,474782.67,35.6,6.12,6.24,0.02,0.01,5.99,100,314,0
2026-08-02 22:40:04,6.6,81.9,468258.67,35.6,8.0,1.62,0.01,0.0,4.42,100,314,0
2026-08-02 22:40:10,2.2,82.0,467629.33,35.6,3.32,0.88,0.01,0.0,4.39,100,314,0
2026-08-02 22:40:16,4.2,81.9,468796.0,35.6,3.9,3.27,0.0,0.0,45.4,100,314,0
2026-08-02 22:40:22,4.5,81.9,468989.33,35.6,2.3,6.97,0.01,0.0,4.68,100,314,0
2026-08-02 22:40:28,2.1,81.9,470422.67,35.6,1.57,6.74,0.0,0.01,10.73,100,313,0
2026-08-02 22:40:34,6.0,82.0,467608.0,35.6,1.09,3.33,0.01,0.01,5.75,100,313,0
2026-08-02 22:40:40,12.1,82.0,465896.0,35.6,1.26,6.82,0.01,0.0,5.18,100,313,0
2026-08-02 22:40:46,6.0,82.1,463216.0,35.6,3.01,7.11,0.01,0.0,4.82,100,313,0
2026-08-02 22:40:52,3.5,82.2,462626.67,35.6,7.82,6.28,0.01,0.0,78.54,100,313,0
2026-08-02 22:40:58,1.8,82.1,465438.67,35.6,2.73,6.18,0.0,0.0,76.33,100,313,0
2026-08-02 22:41:04,7.7,82.4,457206.67,35.6,5.39,6.61,0.01,0.01,74.73,100,313,0
2026-08-02 22:41:10,2.5,82.4,455352.0,35.6,4.61,3.8,0.02,0.0,5.78,100,313,0
2026-08-02 22:41:16,10.3,82.3,460040.0,35.6,2.14,6.04,0.0,0.0,15.24,100,313,0
2026-08-02 22:41:22,6.1,82.0,466130.67,35.6,7.37,9.11,0.02,0.01,43.08,100,312,0
2026-08-02 22:41:29,4.6,82.6,452344.0,35.6,11.49,3.29,0.02,0.01,160.14,100,312,0
2026-08-02 22:41:35,2.2,82.3,457901.33,35.6,3.1,6.65,0.04,0.01,64.26,100,312,0
2026-08-02 22:41:41,10.2,82.6,450446.67,35.6,5.41,3.97,0.03,0.02,3.92,100,313,0
2026-08-02 22:41:47,2.0,82.5,452622.67,35.6,8.52,5.45,0.03,0.01,77.09,100,313,0
2026-08-02 22:41:53,7.1,82.7,447440.0,35.6,3.03,3.93,0.03,0.01,135.54,100,313,0
2026-08-02 22:41:59,7.0,82.7,447445.33,35.6,14.43,9.63,0.02,0.01,197.14,100,313,0
2026-08-02 22:42:05,1.8,82.9,444685.33,35.6,8.31,3.9,0.04,0.01,274.17,100,313,0
2026-08-02 22:42:12,3.0,82.9,443053.33,35.6,5.46,3.25,0.03,0.02,145.37,100,313,0
2026-08-02 22:42:18,3.9,82.9,443088.0,35.6,4.25,6.38,0.02,0.0,319.95,100,316,1
2026-08-02 22:42:24,10.0,82.8,444981.33,35.6,10.87,5.55,0.02,0.0,91.59,100,313,0
2026-08-02 22:42:30,10.8,83.0,442066.67,35.6,2.23,3.06,0.0,0.0,66.73,100,313,0
2026-08-02 22:42:36,6.8,82.9,442173.33,35.6,5.87,6.91,0.04,0.02,10.56,100,313,0
2026-08-02 22:42:42,1.9,82.7,449402.67,35.6,0.49,5.7,0.01,0.0,3.34,100,313,0
2026-08-02 22:42:48,4.3,82.6,452234.67,35.6,16.58,3.93,0.01,0.0,4.04,100,313,0
2026-08-02 22:42:54,2.3,82.7,449629.33,35.6,34.82,5.61,0.01,0.0,4.46,100,315,0
2026-08-02 22:43:00,6.1,83.1,437518.67,35.6,27.29,6.92,0.0,0.01,4.38,100,313,0
2026-08-02 22:43:06,2.3,83.1,438949.33,35.6,8.67,3.35,0.01,0.0,3.84,100,313,0
2026-08-02 22:43:12,2.1,83.3,432002.67,35.6,5.03,10.95,0.0,0.0,3.78,100,313,0
2026-08-02 22:43:18,4.1,83.2,435758.67,35.6,38.25,3.92,0.01,0.0,26.34,100,313,0
2026-08-02 22:43:24,3.2,83.3,434193.33,35.6,28.3,5.45,0.0,0.0,4.0,100,313,0
2026-08-02 22:43:30,3.6,83.3,433280.0,35.6,8.96,7.81,0.01,0.0,31.75,100,313,0
2026-08-02 22:43:36,14.0,83.0,440254.67,35.6,19.33,4.68,0.01,0.0,25.38,100,313,0
2026-08-02 22:43:42,14.1,81.8,473281.33,35.6,4.77,18.71,0.0,0.01,84.14,100,313,0
2026-08-02 22:43:49,3.7,82.1,463053.33,35.6,36.69,7.77,0.01,0.01,5.01,100,313,0
2026-08-02 22:43:55,3.5,82.1,464620.0,35.6,1.93,22.19,0.0,0.0,4.64,100,313,0
2026-08-02 22:44:01,2.8,82.3,459886.67,35.6,4.23,3.55,0.02,0.0,8.89,100,313,0
2026-08-02 22:44:07,3.6,82.3,459221.33,35.6,2.32,6.96,0.03,0.01,7.93,100,313,0
2026-08-02 22:44:13,8.4,82.3,459986.67,35.6,4.54,9.59,0.03,0.02,28.22,100,313,0
2026-08-02 22:44:19,8.3,83.0,440352.0,35.6,78.93,4.38,0.04,0.07,3.43,100,317,0
2026-08-02 22:44:25,8.2,82.9,442234.67,35.6,60.88,6.47,0.02,0.01,73.35,100,317,0
2026-08-02 22:44:31,8.5,83.2,436818.67,35.6,28.21,7.7,0.03,0.01,3.63,100,317,0
2026-08-02 22:44:37,5.1,83.9,417662.67,35.6,61.85,4.07,0.01,0.01,4.98,100,317,0
2026-08-02 22:44:43,15.5,84.2,409905.33,35.6,10.49,5.65,0.01,0.0,3.42,100,317,0
2026-08-02 22:44:49,15.4,84.3,406805.33,35.6,70.37,6.46,0.02,0.08,7.73,100,317,0
2026-08-02 22:44:55,1.4,83.9,416564.0,35.6,12.02,3.9,0.0,0.0,3.95,100,317,0
2026-08-02 22:45:01,4.0,84.1,411618.67,35.6,27.68,6.35,0.01,0.01,4.11,100,317,0
2026-08-02 22:45:07,1.2,84.3,407226.67,35.6,22.98,7.46,0.01,0.0,4.07,100,317,0
2026-08-02 22:45:13,7.6,84.4,403632.0,35.6,50.11,4.73,0.02,0.01,3.8,100,317,0
2026-08-02 22:45:19,8.3,84.4,403490.67,35.6,36.46,8.81,0.02,0.01,12.11,100,315,0
2026-08-02 22:45:25,4.7,84.2,410281.33,35.6,27.91,5.29,0.0,0.0,3.98,100,315,0
2026-08-02 22:45:31,1.2,84.4,403849.33,35.6,9.12,4.7,0.01,0.0,4.12,100,315,0
2026-08-02 22:45:37,2.5,84.4,404888.0,35.6,26.4,10.86,0.01,0.01,99.89,100,315,0
2026-08-02 22:45:43,23.1,87.8,317214.67,35.6,1078.05,224.07,0.02,0.03,5.33,100,318,0
2026-08-02 22:45:49,8.5,88.7,292861.33,35.6,159.84,7.15,0.01,0.01,105.75,100,317,0
2026-08-02 22:45:55,8.2,88.9,289122.67,35.6,26.69,6.84,0.01,0.0,3.91,100,317,0
2026-08-02 22:46:01,13.3,89.6,270877.33,35.6,45.86,4.62,0.02,0.02,12.05,100,317,0
2026-08-02 22:46:07,14.5,87.4,327401.33,35.6,141.58,162.3,0.02,0.02,6.71,100,317,0
2026-08-02 22:46:13,6.1,86.9,339501.33,35.6,11.57,2.16,0.01,0.0,3.63,100,316,0
2026-08-02 22:46:19,13.3,86.7,344322.67,35.6,12.73,7.06,0.03,0.02,50.48,100,315,0
2026-08-02 22:46:25,1.4,87.3,329540.0,35.6,9.06,3.25,0.02,0.01,4.79,100,315,0
2026-08-02 22:46:31,6.3,85.9,364662.67,35.6,2.13,9.49,0.01,0.0,66.56,100,315,0
2026-08-02 22:46:37,5.2,86.0,363004.0,35.6,3.24,4.38,0.01,0.02,5.33,100,321,0
2026-08-02 22:46:43,4.6,85.4,379032.0,35.6,0.48,5.66,0.01,0.0,4.75,100,315,0
2026-08-02 22:46:49,6.9,85.7,371289.33,35.6,21.26,7.05,0.01,0.0,5.92,100,315,0
2026-08-02 22:46:55,1.2,85.8,367873.33,35.6,1.45,3.25,0.0,0.0,36.41,100,315,0
2026-08-02 22:47:02,0.4,85.9,366674.67,35.6,1.99,1.82,0.01,0.0,3.82,100,315,0
2026-08-02 22:47:08,5.1,86.0,363741.33,35.6,1.61,8.91,0.01,0.01,7.31,100,315,0
2026-08-02 22:47:14,2.1,85.8,368986.67,35.6,1.64,4.16,0.01,0.0,6.12,100,319,0
2026-08-02 22:47:20,11.2,86.1,360546.67,35.6,1.32,5.66,0.01,0.0,3.35,100,315,0
2026-08-02 22:47:26,2.2,85.8,367169.33,35.6,1.06,3.22,0.03,0.03,16.9,100,315,0
2026-08-02 22:47:32,4.8,85.6,372298.67,35.6,2.02,5.93,0.01,0.0,5.08,100,315,0
2026-08-02 22:47:38,1.0,85.8,368678.67,35.6,2.16,3.38,0.0,0.0,4.11,100,315,0
2026-08-02 22:47:44,1.3,85.6,372837.33,35.6,1.02,9.7,0.01,0.0,4.48,100,315,0
2026-08-02 22:47:50,0.8,85.7,371634.67,35.6,1.27,3.54,0.0,0.01,5.4,100,315,0
2026-08-02 22:47:56,6.2,85.9,366597.33,35.6,0.85,5.45,0.01,0.0,28.24,100,315,0
2026-08-02 22:48:02,9.1,85.5,376140.0,35.6,3.26,6.28,0.01,0.0,3.97,100,315,0
2026-08-02 22:48:08,3.3,85.9,364800.0,35.6,2.76,3.62,0.01,0.0,66.64,100,315,0
2026-08-02 22:48:14,3.9,85.9,364849.33,35.6,0.74,1.74,0.01,0.0,4.17,100,315,0
2026-08-02 22:48:20,14.4,90.4,248677.33,35.6,99.9,9.28,0.04,0.27,8.19,100,314,0
2026-08-02 22:48:26,2.1,89.6,269533.33,35.6,45.74,112.59,0.01,0.02,10.52,100,314,0
2026-08-02 22:48:32,5.3,89.4,276154.67,35.6,1.77,5.98,0.01,0.0,17.4,100,314,0
2026-08-02 22:48:38,5.5,90.1,256550.67,35.6,17.7,3.21,0.01,0.01,4.4,100,314,0
2026-08-02 22:48:44,1.7,86.6,348556.0,35.6,40.06,6.52,0.01,0.0,4.42,100,314,0
2026-08-02 22:48:50,10.5,86.2,356852.0,35.6,14.1,9.24,0.01,0.02,6.77,100,314,0
2026-08-02 22:48:56,17.9,85.0,389478.67,35.6,4.46,5.96,0.02,0.0,4.28,100,315,0
2026-08-02 22:49:02,9.8,85.3,382258.67,35.6,6.01,7.12,0.01,0.0,45.26,100,314,0
2026-08-02 22:49:08,10.7,85.6,372704.0,35.6,4.11,8.29,0.03,0.02,5.11,100,314,0
2026-08-02 22:49:14,6.8,85.5,376342.67,35.6,3.27,6.82,0.02,0.01,45.17,100,314,0
2026-08-02 22:49:20,10.6,85.0,389968.0,35.6,16.61,6.74,0.01,0.02,71.72,100,314,0
2026-08-02 22:49:26,3.7,85.2,385069.33,35.6,3.17,4.78,0.02,0.01,9.03,100,314,0
2026-08-02 22:49:32,5.9,85.2,384809.33,35.6,10.5,8.29,0.02,0.01,67.69,100,314,0
2026-08-02 22:49:38,5.6,85.5,375952.0,35.6,11.31,7.99,0.04,0.03,44.32,100,314,0
2026-08-02 22:49:44,11.1,85.6,373430.67,35.6,1.81,7.83,0.02,0.01,19.32,100,314,0
2026-08-02 22:49:50,1.8,85.6,374678.67,35.6,1.07,4.18,0.01,0.07,7.94,100,314,0
2026-08-02 22:49:56,4.1,85.6,373216.0,35.6,2.45,7.27,0.02,0.01,62.76,100,314,0
2026-08-02 22:50:02,2.7,85.5,374984.0,35.6,3.13,6.53,0.01,0.0,4.41,100,314,0
2026-08-02 22:50:08,6.1,85.5,375337.33,35.6,1.17,3.95,0.01,0.0,3.57,100,314,0
2026-08-02 22:50:14,14.9,85.7,370044.0,35.6,0.39,5.7,0.01,0.0,4.12,100,314,0
2026-08-02 22:50:21,6.8,86.8,342712.0,35.6,48.7,8.93,0.01,0.01,3.62,100,318,0
2026-08-02 22:50:27,11.7,85.7,371662.67,35.6,53.39,228.08,0.02,0.01,4.1,100,318,0
2026-08-02 22:50:33,11.1,85.6,374030.67,35.6,1.58,6.3,0.0,0.0,4.65,100,318,0
2026-08-02 22:50:39,8.8,85.7,370252.0,35.6,2.34,4.38,0.02,0.01,4.84,100,318,0
2026-08-02 22:50:45,3.9,85.6,373720.0,35.6,1.74,7.53,0.01,0.0,3.78,100,318,0
2026-08-02 22:50:51,4.2,85.5,375553.33,35.6,11.84,8.14,0.01,0.0,3.27,100,317,0
2026-08-02 22:50:57,7.6,85.7,369961.33,35.6,1.56,4.39,0.02,0.01,3.79,100,321,0
2026-08-02 22:51:03,8.4,86.1,360985.33,35.6,3.76,5.74,0.0,0.0,4.71,100,315,0
2026-08-02 22:51:09,13.0,85.8,368698.67,35.6,2.65,3.95,0.02,0.01,4.18,100,315,0
2026-08-02 22:51:15,11.1,87.2,330976.0,35.6,2.77,4.86,0.02,0.01,19.47,100,315,0
2026-08-02 22:51:21,17.2,87.9,314409.33,35.6,44.4,6.15,0.03,0.02,35.62,100,315,0
2026-08-02 22:51:27,30.3,89.7,267605.33,35.6,94.74,8.3,0.01,0.02,4.68,100,314,0
2026-08-02 22:51:33,12.8,90.1,256290.67,35.6,75.38,4.79,0.01,0.01,3.73,100,314,0
2026-08-02 22:51:39,15.9,86.8,341073.33,35.6,22.5,6.45,0.02,0.02,5.11,100,313,0
2026-08-02 22:51:45,10.9,87.1,334170.67,35.6,18.52,4.11,0.01,0.01,4.86,100,313,0
2026-08-02 22:51:51,9.0,86.8,342914.67,35.6,8.95,6.61,0.02,0.0,4.24,100,313,0
2026-08-02 22:51:57,9.1,86.7,343694.67,35.6,1.42,3.56,0.02,0.01,3.79,100,313,0
2026-08-02 22:52:03,4.8,86.8,341930.67,35.6,4.63,5.54,0.03,0.02,3.83,100,313,0
2026-08-02 22:52:09,10.2,87.2,333061.33,35.6,22.2,8.97,0.04,0.04,4.22,100,314,0
2026-08-02 22:52:15,10.2,87.3,329892.0,35.6,20.66,8.58,4.11,0.09,3.98,100,314,0
2026-08-02 22:52:21,12.3,87.2,331865.33,35.6,27.07,8.94,0.02,0.0,3.82,100,314,0
2026-08-02 22:52:27,4.5,87.2,331505.33,35.6,13.66,6.38,0.02,0.0,4.35,100,314,0
2026-08-02 22:52:33,4.8,87.1,333668.0,35.6,1.14,7.59,0.0,0.01,4.1,100,314,0
2026-08-02 22:52:39,3.0,87.0,336260.0,35.6,1.39,7.87,0.01,0.0,36.8,100,314,0
2026-08-02 22:52:45,4.6,87.0,336334.67,35.6,2.25,5.79,0.01,0.01,39.01,100,314,0
2026-08-02 22:52:51,6.7,87.0,335958.67,35.6,3.89,4.35,4.11,0.08,3.45,100,320,0
2026-08-02 22:52:57,9.0,87.0,337698.67,35.6,1.7,7.06,0.01,0.0,62.8,100,314,0
2026-08-02 22:53:03,6.3,87.0,337426.67,35.6,1.65,7.08,0.0,0.0,4.24,100,314,0
2026-08-02 22:53:09,5.9,87.2,332045.33,35.6,2.07,6.4,0.01,0.0,49.22,100,314,0
2026-08-02 22:53:15,4.8,87.3,329050.67,35.6,0.49,2.33,0.0,0.0,4.87,100,314,0
2026-08-02 22:53:21,3.2,87.3,329064.0,35.6,1.36,7.43,0.01,0.0,3.77,100,314,0
2026-08-02 22:53:27,4.6,87.3,329014.67,35.6,0.29,7.59,0.01,0.0,5.53,100,320,0
2026-08-02 22:53:33,6.7,87.2,330698.67,35.6,1.64,7.13,0.01,0.01,3.64,100,314,0
2026-08-02 22:53:39,9.6,87.4,325772.0,35.6,1.12,3.21,0.01,0.0,66.15,100,314,0
2026-08-02 22:53:45,3.0,83.3,432974.67,35.6,1.07,14.53,0.01,0.01,3.88,100,314,0
2026-08-02 22:53:51,2.5,83.3,433621.33,35.6,0.72,3.58,0.01,0.0,65.12,100,314,0
2026-08-02 22:53:57,6.7,83.8,420922.67,35.6,1.89,6.99,0.01,0.0,6.42,100,314,0
2026-08-02 22:54:03,5.1,83.7,423032.0,35.6,1.73,6.4,0.02,0.0,4.18,100,320,0
2026-08-02 22:54:09,17.7,83.9,417057.33,35.6,2.14,4.18,0.02,0.0,3.77,100,314,0
2026-08-02 22:54:15,9.2,83.8,418853.33,35.6,2.42,10.05,0.04,0.02,7.94,100,314,0
2026-08-02 22:54:22,9.7,84.1,412936.0,35.6,7.18,3.91,0.03,0.02,19.07,100,314,0
2026-08-02 22:54:28,3.8,84.0,414657.33,35.6,7.27,13.9,0.01,0.0,7.0,100,314,0
2026-08-02 22:54:34,2.5,83.5,427322.67,35.6,16.97,22.02,0.01,0.01,5.0,100,314,0
2026-08-02 22:54:40,11.8,83.7,423129.33,35.6,0.62,4.68,0.02,0.01,3.9,100,314,0
2026-08-02 22:54:46,6.5,84.0,414680.0,35.6,2.49,8.68,0.02,0.01,4.83,100,314,0
2026-08-02 22:54:52,9.5,83.8,421118.67,35.6,1.17,4.72,0.02,0.08,3.68,100,314,0
2026-08-02 22:54:58,2.9,84.0,413996.0,35.6,1.65,5.54,0.0,0.0,32.86,100,314,0
2026-08-02 22:55:04,3.1,84.2,410133.33,35.6,0.46,3.28,0.01,0.0,5.28,100,314,0
2026-08-02 22:55:10,3.1,84.2,409848.0,35.6,1.86,6.95,0.01,0.01,3.31,100,314,0
2026-08-02 22:55:16,7.7,84.2,409833.33,35.6,1.15,3.59,0.03,0.01,44.99,100,313,0
2026-08-02 22:55:22,8.8,84.5,401792.0,35.6,1.16,9.78,0.02,0.0,8.95,100,313,0
2026-08-02 22:55:28,3.4,84.2,408776.0,35.6,1.61,8.2,0.02,0.01,3.37,100,313,0
2026-08-02 22:55:34,2.4,84.3,406738.67,35.6,2.02,5.5,0.02,0.0,3.95,100,313,0
2026-08-02 22:55:40,19.2,86.8,342250.67,35.6,74.63,7.43,0.01,0.0,3.83,100,313,0
2026-08-02 22:55:46,8.8,86.5,351110.67,35.6,2.76,2.86,0.02,0.01,3.84,100,313,0
2026-08-02 22:55:52,10.0,86.8,343522.67,35.6,0.88,9.25,0.03,0.01,40.29,100,313,0
2026-08-02 22:55:58,14.3,87.0,335989.33,35.6,2.42,3.98,0.03,0.01,11.78,100,313,0
2026-08-02 22:56:04,3.5,87.7,318285.33,35.6,1.36,6.55,0.02,0.02,33.7,100,313,0
2026-08-02 22:56:10,8.9,87.0,336374.67,35.6,1.55,3.15,0.04,0.03,5.08,100,313,0
2026-08-02 22:56:16,3.4,87.1,334957.33,35.6,3.34,3.25,0.03,0.02,4.32,100,313,0
2026-08-02 22:56:22,7.5,87.1,334304.0,35.6,1.75,6.48,0.02,0.0,4.23,100,312,0
2026-08-02 22:56:28,9.4,87.0,337562.67,35.6,1.36,6.56,0.03,0.01,4.15,100,312,0
2026-08-02 22:56:34,35.1,88.5,298177.33,35.6,45.04,7.68,0.02,0.01,10.81,100,319,0
2026-08-02 22:56:40,12.5,85.2,382552.0,35.6,40.34,223.07,0.02,0.01,6.49,100,313,0
2026-08-02 22:56:46,10.3,88.0,310965.33,35.6,43.78,5.63,0.02,0.01,4.64,100,313,0
2026-08-02 22:56:52,60.1,88.3,302325.33,35.6,49.29,9.34,0.01,0.01,35.28,100,314,0
2026-08-02 22:56:58,60.0,89.0,284618.67,35.6,117.28,29.7,0.04,0.01,21.56,100,314,0
2026-08-02 22:57:04,65.4,90.4,248513.33,35.6,90.83,28.07,0.14,0.15,20.47,100,313,0
2026-08-02 22:57:10,64.3,90.8,237714.67,35.6,74.83,19.29,0.03,0.02,5.61,100,313,0
2026-08-02 22:57:16,36.5,90.9,236356.0,35.6,33.39,9.17,0.1,0.01,3.86,100,320,0
2026-08-02 22:57:22,52.4,90.7,240858.67,35.6,34.17,11.85,0.03,0.02,13.68,100,314,0
2026-08-02 22:57:28,57.5,91.3,226146.67,35.6,10.39,8.14,0.02,0.01,4.4,100,314,0
2026-08-02 22:57:34,53.3,93.1,179086.67,35.6,78.47,6.09,0.01,0.02,8.26,100,314,0
2026-08-02 22:57:40,26.0,92.6,193022.67,35.6,48.74,7.89,0.02,0.01,4.46,100,314,0
2026-08-02 22:57:46,66.4,91.2,227676.0,35.6,8.87,6.98,0.02,0.01,5.66,100,314,0
2026-08-02 22:57:52,58.2,91.0,232670.67,35.6,4.1,8.84,0.0,0.0,70.53,100,314,0
2026-08-02 22:57:59,45.7,91.1,230577.33,35.6,5.48,11.42,0.01,0.01,6.79,100,320,0
2026-08-02 22:58:05,41.1,89.1,282205.33,35.6,424.51,25.04,0.0,0.0,3.96,100,315,0
2026-08-02 22:58:11,50.6,89.4,274353.33,35.6,56.94,26.23,0.02,0.0,3.99,100,315,0
2026-08-02 22:58:17,17.1,89.5,272794.67,35.6,54.75,30.48,0.0,0.0,106.39,100,315,0
2026-08-02 22:58:23,45.2,89.7,266668.0,35.6,12.48,13.34,0.02,0.01,4.85,100,315,0
2026-08-02 22:58:29,17.8,89.7,267148.0,35.6,44.19,4.42,0.01,0.01,3.51,100,315,0
2026-08-02 22:58:35,1.6,87.2,332690.67,35.6,25.18,94.9,0.01,0.01,8.33,100,314,0
2026-08-02 22:58:41,13.7,88.4,300096.0,35.6,96.2,1.33,0.0,0.01,46.7,100,313,0
2026-08-02 22:58:47,29.9,85.0,387984.0,35.6,37.31,2.55,0.02,0.02,3.65,100,313,0
2026-08-02 22:58:53,20.7,85.5,377096.0,35.6,10.28,3.61,0.02,0.0,51.3,100,313,0
2026-08-02 22:58:59,14.9,85.8,369521.33,35.6,5.7,1.62,0.01,0.0,75.84,100,313,0
2026-08-02 22:59:05,5.9,87.5,324522.67,35.6,136.11,1.33,0.01,0.02,75.48,100,313,0
2026-08-02 22:59:11,13.3,85.6,372594.67,35.6,62.85,162.59,0.02,0.04,4.07,100,314,0
2026-08-02 22:59:17,19.2,85.6,372913.33,35.6,2.74,13.05,0.03,0.01,3.98,100,314,0
2026-08-02 22:59:23,12.2,85.8,367757.33,35.6,2.42,2.54,0.01,0.0,54.41,100,314,0
2026-08-02 22:59:29,14.3,86.1,360514.67,35.6,21.14,4.46,0.0,0.0,4.97,100,314,0
2026-08-02 22:59:35,1.7,86.1,359988.0,35.6,10.6,1.59,0.01,0.0,144.64,100,314,0
2026-08-02 22:59:41,13.6,85.3,379932.0,35.6,1.66,1.24,0.0,0.01,70.92,100,313,0
2026-08-02 22:59:47,4.0,86.5,351025.33,35.6,59.53,8.77,0.03,0.01,4.61,100,313,0
2026-08-02 22:59:53,14.2,86.6,346346.67,35.6,61.59,5.78,0.03,0.1,15.79,100,313,0
2026-08-02 22:59:59,10.1,86.8,341840.0,35.6,49.12,6.66,0.02,0.0,4.04,100,313,0
2026-08-02 23:00:05,14.0,86.5,349506.67,35.6,22.47,5.09,0.02,0.01,17.46,100,313,0
2026-08-02 23:00:11,8.9,86.7,344345.33,35.6,9.17,6.95,0.03,0.01,4.54,100,313,0
2026-08-02 23:00:18,9.7,86.8,342957.33,35.6,30.3,6.75,0.02,0.0,82.32,100,313,0
2026-08-02 23:00:24,8.0,86.8,343432.0,35.6,55.29,4.97,0.03,0.03,6.0,100,313,0
2026-08-02 23:00:30,9.1,86.9,340508.0,35.6,29.91,6.64,0.03,0.01,211.35,100,313,0
2026-08-02 23:00:36,2.7,86.9,340693.33,35.6,53.08,7.27,0.01,0.0,6.65,100,313,0
2026-08-02 23:00:42,3.4,86.8,342358.67,35.6,27.29,1.18,0.02,0.0,4.11,100,313,0
2026-08-02 23:00:48,6.5,87.2,332244.0,35.6,21.07,6.93,0.03,0.02,4.08,100,313,0
2026-08-02 23:00:54,3.1,86.4,351960.0,35.6,74.9,58.47,0.0,0.0,5.21,100,313,0
2026-08-02 23:01:00,7.3,86.6,348694.67,35.6,7.86,7.47,0.03,0.01,20.21,100,313,0
2026-08-02 23:01:06,14.9,86.5,349518.67,35.6,84.87,6.56,0.02,0.01,3.77,100,314,0
2026-08-02 23:01:12,6.9,87.5,324024.0,35.6,33.66,4.12,0.04,0.01,3.93,100,313,0
2026-08-02 23:01:18,11.0,87.0,336417.33,35.6,114.16,7.7,0.02,0.03,67.79,100,316,0
2026-08-02 23:01:24,61.9,92.8,186276.0,35.6,570.54,12.36,0.11,3.02,3.95,100,316,0
2026-08-02 23:01:30,76.0,91.3,225048.0,35.6,1172.72,36.07,0.01,0.0,41.69,100,314,0
2026-08-02 23:01:36,22.1,83.1,439456.0,35.6,77.6,156.35,0.01,0.0,5.24,100,314,0
2026-08-02 23:01:42,9.5,84.1,411872.0,35.6,203.66,9.26,0.02,0.02,60.38,100,311,0
2026-08-02 23:01:48,17.0,86.5,349281.33,35.6,174.75,6.86,0.01,0.0,71.53,100,315,0
2026-08-02 23:01:54,26.5,82.8,445950.67,35.6,71.79,383.0,0.0,0.0,4.66,100,311,0
2026-08-02 23:02:00,13.2,83.7,423668.0,35.6,6.22,4.75,0.01,0.01,4.54,100,311,0
2026-08-02 23:02:06,6.5,84.9,390552.0,35.6,38.21,2.71,0.01,0.01,53.25,100,311,0
2026-08-02 23:02:12,1.6,85.4,379413.33,35.6,5.35,6.31,0.0,0.0,,100,311,0
2026-08-02 23:02:22,0.7,85.8,367129.33,35.6,18.92,8.84,0.04,0.02,8.21,100,311,0
2026-08-02 23:02:28,0.5,86.5,349160.0,35.6,6.67,6.34,0.03,0.01,5.99,100,312,0
2026-08-02 23:02:34,6.8,86.6,348645.33,35.6,9.34,5.41,0.01,0.0,4.26,100,311,0
2026-08-02 23:02:40,9.1,86.5,350865.33,35.6,2.53,6.37,0.03,0.02,3.46,100,311,0
2026-08-02 23:02:46,5.4,86.4,352448.0,35.6,6.83,8.2,0.02,0.01,4.5,100,311,0
2026-08-02 23:02:53,2.5,86.8,341637.33,35.6,15.01,4.23,0.03,0.02,29.76,100,311,0
2026-08-02 23:02:59,1.4,87.1,335353.33,35.6,4.2,7.77,0.02,0.01,3.88,100,311,0
2026-08-02 23:03:05,10.0,87.1,334101.33,35.6,26.48,7.91,0.02,0.01,3.3,100,311,0
2026-08-02 23:03:11,5.3,86.2,356590.67,35.6,57.42,125.4,0.03,0.19,4.8,100,311,0
2026-08-02 23:03:17,9.5,86.7,346126.67,35.6,24.89,6.9,0.04,0.01,151.92,100,311,0
2026-08-02 23:03:23,43.8,92.2,203364.0,35.6,771.56,60.17,0.04,0.21,4.32,100,311,0
2026-08-02 23:03:29,7.2,90.6,245049.33,35.6,71.66,21.77,0.06,1.41,8.48,100,311,0
2026-08-02 23:03:35,14.3,89.7,266500.0,35.6,16.95,15.86,0.37,10.0,41.61,100,311,0
2026-08-02 23:03:41,10.5,89.9,262130.67,35.6,5.66,18.86,0.68,19.3,6.77,100,311,0
2026-08-02 23:03:47,11.2,87.7,319909.33,35.6,138.25,230.3,0.29,7.36,84.33,100,311,0
2026-08-02 23:03:53,5.0,88.2,306590.67,35.6,25.11,6.73,0.01,0.0,229.94,100,311,0
2026-08-02 23:03:59,20.6,87.3,330294.67,35.6,34.88,7.09,0.01,0.0,39.27,100,311,0
2026-08-02 23:04:05,12.0,83.2,435480.0,35.5,38.84,132.95,0.0,0.0,4.71,100,311,0
2026-08-02 23:04:11,5.5,83.3,432860.0,35.5,19.09,6.34,0.78,0.04,78.51,100,311,0
2026-08-02 23:04:17,6.5,83.4,430656.0,35.5,29.36,8.63,3.4,0.06,3.63,100,311,0
2026-08-02 23:04:23,1.7,84.3,408444.0,35.5,40.52,8.66,0.03,0.1,4.42,100,311,0
2026-08-02 23:04:29,4.9,84.2,410194.67,35.5,2.53,4.06,0.02,0.01,4.04,100,311,0
2026-08-02 23:04:35,17.8,84.4,405324.0,35.5,14.89,6.39,0.04,0.04,3.73,100,311,0
2026-08-02 23:04:41,8.3,84.5,403060.0,35.5,5.0,9.62,0.02,0.01,3.76,100,311,0
2026-08-02 23:04:47,5.9,85.7,369853.33,35.5,71.9,4.89,0.02,0.0,5.71,100,311,0
2026-08-02 23:04:53,11.2,85.9,366790.67,35.5,12.11,8.03,0.03,0.08,19.04,100,311,0
2026-08-02 23:05:00,4.3,86.4,353654.67,35.5,11.68,6.52,0.02,0.02,3.69,100,311,0
2026-08-02 23:05:06,4.4,86.9,340690.67,35.5,20.94,2.36,0.01,0.0,4.64,100,317,0
2026-08-02 23:05:12,11.4,87.3,329666.67,35.5,28.77,9.41,0.04,0.01,3.86,100,311,0
2026-08-02 23:05:18,16.1,86.8,342908.0,35.5,53.2,1.77,0.01,0.0,3.82,100,311,0
2026-08-02 23:05:24,4.5,86.6,347829.33,35.5,31.29,4.77,0.02,0.01,48.18,100,311,0
2026-08-02 23:05:30,6.2,86.9,339212.0,35.5,29.22,7.85,0.03,0.01,3.53,100,311,0
2026-08-02 23:05:36,6.8,87.5,325301.33,35.5,48.5,6.46,0.02,0.01,3.53,100,314,0
2026-08-02 23:05:42,7.0,85.9,366400.0,35.5,52.36,53.5,0.03,0.02,33.15,100,313,0
2026-08-02 23:05:48,17.6,87.6,322653.33,35.5,100.38,9.63,0.03,0.01,3.48,100,313,0
2026-08-02 23:05:54,9.6,87.7,319657.33,35.5,47.49,3.86,0.02,0.01,4.11,100,313,0
2026-08-02 23:06:00,9.2,87.7,318177.33,35.5,31.6,7.53,0.02,0.01,4.11,100,313,0
2026-08-02 23:06:06,9.6,87.8,316372.0,35.5,68.51,6.71,0.02,0.01,4.3,100,312,0
2026-08-02 23:06:12,1.7,88.3,304384.0,35.5,50.5,4.71,0.02,0.0,96.03,100,314,0
2026-08-02 23:06:18,6.6,88.1,308290.67,35.5,58.92,6.63,0.01,0.01,3.47,100,312,0
2026-08-02 23:06:24,12.6,88.4,300780.0,35.5,49.98,2.76,0.05,0.02,25.91,100,312,0
2026-08-02 23:06:30,2.2,88.5,298794.67,35.5,55.12,6.76,0.03,0.03,4.2,100,312,0
2026-08-02 23:06:36,7.5,86.0,363386.67,35.5,446.27,18.52,0.03,0.01,3.98,100,312,0
2026-08-02 23:06:42,7.2,86.2,358538.67,35.5,7.62,4.0,0.01,0.0,6.18,100,312,0
2026-08-02 23:06:48,2.6,86.3,354222.67,35.5,4.15,7.51,0.01,0.0,4.41,100,312,0
2026-08-02 23:06:54,6.9,86.2,358796.0,35.5,5.38,8.58,0.01,0.0,75.5,100,312,0
2026-08-02 23:07:00,19.9,86.2,358301.33,35.5,7.56,4.21,0.02,0.01,4.2,100,312,0
2026-08-02 23:07:06,12.4,86.6,346796.0,35.5,89.34,6.43,0.02,0.0,66.26,100,311,0
2026-08-02 23:07:12,12.1,86.5,349833.33,35.5,16.23,4.26,0.03,0.03,4.81,100,310,0
2026-08-02 23:07:18,33.9,87.6,321614.67,35.5,59.63,7.39,0.02,0.0,15.55,100,316,0
2026-08-02 23:07:24,35.5,86.4,352138.67,35.5,145.36,178.83,0.06,0.05,4.96,100,317,0
2026-08-02 23:07:30,5.0,86.9,339476.0,35.5,122.26,10.46,0.17,0.96,5.5,100,319,0
2026-08-02 23:07:36,15.7,88.1,309268.0,35.5,212.75,13.29,0.09,0.51,4.69,100,325,0
2026-08-02 23:07:42,22.0,88.2,305949.33,35.5,137.5,4.11,0.22,0.01,5.14,100,319,0
2026-08-02 23:07:48,5.1,88.2,307150.67,35.5,117.57,9.12,0.03,0.04,45.65,100,319,0
2026-08-02 23:07:54,12.0,88.2,307022.67,35.5,27.46,6.86,0.05,0.34,4.32,100,321,0
2026-08-02 23:08:00,6.7,88.3,302762.67,35.5,6.67,6.73,0.03,0.17,4.46,100,321,0
2026-08-02 23:08:06,38.7,89.5,272021.33,35.5,584.26,80.92,0.02,0.03,6.98,100,324,0
2026-08-02 23:08:12,38.2,89.2,279776.0,35.5,255.3,80.7,0.02,0.01,9.98,100,324,0
2026-08-02 23:08:18,39.3,81.7,474238.67,35.5,227.3,450.16,0.02,0.01,4.21,100,322,0
2026-08-02 23:08:25,12.6,81.9,469593.33,35.5,50.84,5.77,0.02,0.01,111.69,100,322,0
2026-08-02 23:08:31,10.5,82.0,467700.0,35.5,54.03,7.89,0.02,0.06,46.59,100,321,0
2026-08-02 23:08:37,9.3,82.4,456773.33,35.5,55.37,4.31,0.03,0.01,125.62,100,321,0
2026-08-02 23:08:43,3.2,84.1,412710.67,35.5,110.29,5.57,0.01,0.0,4.05,100,319,0
2026-08-02 23:08:49,2.7,78.4,560198.67,35.5,16.28,4.39,0.03,0.01,4.39,100,318,0
2026-08-02 23:08:55,7.6,78.8,548645.33,35.5,5.26,7.09,0.02,0.01,11.27,100,318,0
2026-08-02 23:09:01,4.8,79.1,541440.0,35.5,15.62,8.35,0.02,0.0,4.0,100,318,0
2026-08-02 23:09:07,10.6,79.6,528974.67,35.5,18.64,7.75,0.02,0.05,5.33,100,318,0
2026-08-02 23:09:13,3.6,80.4,509452.0,35.5,45.59,7.76,0.02,0.0,66.06,100,319,0
2026-08-02 23:09:19,17.1,80.5,504722.67,35.5,15.19,4.61,0.04,0.02,4.77,100,318,0
2026-08-02 23:09:25,23.6,81.2,487054.67,35.5,14.73,7.14,0.02,0.01,4.12,100,318,0
2026-08-02 23:09:31,18.4,83.8,421377.33,35.5,46.98,8.45,0.02,0.01,68.74,100,317,0
2026-08-02 23:09:37,5.2,83.7,422206.67,35.5,7.14,8.76,0.03,0.01,3.57,100,315,0
2026-08-02 23:09:43,8.0,83.6,425294.67,35.5,2.79,7.59,0.02,0.01,65.24,100,315,0
2026-08-02 23:09:49,10.4,83.5,427396.0,35.5,4.41,3.86,0.03,0.01,76.01,100,315,0
2026-08-02 23:09:55,4.5,83.8,421206.67,35.5,6.15,8.42,0.02,0.07,3.94,100,314,0
2026-08-02 23:10:01,5.5,83.9,416626.67,35.5,17.19,6.66,0.03,0.01,5.32,100,314,0
2026-08-02 23:10:07,26.1,84.7,395514.67,35.5,13.03,9.23,0.03,0.01,3.79,100,314,0
2026-08-02 23:10:13,16.1,85.0,390045.33,35.5,10.27,24.4,0.02,0.01,41.59,100,314,0
2026-08-02 23:10:19,6.1,85.1,387484.0,35.5,5.88,5.74,0.01,0.0,76.28,100,313,0
2026-08-02 23:10:25,18.5,85.3,380180.0,35.5,17.27,6.25,0.0,0.0,8.93,100,313,0
2026-08-02 23:10:32,11.1,85.3,380700.0,35.5,8.13,7.13,0.01,0.0,4.26,100,313,0
2026-08-02 23:10:38,4.7,85.2,383544.0,35.5,11.73,6.5,0.01,0.02,67.37,100,313,0
2026-08-02 23:10:44,8.1,85.1,387498.67,35.5,2.02,3.7,0.01,0.0,29.75,100,313,0
2026-08-02 23:10:50,10.5,85.1,387024.0,35.5,8.55,6.17,0.01,0.0,38.71,100,313,0
2026-08-02 23:10:56,4.3,85.4,377669.33,35.5,12.16,2.05,0.01,0.01,5.49,100,313,0
2026-08-02 23:11:02,4.3,84.8,394593.33,35.5,3.8,46.54,0.01,0.0,158.49,100,313,0
2026-08-02 23:11:08,4.3,84.8,393288.0,35.5,5.82,3.49,0.0,0.01,5.26,100,313,0
2026-08-02 23:11:14,3.9,84.9,391505.33,35.5,1.59,5.98,0.02,0.01,3.27,100,313,0
2026-08-02 23:11:20,17.3,85.3,379968.0,35.5,2.38,8.7,0.02,0.01,5.66,100,313,0
2026-08-02 23:11:26,15.5,85.7,370273.33,35.5,17.96,5.9,0.03,0.03,3.73,100,313,0
2026-08-02 23:11:32,4.9,85.6,374600.0,35.5,4.07,7.31,0.01,0.0,18.01,100,313,0
2026-08-02 23:11:38,7.0,85.3,381056.0,35.5,2.99,7.38,0.0,0.0,32.16,100,314,0
2026-08-02 23:11:44,6.6,85.3,380801.33,35.5,1.71,7.46,0.01,0.0,55.54,100,314,0
2026-08-02 23:11:50,4.6,85.4,377952.0,35.5,8.07,4.89,0.01,0.01,150.62,100,314,0
2026-08-02 23:11:56,6.0,85.2,384974.67,35.5,5.23,6.0,0.01,0.0,5.04,100,314,0
2026-08-02 23:12:02,7.4,85.4,379274.67,35.5,2.79,5.7,0.01,0.0,5.38,100,314,0
2026-08-02 23:12:08,4.6,85.4,378344.0,35.5,14.91,4.59,0.01,0.01,5.24,100,314,0
2026-08-02 23:12:14,2.6,85.6,374060.0,35.5,3.89,8.18,0.01,0.0,5.88,100,314,0
2026-08-02 23:12:20,14.7,86.1,361060.0,35.5,94.13,3.86,0.06,0.02,53.17,100,313,0
2026-08-02 23:12:26,10.9,85.7,370881.33,35.5,14.87,5.81,0.02,0.0,5.21,100,313,0
2026-08-02 23:12:32,24.1,86.0,362058.67,35.5,12.01,3.87,0.03,0.01,57.76,100,313,0
2026-08-02 23:12:38,21.3,85.6,372818.67,35.5,1.64,4.9,0.01,0.01,5.05,100,313,0
2026-08-02 23:12:44,8.4,85.9,364705.33,35.5,2.69,3.68,0.01,0.0,69.02,100,313,0
2026-08-02 23:12:51,22.4,86.3,355761.33,35.5,12.23,5.09,0.01,0.0,66.31,100,313,0
2026-08-02 23:12:57,2.7,86.4,351658.67,35.5,6.22,5.96,0.03,0.01,75.67,100,313,0
2026-08-02 23:13:03,12.9,86.4,352416.0,35.5,26.31,13.19,0.03,0.0,14.02,100,313,0
2026-08-02 23:13:09,19.9,87.2,332188.0,35.5,50.94,6.14,0.19,0.15,79.01,100,313,0
2026-08-02 23:13:15,8.8,82.7,448917.33,35.5,6.29,360.96,0.14,0.03,159.46,100,313,0
2026-08-02 23:13:21,6.9,82.6,450768.0,35.5,29.4,9.41,0.01,0.01,5.64,100,312,0
2026-08-02 23:13:27,35.7,85.6,373629.33,35.5,10.9,25.86,0.04,0.0,4.81,100,312,0
2026-08-02 23:13:33,3.3,85.2,384566.67,35.5,41.7,6.54,0.02,0.0,3.68,100,312,0
2026-08-02 23:13:39,3.1,84.5,401052.0,35.5,2.71,7.8,0.02,0.0,26.05,100,312,0
2026-08-02 23:13:45,3.1,84.4,404329.33,35.5,5.11,3.26,0.05,0.02,3.78,100,312,0
2026-08-02 23:13:51,8.2,83.5,427692.0,35.5,3.44,37.96,0.02,0.0,4.58,100,312,0
2026-08-02 23:13:57,8.7,83.1,437734.67,35.5,2.84,4.09,0.02,0.01,3.33,100,312,0
2026-08-02 23:14:03,5.1,83.5,427934.67,35.5,4.12,6.96,0.02,0.01,5.94,100,312,0
2026-08-02 23:14:09,3.5,83.5,428761.33,35.5,1.98,6.77,0.03,0.01,37.41,100,312,0
2026-08-02 23:14:15,6.3,83.5,428609.33,35.5,1.82,7.32,0.03,0.0,3.69,100,312,0
2026-08-02 23:14:21,25.9,84.1,411640.0,35.5,4.85,7.75,0.01,0.0,72.33,100,312,0
2026-08-02 23:14:27,21.0,87.4,326794.67,35.5,18.2,3.74,0.03,0.02,46.74,100,312,0
2026-08-02 23:14:33,13.3,87.3,328525.33,35.5,39.61,31.5,0.01,0.0,154.78,100,312,0
2026-08-02 23:14:40,15.9,87.5,324506.67,35.5,31.27,7.64,0.02,0.01,3.71,100,312,0
2026-08-02 23:14:46,12.0,87.2,332225.33,35.5,62.41,9.81,0.01,0.02,69.82,100,312,0
2026-08-02 23:14:52,15.3,87.0,336857.33,35.5,21.29,4.5,0.01,0.07,4.21,100,312,0
2026-08-02 23:14:58,11.2,86.6,347216.0,35.5,3.06,7.33,0.02,0.01,4.33,100,312,0
2026-08-02 23:15:04,7.8,86.7,345794.67,35.5,9.11,7.71,0.02,0.01,10.2,100,317,0
2026-08-02 23:15:10,7.5,86.7,344857.33,35.5,4.57,3.09,0.02,0.01,7.46,100,312,0
2026-08-02 23:15:16,3.1,86.0,364057.33,35.5,2.62,7.21,0.03,0.01,4.18,100,312,0
2026-08-02 23:15:22,5.1,85.6,372658.67,35.5,1.48,3.91,0.01,0.0,8.12,100,312,0
2026-08-02 23:15:28,7.9,85.4,379850.67,35.5,3.95,5.88,0.03,0.02,3.49,100,312,0
2026-08-02 23:15:34,10.3,85.9,364502.67,35.5,1.94,3.99,0.03,0.02,7.72,100,312,0
2026-08-02 23:15:40,2.7,85.6,372713.33,35.5,1.2,6.18,0.01,0.0,45.85,100,312,0
2026-08-02 23:15:46,6.1,85.5,376258.67,35.5,6.07,3.4,0.01,0.0,5.92,100,312,0
2026-08-02 23:15:52,6.1,85.7,371040.0,35.5,1.15,8.09,0.01,0.0,4.62,100,312,0
2026-08-02 23:15:58,3.0,85.8,368538.67,35.5,1.48,4.29,0.03,0.01,10.74,100,312,0
2026-08-02 23:16:04,11.9,85.8,369337.33,35.5,2.93,4.78,0.02,0.01,37.32,100,312,0
2026-08-02 23:16:10,10.9,86.0,363094.67,35.5,10.08,4.53,0.03,0.05,5.84,100,312,0
2026-08-02 23:16:16,15.7,86.1,360124.0,35.5,5.98,8.05,0.02,0.0,7.36,100,312,0
2026-08-02 23:16:22,11.7,87.3,328309.33,35.5,78.67,73.02,0.02,0.02,59.8,100,313,0
2026-08-02 23:16:28,35.3,86.4,353830.67,35.5,60.48,3.44,0.02,0.0,5.72,100,312,0
2026-08-02 23:16:34,26.4,86.5,348844.0,35.5,27.25,8.34,0.02,0.0,3.97,100,312,0
2026-08-02 23:16:40,76.5,88.2,305354.67,35.5,113.97,32.3,0.03,0.01,4.5,100,313,0
2026-08-02 23:16:46,69.1,89.7,267102.67,35.5,262.46,25.18,0.02,0.01,15.27,100,312,0
2026-08-02 23:16:52,75.9,87.5,324554.67,35.5,38.6,125.98,0.02,0.01,33.45,100,313,0
2026-08-02 23:16:58,46.1,88.0,309958.67,35.5,17.11,13.32,0.02,0.0,3.96,100,313,0
2026-08-02 23:17:04,54.8,88.4,300457.33,35.5,7.56,10.17,0.02,0.01,4.48,100,313,0
2026-08-02 23:17:10,48.1,89.3,278406.67,35.5,13.28,8.26,0.01,0.0,4.27,100,313,0
2026-08-02 23:17:16,44.3,89.3,277145.33,35.5,72.99,6.98,0.06,0.03,187.34,100,313,0
2026-08-02 23:17:23,46.0,89.3,277612.0,35.5,66.44,7.8,0.02,0.03,4.48,100,313,0
2026-08-02 23:17:29,21.5,89.6,269752.0,35.5,36.0,8.77,0.02,0.0,3.98,100,313,0
2026-08-02 23:17:35,53.5,89.7,268266.67,35.5,75.35,9.62,0.02,0.0,4.23,100,313,0
2026-08-02 23:17:41,45.1,89.5,272600.0,35.5,38.52,12.62,0.01,0.01,11.43,100,313,0
2026-08-02 23:17:47,61.4,90.1,256880.0,35.5,76.06,9.81,0.02,0.01,5.33,100,319,0
2026-08-02 23:17:53,48.0,90.0,259365.33,35.5,64.64,16.81,0.01,0.0,4.37,100,313,0
2026-08-02 23:17:59,36.4,89.8,265017.33,35.5,41.64,9.17,0.0,0.01,3.94,100,313,0
2026-08-02 23:18:05,22.2,88.5,297553.33,35.5,158.52,167.98,0.0,0.0,139.83,100,313,0
2026-08-02 23:18:11,40.7,90.3,252674.67,35.5,34.1,5.52,0.03,0.01,67.82,100,313,0
2026-08-02 23:18:17,34.5,91.7,215830.67,35.5,191.38,3.99,0.02,0.15,3.62,100,313,0
2026-08-02 23:18:23,10.0,90.9,234837.33,35.5,381.23,6.75,0.03,0.07,3.84,100,312,0
2026-08-02 23:18:29,23.9,90.6,244921.33,35.5,34.42,3.36,0.03,0.01,3.59,100,311,0
2026-08-02 23:18:35,15.1,91.1,231208.0,35.5,24.37,4.59,0.01,0.01,5.03,100,311,0
2026-08-02 23:18:41,15.6,92.6,191750.67,35.5,156.45,14.24,0.02,0.01,47.12,100,311,0
2026-08-02 23:18:47,37.0,84.0,414697.33,35.5,44.3,144.71,0.02,0.01,7.39,100,311,0
2026-08-02 23:18:53,12.2,82.0,466140.0,35.5,28.72,2.5,0.02,0.01,4.07,100,311,0
2026-08-02 23:18:59,15.7,81.6,476414.67,35.5,7.21,4.54,0.02,0.01,3.75,100,311,0
2026-08-02 23:19:05,8.3,83.9,416410.67,35.5,21.32,10.04,0.03,0.01,5.23,100,317,0
2026-08-02 23:19:11,44.3,86.5,350096.0,35.5,171.14,11.4,0.02,0.02,4.87,100,315,0
2026-08-02 23:19:17,17.5,87.0,338293.33,35.5,65.43,10.13,0.03,0.01,3.85,100,317,0
2026-08-02 23:19:23,13.0,87.8,317145.33,35.5,45.04,6.24,0.01,0.0,8.8,100,317,0
2026-08-02 23:19:29,4.9,87.2,330989.33,35.5,112.78,113.43,0.02,0.01,7.31,100,316,0
2026-08-02 23:19:35,3.3,82.4,455564.0,35.5,5.38,349.0,0.02,0.0,32.46,100,316,0
2026-08-02 23:19:41,9.6,82.5,454157.33,35.5,3.05,7.4,0.02,0.0,56.02,100,315,0
2026-08-02 23:19:47,7.5,82.4,456076.0,35.5,5.97,6.54,0.01,0.0,5.44,100,315,0
2026-08-02 23:19:53,6.5,82.9,442933.33,35.5,20.01,7.16,0.03,0.09,17.71,100,315,0
2026-08-02 23:19:59,3.0,84.1,411953.33,35.5,20.86,2.7,0.03,0.02,4.04,100,314,0
2026-08-02 23:20:05,12.3,84.7,397909.33,35.5,2.71,3.19,0.01,0.01,24.41,100,314,0
2026-08-02 23:20:11,3.7,84.6,399162.67,35.5,2.61,7.11,0.03,0.01,6.58,100,314,0
2026-08-02 23:20:17,8.9,83.0,440886.67,35.5,403.99,38.09,0.03,0.02,4.91,100,314,0
2026-08-02 23:20:24,5.0,83.3,431960.0,35.5,33.82,5.94,0.02,0.01,3.6,100,314,0
2026-08-02 23:20:30,6.4,83.6,426089.33,35.5,3.93,7.07,0.01,0.0,35.64,100,314,0
2026-08-02 23:20:36,4.1,83.9,417961.33,35.5,5.31,6.92,0.03,0.01,74.95,100,314,0
2026-08-02 23:20:42,3.0,83.5,427438.67,35.5,9.25,5.92,0.01,0.0,4.11,100,314,0
2026-08-02 23:20:48,6.3,82.8,446536.0,35.5,3.77,8.46,0.02,0.01,64.33,100,312,0
2026-08-02 23:20:54,12.7,82.7,447441.33,35.5,5.87,4.21,0.02,0.0,3.65,100,312,0
2026-08-02 23:21:00,4.9,83.4,431408.0,35.5,4.16,10.18,0.01,0.0,62.36,100,312,0
2026-08-02 23:21:06,2.2,83.5,426738.67,35.5,9.97,3.57,0.01,0.01,3.78,100,312,0
2026-08-02 23:21:12,1.2,83.2,436976.0,35.5,2.04,6.46,0.01,0.01,4.53,100,312,0
2026-08-02 23:21:18,2.7,83.3,432698.67,35.5,1.92,3.38,0.03,0.01,219.58,100,312,0
2026-08-02 23:21:24,14.2,83.6,426533.33,35.5,2.34,7.24,0.01,0.02,70.09,100,312,0
2026-08-02 23:21:30,5.8,83.8,419730.67,35.5,3.11,7.87,0.01,0.0,3.68,100,312,0
2026-08-02 23:21:36,6.5,83.9,418621.33,35.5,9.13,5.43,0.03,0.01,7.87,100,312,0
2026-08-02 23:21:42,15.0,83.8,419482.67,35.5,4.77,6.24,0.04,0.03,4.25,100,312,0
2026-08-02 23:21:48,8.8,84.0,413648.0,35.5,15.63,3.09,0.02,0.01,3.93,100,312,0
2026-08-02 23:21:54,2.5,83.9,417658.67,35.5,35.62,8.33,0.03,0.01,4.01,100,312,0
2026-08-02 23:22:00,1.4,84.1,413476.0,35.5,8.42,2.7,0.02,0.01,15.9,100,312,0
2026-08-02 23:22:06,1.6,84.3,407132.0,35.5,11.71,6.55,0.02,0.01,4.81,100,312,0
2026-08-02 23:22:12,6.8,84.4,404772.0,35.5,53.67,6.91,0.01,0.0,4.66,100,312,0
2026-08-02 23:22:18,8.2,84.2,409192.0,35.5,6.26,4.66,0.03,0.01,60.36,100,312,0
2026-08-02 23:22:24,5.7,84.3,407897.33,35.5,19.7,6.27,0.04,0.02,74.9,100,312,0
2026-08-02 23:22:30,1.0,84.1,412409.33,35.5,5.64,3.77,0.02,0.01,3.78,100,312,0
2026-08-02 23:22:37,4.8,84.4,405682.67,35.5,32.2,6.55,0.03,0.02,62.35,100,312,0
2026-08-02 23:22:43,1.7,84.2,408684.0,35.5,30.89,2.93,0.02,0.01,75.77,100,312,0
2026-08-02 23:22:49,13.1,84.3,407778.67,35.5,12.75,8.21,0.02,0.01,70.38,100,312,0
2026-08-02 23:22:55,6.8,84.3,407390.67,35.5,42.22,4.57,0.03,0.01,4.82,100,312,0
2026-08-02 23:23:01,17.9,84.6,400325.33,35.5,6.4,6.45,0.02,0.01,61.49,100,312,0
2026-08-02 23:23:07,3.6,85.2,384901.33,35.5,75.64,3.55,0.02,0.01,5.43,100,312,0
2026-08-02 23:23:13,4.3,84.7,396173.33,35.5,29.28,6.26,0.0,0.0,4.55,100,312,0
2026-08-02 23:23:19,9.5,84.8,394946.67,35.5,3.41,7.93,0.01,0.0,4.09,100,312,0
2026-08-02 23:23:25,15.1,84.6,399742.67,35.5,12.37,5.71,0.01,0.0,34.15,100,312,0
2026-08-02 23:23:31,11.6,85.8,367470.67,35.5,1.68,3.88,0.0,0.0,4.35,100,312,0
2026-08-02 23:23:37,16.5,86.1,359825.33,35.5,141.22,6.09,0.02,0.01,65.06,100,312,0
2026-08-02 23:23:43,1.0,86.5,349196.0,35.5,77.09,3.23,0.05,0.06,3.9,100,312,0
2026-08-02 23:23:49,19.6,82.6,451310.67,35.5,53.98,15.4,0.17,0.1,42.8,100,312,0
2026-08-02 23:23:55,8.5,82.7,449344.0,35.5,13.84,6.64,0.12,0.02,35.13,100,312,0
2026-08-02 23:24:01,11.4,83.7,422350.67,35.5,186.45,7.79,0.06,0.04,8.33,100,319,0
2026-08-02 23:24:07,11.7,83.2,435106.67,35.5,4.77,4.27,0.02,0.0,34.72,100,313,0
2026-08-02 23:24:13,7.2,83.0,441956.0,35.5,6.85,6.93,0.03,0.0,157.52,100,313,0
2026-08-02 23:24:19,8.8,82.6,450533.33,35.5,2.14,3.89,0.05,0.0,74.42,100,313,0
2026-08-02 23:24:25,4.7,83.0,441152.0,35.5,1.64,7.68,0.03,0.0,4.61,100,313,0
2026-08-02 23:24:31,7.8,82.4,457116.0,35.5,1.98,7.84,0.02,0.01,4.01,100,312,0
2026-08-02 23:24:38,25.3,84.5,402892.0,35.5,5.64,4.48,0.01,0.0,8.58,100,318,0
2026-08-02 23:24:44,13.5,84.5,402256.0,35.5,3.57,7.01,0.01,0.0,9.35,100,312,0
2026-08-02 23:24:50,15.7,84.1,412006.67,35.5,1.86,3.18,0.03,0.01,5.17,100,312,0
2026-08-02 23:24:56,10.1,84.4,405384.0,35.5,1.5,6.24,0.01,0.08,8.38,100,312,0
2026-08-02 23:25:02,15.9,84.3,407032.0,35.5,1.79,5.96,0.01,0.01,4.62,100,312,0
2026-08-02 23:25:08,24.1,84.2,410881.33,35.5,16.3,9.72,0.02,0.0,34.93,100,312,0
2026-08-02 23:25:14,14.7,83.9,416946.67,35.5,3.66,7.75,0.03,0.02,3.64,100,311,0
2026-08-02 23:25:20,16.4,83.7,423153.33,35.5,18.92,7.17,0.02,0.0,74.86,100,311,0
2026-08-02 23:25:26,11.3,83.8,421348.0,35.5,1.42,2.54,0.01,0.0,3.95,100,311,0
2026-08-02 23:25:32,6.1,84.5,401830.67,35.5,3.84,6.65,0.02,0.01,131.2,100,311,0
2026-08-02 23:25:38,12.5,84.8,393230.67,35.5,1.79,7.56,0.02,0.01,6.3,100,311,0
2026-08-02 23:25:44,11.2,84.6,399242.67,35.5,0.77,3.5,0.01,0.0,63.67,100,311,0
2026-08-02 23:25:50,5.7,84.7,396876.0,35.5,0.91,2.94,0.02,0.0,3.36,100,311,0
2026-08-02 23:25:56,7.3,84.8,395149.33,35.5,3.07,4.85,0.03,0.0,4.36,100,311,0
2026-08-02 23:26:02,11.1,85.3,379998.67,35.5,16.63,9.2,0.01,0.01,4.04,100,312,0
2026-08-02 23:26:08,11.1,84.7,397521.33,35.5,1.25,3.75,0.03,0.04,4.25,100,311,0
2026-08-02 23:26:14,6.5,85.4,379284.0,35.5,2.59,6.96,0.04,0.01,64.33,100,312,0
2026-08-02 23:26:20,14.1,85.6,372730.67,35.5,5.73,7.73,0.02,0.01,5.93,100,312,0
2026-08-02 23:26:26,9.6,85.8,367149.33,35.5,18.52,2.69,0.02,0.01,10.95,100,312,0
2026-08-02 23:26:32,17.0,85.8,367233.33,35.5,44.21,6.59,0.02,0.0,4.21,100,312,0
2026-08-02 23:26:38,7.4,85.9,366200.0,35.5,29.03,6.81,0.02,0.0,3.48,100,312,0
2026-08-02 23:26:44,12.3,83.5,427244.0,35.5,105.16,167.59,0.02,0.01,7.16,100,311,0
2026-08-02 23:26:50,3.9,83.2,435808.0,35.5,29.67,6.01,0.01,0.0,4.44,100,311,0
2026-08-02 23:26:56,11.3,83.3,432717.33,35.5,17.97,4.5,0.01,0.0,44.14,100,311,0
2026-08-02 23:27:02,6.5,83.4,431129.33,35.5,2.76,6.33,0.01,0.0,4.05,100,311,0
2026-08-02 23:27:08,9.1,83.8,420421.33,35.5,1.71,6.74,0.03,0.01,43.94,100,311,0
2026-08-02 23:27:14,9.8,83.5,427985.33,35.5,8.63,5.27,0.02,0.01,48.79,100,311,0
2026-08-02 23:27:20,16.4,84.1,413458.67,35.5,16.01,6.18,0.04,0.02,3.9,100,317,0
2026-08-02 23:27:26,5.7,84.3,406918.67,35.5,4.92,7.12,0.02,0.0,4.45,100,315,0
2026-08-02 23:27:33,8.4,83.8,419736.0,35.5,16.72,3.93,0.03,0.01,50.51,100,315,0
2026-08-02 23:27:39,5.2,83.7,422502.67,35.5,1.61,6.42,0.02,0.01,3.77,100,311,0
2026-08-02 23:27:45,9.2,83.6,426345.33,35.5,2.08,6.89,0.02,0.0,63.61,100,317,0
2026-08-02 23:27:51,8.8,83.5,428386.67,35.5,2.58,7.05,0.02,0.0,71.88,100,311,0
2026-08-02 23:27:57,9.3,83.5,428402.67,35.5,8.06,4.3,0.05,0.02,4.57,100,311,0
2026-08-02 23:28:03,6.6,83.8,421030.67,35.5,3.41,6.36,0.02,0.01,146.46,100,311,0
2026-08-02 23:28:09,5.6,83.7,423440.0,35.5,1.66,7.0,0.02,0.0,4.78,100,311,0
2026-08-02 23:28:15,6.6,83.8,419637.33,35.5,2.12,8.3,0.02,0.0,6.51,100,311,0
2026-08-02 23:28:21,8.2,84.2,409277.33,35.5,6.92,5.16,0.03,0.02,4.33,100,316,0
2026-08-02 23:28:27,16.0,84.4,405724.0,35.5,2.48,8.5,0.02,0.0,41.13,100,311,0
2026-08-02 23:28:33,17.3,84.3,406813.33,35.5,15.47,6.02,0.03,0.01,4.78,100,311,0
2026-08-02 23:28:39,24.4,86.2,359154.67,35.5,192.91,7.98,0.05,0.0,3.99,100,311,0
2026-08-02 23:28:45,14.3,84.8,394908.0,35.5,40.97,6.76,0.01,0.0,43.45,100,311,0
2026-08-02 23:28:51,25.5,83.4,431741.33,35.5,14.3,4.57,0.14,0.07,78.28,100,311,0
2026-08-02 23:28:57,25.3,84.2,410553.33,35.5,2.94,6.71,0.05,0.04,59.75,100,317,0
2026-08-02 23:29:03,7.5,84.0,413732.0,35.5,28.27,5.6,0.1,0.02,3.56,100,311,0
2026-08-02 23:29:09,5.9,83.8,419378.67,35.5,6.12,3.27,0.02,0.0,7.16,100,311,0
2026-08-02 23:29:15,6.0,83.5,427884.0,35.5,17.41,7.73,0.02,0.02,4.69,100,311,0
2026-08-02 23:29:21,3.9,83.8,420260.0,35.5,3.91,5.94,0.02,0.0,28.11,100,311,0
2026-08-02 23:29:27,6.2,83.7,422256.0,35.5,1.75,3.85,0.0,0.0,4.01,100,311,0
2026-08-02 23:29:33,15.2,84.2,408625.33,35.5,6.61,6.14,0.06,0.01,44.73,100,311,0
2026-08-02 23:29:39,20.2,84.4,403477.33,35.5,5.37,2.61,0.04,0.01,20.47,100,311,0
2026-08-02 23:29:45,14.6,85.2,384766.67,35.5,2.24,6.42,0.03,0.01,4.13,100,311,0
2026-08-02 23:29:52,8.4,84.1,411424.0,35.5,0.96,7.18,0.01,0.0,6.17,100,311,0
2026-08-02 23:29:58,15.0,84.5,402998.67,35.5,2.01,5.79,0.04,0.09,4.9,100,311,0
2026-08-02 23:30:04,10.3,84.6,398304.0,35.5,4.31,7.82,0.03,0.01,4.02,100,311,0
2026-08-02 23:30:10,3.4,85.0,389992.0,35.5,3.57,3.69,0.02,0.02,24.55,100,311,0
2026-08-02 23:30:16,7.8,84.7,397521.33,35.5,1.32,5.8,0.01,0.0,4.72,100,311,0
2026-08-02 23:30:22,3.8,86.0,364044.0,35.5,90.63,4.09,0.01,0.0,7.22,100,312,0
2026-08-02 23:30:28,17.0,86.6,347878.67,35.5,150.31,7.69,0.18,0.04,51.92,100,313,0
2026-08-02 23:30:34,95.8,88.1,309374.67,35.5,420.57,8.46,0.18,0.12,6.48,100,313,1
2026-08-02 23:30:40,44.0,85.6,372617.33,35.5,133.85,203.85,0.06,0.03,5.03,100,313,0
2026-08-02 23:30:46,9.3,85.6,373998.67,35.5,38.58,17.86,0.08,0.01,4.68,100,313,0
2026-08-02 23:30:52,17.0,85.8,367570.67,35.5,20.17,6.22,0.02,0.0,36.85,100,313,0
2026-08-02 23:30:58,10.3,85.2,382986.67,35.5,65.16,3.26,0.01,0.0,4.82,100,313,0
2026-08-02 23:31:04,37.3,85.4,377569.33,35.5,5.11,5.88,0.05,0.01,11.46,100,313,0
2026-08-02 23:31:10,19.2,87.1,335501.33,35.5,80.44,6.49,0.03,0.01,4.96,100,315,0
2026-08-02 23:31:16,22.7,83.4,429269.33,35.5,33.77,9.95,0.03,0.01,80.37,100,313,0
2026-08-02 23:31:22,9.2,83.7,422462.67,35.5,1.76,6.12,0.02,0.01,59.37,100,313,0
2026-08-02 23:31:28,2.6,83.6,424106.67,35.5,1.86,2.98,0.01,0.0,4.67,100,313,0
2026-08-02 23:31:34,18.9,84.2,409458.67,35.5,12.98,6.67,0.05,0.01,3.97,100,313,0
2026-08-02 23:31:40,15.4,85.1,385168.0,35.5,13.11,3.84,0.04,0.01,71.62,100,312,0
2026-08-02 23:31:46,20.0,84.7,397853.33,35.5,8.56,1.13,0.01,0.0,5.14,100,312,0
2026-08-02 23:31:52,6.8,85.1,386001.33,35.5,8.6,5.82,0.01,0.01,46.72,100,318,0
2026-08-02 23:31:59,31.4,85.2,382704.0,35.5,1.58,5.98,0.01,0.0,4.81,100,312,0
2026-08-02 23:32:05,10.3,85.7,369948.0,35.5,4.87,3.22,0.02,0.0,44.37,100,312,0
2026-08-02 23:32:11,8.2,85.6,372925.33,35.5,1.78,6.15,0.01,0.01,3.95,100,312,0
2026-08-02 23:32:17,9.6,85.9,366794.67,35.5,1.3,1.97,0.01,0.0,51.02,100,312,0
2026-08-02 23:32:23,14.4,86.0,363546.67,35.5,3.27,1.83,0.0,0.0,4.21,100,312,0
2026-08-02 23:32:29,17.9,86.1,360050.67,35.5,2.02,7.58,0.01,0.0,51.29,100,312,0
2026-08-02 23:32:35,11.0,86.2,358965.33,35.5,15.29,5.91,0.04,0.01,4.23,100,318,0
2026-08-02 23:32:41,13.2,85.6,372497.33,35.5,17.73,3.25,0.0,0.01,116.93,100,312,0
2026-08-02 23:32:47,30.2,86.2,357641.33,35.5,5.16,6.19,0.03,0.0,64.65,100,312,0
2026-08-02 23:32:53,29.3,87.9,314929.33,35.5,72.43,3.02,0.05,0.0,11.2,100,313,0
2026-08-02 23:32:59,25.8,84.8,393130.67,35.5,67.59,122.69,0.04,0.0,4.12,100,313,0
2026-08-02 23:33:05,11.7,85.0,389914.67,35.5,2.55,2.99,0.04,0.0,84.92,100,313,0
2026-08-02 23:33:11,17.4,84.1,411913.33,35.5,2.82,6.23,0.01,0.0,4.0,100,313,0
2026-08-02 23:33:17,16.1,84.5,403244.0,35.5,5.28,7.0,0.04,0.0,45.41,100,319,0
2026-08-02 23:33:23,12.4,89.7,266722.67,35.5,216.89,4.28,0.04,0.23,4.56,100,313,0
2026-08-02 23:33:29,6.9,88.2,305481.33,35.5,29.86,7.78,0.02,0.0,47.09,100,313,0
2026-08-02 23:33:35,4.2,87.9,314078.67,35.5,7.79,3.04,0.01,0.0,3.6,100,313,0
2026-08-02 23:33:41,16.8,88.1,307486.67,35.5,1.13,6.23,0.02,0.0,54.0,100,313,0
2026-08-02 23:33:48,2.9,88.5,297600.0,35.5,3.7,8.61,0.01,0.01,3.84,100,314,0
2026-08-02 23:33:54,4.3,85.2,383590.67,35.5,3.69,11.84,0.0,0.0,40.06,100,313,0
2026-08-02 23:34:00,20.9,84.2,410741.33,35.5,10.32,3.84,0.08,0.08,151.45,100,319,0
2026-08-02 23:34:06,35.5,86.9,339421.33,35.5,3.19,6.02,0.1,0.03,4.31,100,313,0
2026-08-02 23:34:12,21.2,88.3,304397.33,35.5,6.54,3.0,0.04,0.01,170.6,100,313,0
2026-08-02 23:34:18,45.2,84.3,405914.67,35.5,69.4,223.92,0.11,0.03,4.46,100,317,0
2026-08-02 23:34:24,11.9,84.6,399294.67,35.5,1061.36,6.58,0.0,0.0,186.68,100,317,0
2026-08-02 23:34:30,29.2,85.7,370110.67,35.5,598.46,3.7,0.03,0.0,4.5,100,317,0
2026-08-02 23:34:36,28.5,90.6,244858.67,35.5,565.4,7.43,0.03,0.0,5.7,99,317,0
2026-08-02 23:34:42,13.1,91.2,227884.0,35.5,283.86,94.43,0.01,0.0,4.11,99,317,0
2026-08-02 23:34:48,11.4,87.9,314958.67,35.5,44.18,175.01,0.02,0.01,3.79,99,316,0
2026-08-02 23:34:54,16.5,87.8,315894.67,35.5,7.65,3.31,0.01,0.08,12.53,99,316,0
2026-08-02 23:35:00,7.0,87.9,312989.33,35.5,10.5,8.19,0.01,0.0,7.66,99,316,0
2026-08-02 23:35:06,3.8,88.3,303964.0,35.5,7.77,3.41,0.02,0.0,5.08,99,316,0
2026-08-02 23:35:12,3.7,88.4,300752.0,35.5,6.89,6.71,0.01,0.01,3.88,99,316,0
2026-08-02 23:35:18,10.4,88.8,289829.33,35.5,45.55,9.81,0.01,0.0,3.94,99,316,0
2026-08-02 23:35:24,8.5,89.6,269992.0,35.5,26.33,5.81,0.0,0.0,4.4,99,322,0
2026-08-02 23:35:31,7.0,90.0,258249.33,35.5,22.52,6.43,0.02,0.0,16.03,99,316,0
2026-08-02 23:35:37,20.4,90.1,257333.33,35.5,62.05,3.11,0.01,0.01,70.51,99,314,0
2026-08-02 23:35:43,1.7,90.3,251397.33,35.5,42.86,6.41,0.01,0.0,66.72,99,314,0
2026-08-02 23:35:49,14.2,90.3,252418.67,35.5,41.34,4.55,0.01,0.0,69.1,99,314,0
2026-08-02 23:35:55,8.7,90.4,248218.67,35.5,36.41,4.11,0.0,0.0,4.65,99,314,0
2026-08-02 23:36:01,13.4,91.1,229640.0,35.5,58.55,5.9,0.01,0.01,49.69,99,314,0
2026-08-02 23:36:07,55.5,92.9,185257.33,35.5,324.01,4.21,0.03,0.06,3.79,99,315,0
2026-08-02 23:36:13,8.6,86.6,347885.33,35.5,143.04,182.32,0.06,0.07,4.05,99,314,0
2026-08-02 23:36:19,9.8,87.4,327589.33,35.5,36.64,6.46,0.01,0.0,91.04,98,315,0
2026-08-02 23:36:25,16.5,86.9,340270.67,35.5,70.94,4.35,0.01,0.01,3.88,98,314,0
2026-08-02 23:36:31,18.0,85.7,371065.33,35.5,68.66,2.77,0.03,0.02,6.23,98,314,0
2026-08-02 23:36:37,13.3,88.1,307962.67,35.5,453.4,13.2,0.03,0.03,29.78,98,316,0
2026-08-02 23:36:43,15.2,87.9,314889.33,35.5,32.98,1.96,0.0,0.0,72.84,98,316,0
2026-08-02 23:36:49,59.8,87.7,319588.0,35.5,73.92,69.75,0.0,0.0,4.43,98,317,0
2026-08-02 23:36:55,68.6,88.0,312445.33,35.5,65.8,27.22,0.0,0.0,4.91,98,317,0
2026-08-02 23:37:01,51.3,88.7,293362.67,35.5,47.88,24.59,0.0,0.0,23.57,98,316,0
2026-08-02 23:37:07,54.0,87.2,331612.0,35.5,46.94,25.0,0.01,0.0,6.3,98,314,0
2026-08-02 23:37:13,41.4,88.1,307706.67,35.5,31.02,7.64,0.0,0.0,36.19,97,314,0
2026-08-02 23:37:19,56.3,89.5,271350.67,35.5,104.87,9.63,0.02,0.01,4.14,97,314,0
2026-08-02 23:37:25,77.8,89.5,271261.33,35.5,97.69,7.93,0.06,0.07,35.64,97,314,0
2026-08-02 23:37:32,67.1,90.5,247124.0,35.5,78.29,6.15,0.11,0.03,4.58,97,314,0
2026-08-02 23:37:38,60.4,90.8,239716.0,35.5,47.15,10.81,0.1,0.02,4.83,97,316,0
2026-08-02 23:37:44,54.1,90.6,244809.33,35.5,70.61,8.03,0.03,0.02,4.0,97,314,0
2026-08-02 23:37:50,77.6,90.8,238242.67,35.5,47.1,9.62,0.02,0.0,5.27,97,314,0
2026-08-02 23:37:56,68.9,90.8,237905.33,35.5,88.09,8.95,0.0,0.0,11.95,96,314,0
2026-08-02 23:38:02,49.6,91.3,226108.0,35.5,66.97,8.29,0.03,0.01,5.36,96,314,0
2026-08-02 23:38:08,98.7,92.4,196777.33,35.5,315.81,7.82,0.05,0.02,129.53,96,314,1
2026-08-02 23:38:14,42.2,92.7,189730.67,35.5,98.98,7.46,0.0,0.0,6.52,96,314,0
2026-08-02 23:38:20,60.2,93.1,178518.67,35.5,83.73,7.55,0.01,0.01,41.18,96,315,0
2026-08-02 23:38:26,55.1,93.3,172517.33,35.5,109.61,25.55,0.03,0.01,3.89,96,314,0
2026-08-02 23:38:32,18.4,92.6,190852.0,35.5,51.03,1.94,0.04,0.02,4.85,95,314,0
2026-08-02 23:38:38,7.5,93.1,179704.0,35.5,39.59,1.15,0.01,0.0,25.89,95,313,0
2026-08-02 23:38:44,33.4,93.5,169473.33,35.5,143.1,4.76,0.01,0.01,62.04,95,314,0
2026-08-02 23:38:50,25.1,89.1,282002.67,35.5,28.48,201.7,0.0,0.0,72.91,95,314,0
2026-08-02 23:38:56,17.0,84.3,405878.67,35.5,4.33,5.11,0.01,0.01,3.64,95,314,0
2026-08-02 23:39:02,23.0,86.0,362730.67,35.5,6.98,1.18,0.16,0.12,3.61,95,313,0
2026-08-02 23:39:08,28.3,87.9,313937.33,35.5,28.18,1.08,0.04,0.03,45.66,95,313,0
2026-08-02 23:39:14,15.6,86.2,359073.33,35.5,20.98,199.65,0.1,0.02,4.44,95,313,0
2026-08-02 23:39:20,15.3,86.3,356570.67,35.5,3.64,1.49,0.0,0.0,16.41,95,313,0
2026-08-02 23:39:26,13.0,85.5,377122.67,35.5,4.19,1.59,0.03,0.0,4.97,94,313,0
2026-08-02 23:39:32,9.4,85.6,374092.0,35.5,1.41,1.98,0.02,0.0,3.94,94,313,0
2026-08-02 23:39:38,15.3,85.8,368488.0,35.5,8.11,14.24,0.01,0.0,4.03,94,313,0
2026-08-02 23:39:44,13.3,85.4,379205.33,35.5,3.94,11.06,0.02,0.0,3.68,94,313,0
2026-08-02 23:39:50,24.8,85.8,367868.0,35.5,10.7,5.13,0.01,0.0,56.34,94,313,0
2026-08-02 23:39:57,17.4,86.5,349446.67,35.5,143.74,2.21,0.03,0.09,3.79,94,313,0
2026-08-02 23:40:03,8.9,86.4,352664.0,35.5,62.92,87.91,0.03,0.01,60.85,94,313,0
2026-08-02 23:40:09,4.8,86.5,350904.0,35.5,19.07,11.5,0.0,0.0,3.93,94,313,0
2026-08-02 23:40:15,3.1,87.6,320838.67,35.5,115.76,6.91,0.01,0.01,132.12,93,313,0
2026-08-02 23:40:21,4.8,87.7,319645.33,35.5,63.7,3.1,0.0,0.01,8.59,93,313,0
2026-08-02 23:40:27,14.4,88.4,301852.0,35.5,110.97,6.22,0.01,0.0,3.69,93,313,0
2026-08-02 23:40:33,17.0,89.7,267656.0,35.5,312.67,12.93,0.0,0.0,6.04,93,313,0
2026-08-02 23:40:39,14.3,90.4,249842.67,35.5,91.86,6.37,0.01,0.0,11.69,93,312,0
2026-08-02 23:40:45,12.5,90.9,235936.0,35.5,73.61,3.81,0.01,0.0,15.88,93,312,0
2026-08-02 23:40:51,3.4,91.1,231822.67,35.5,73.34,8.05,0.03,0.01,75.87,92,312,0
2026-08-02 23:40:57,5.7,91.1,230169.33,35.5,22.73,3.7,0.01,0.01,4.91,92,312,0
2026-08-02 23:41:03,9.4,91.1,230097.33,35.5,38.23,6.55,0.0,0.01,46.63,92,312,0
2026-08-02 23:41:09,19.2,91.5,221628.0,35.5,35.86,3.54,0.03,0.01,4.03,92,311,0
2026-08-02 23:41:15,14.0,91.8,211722.67,35.5,32.76,6.53,0.02,0.0,4.1,92,317,0
2026-08-02 23:41:21,21.7,92.1,203597.33,35.5,55.6,6.45,0.01,0.0,4.95,92,311,0
2026-08-02 23:41:27,11.5,91.6,219002.67,35.5,46.34,9.03,0.02,0.02,4.07,92,311,0
2026-08-02 23:41:33,4.3,92.0,208490.67,35.5,13.61,6.82,0.0,0.0,4.61,92,311,0
2026-08-02 23:41:39,17.3,92.1,205868.0,35.5,61.51,3.01,0.01,0.01,4.37,92,311,0
2026-08-02 23:41:45,37.7,91.4,221792.0,35.5,482.03,14.08,0.02,0.11,48.66,92,312,0
2026-08-02 23:41:51,10.8,91.8,212277.33,35.5,63.96,12.07,0.02,0.02,5.04,92,312,0
2026-08-02 23:41:57,8.2,91.7,215460.0,35.5,15.51,6.87,0.01,0.0,4.86,92,312,0
2026-08-02 23:42:03,25.5,91.7,213968.0,35.5,5.04,3.07,0.01,0.01,3.89,92,312,0
2026-08-02 23:42:10,10.2,91.9,210450.67,35.5,13.79,6.69,0.01,0.01,3.81,91,312,0
2026-08-02 23:42:16,25.0,91.2,227765.33,35.5,71.78,3.6,0.01,0.0,3.85,91,311,0
2026-08-02 23:42:22,4.2,89.0,284881.33,35.5,15.2,145.95,0.0,0.0,4.98,91,311,0
2026-08-02 23:42:28,6.5,89.4,275817.33,35.5,9.39,6.62,0.01,0.0,3.89,91,311,0
2026-08-02 23:42:34,21.2,89.1,281640.0,35.5,7.97,3.58,0.0,0.0,4.14,91,311,0
2026-08-02 23:42:40,6.3,89.5,271193.33,35.5,5.97,6.56,0.01,0.0,4.06,91,311,0
2026-08-02 23:42:46,13.3,89.7,266345.33,35.5,17.01,3.62,0.0,0.0,4.39,91,317,0
2026-08-02 23:42:52,15.4,89.4,275546.67,35.5,33.05,6.77,0.01,0.0,4.06,91,311,0
2026-08-02 23:42:58,8.3,89.8,263580.0,35.5,43.68,3.38,0.01,0.01,24.44,91,311,0
2026-08-02 23:43:04,10.3,89.6,270402.67,35.5,26.3,6.43,0.01,0.01,3.58,91,311,0
2026-08-02 23:43:10,14.3,91.0,233512.0,35.5,167.53,3.74,0.04,0.01,3.81,91,311,0
2026-08-02 23:43:16,17.4,91.7,214654.67,35.5,214.59,20.96,0.01,0.01,33.23,90,312,0
2026-08-02 23:43:22,19.8,91.8,213856.0,35.5,44.54,3.62,0.02,0.01,4.55,90,312,0
2026-08-02 23:43:28,12.8,91.9,211218.67,35.5,36.6,6.52,0.01,0.02,3.64,90,312,0
2026-08-02 23:43:34,11.8,92.0,206325.33,35.5,73.45,6.24,0.0,0.0,5.69,90,312,0
2026-08-02 23:43:40,12.7,92.2,201897.33,35.5,115.42,21.98,0.01,0.01,8.45,90,312,0
2026-08-02 23:43:46,14.5,91.0,234244.0,35.5,44.06,7.6,0.01,0.01,4.24,90,311,0
2026-08-02 23:43:52,41.9,84.9,391970.67,35.5,16.22,38.93,0.01,0.0,5.59,89,311,0
2026-08-02 23:43:58,7.8,79.8,523408.0,35.5,19.36,65.57,0.01,0.0,4.2,89,311,0
2026-08-02 23:44:04,6.0,79.9,520308.0,35.5,3.41,3.19,0.01,0.01,3.73,89,311,0
2026-08-02 23:44:10,10.7,80.9,494618.67,35.5,4.7,6.21,0.01,0.0,69.58,89,311,0
2026-08-02 23:44:16,46.9,81.2,487940.0,35.5,17.06,3.18,0.0,0.0,4.52,89,312,0
2026-08-02 23:44:22,31.2,81.1,491217.33,35.5,21.75,6.16,0.01,0.0,3.5,89,312,0
2026-08-02 23:44:28,4.7,81.0,491817.33,35.5,1.77,1.77,0.01,0.0,17.03,89,312,0
2026-08-02 23:44:34,5.9,81.0,493817.33,35.5,10.14,7.14,0.0,0.0,67.99,89,312,0
2026-08-02 23:44:40,6.5,80.7,499288.0,35.5,1.35,2.84,0.01,0.0,3.82,89,312,0
2026-08-02 23:44:46,5.1,81.5,480282.67,35.5,12.68,6.35,0.0,0.0,4.74,89,312,0
2026-08-02 23:44:52,4.1,81.6,478260.0,35.5,2.37,3.05,0.01,0.0,4.37,89,312,0
2026-08-02 23:44:58,13.4,81.4,483473.33,35.5,6.86,6.08,0.01,0.07,4.08,89,318,0
2026-08-02 23:45:04,9.9,81.3,485558.67,35.5,5.0,6.62,0.0,0.0,3.79,89,312,0
2026-08-02 23:45:10,4.8,81.3,484540.0,35.5,3.12,3.1,0.03,0.01,4.35,89,312,0
2026-08-02 23:45:16,4.4,81.3,485002.67,35.5,2.09,6.52,0.0,0.0,12.14,89,312,0
2026-08-02 23:45:22,6.0,81.2,488009.33,35.5,2.53,2.75,0.01,0.01,13.43,88,311,0
2026-08-02 23:45:28,11.4,81.4,482534.67,35.5,0.8,6.35,0.0,0.0,67.89,88,311,0
2026-08-02 23:45:35,3.9,81.5,479085.33,35.5,2.25,2.91,0.01,0.0,66.02,88,311,0
2026-08-02 23:45:41,42.1,82.3,459638.67,35.5,134.45,6.18,0.01,0.0,65.14,88,311,0
2026-08-02 23:45:47,15.5,82.6,451026.67,35.5,6.5,3.14,0.0,0.0,3.76,88,311,0
2026-08-02 23:45:53,14.2,82.7,448336.0,35.5,48.73,7.74,0.01,0.0,4.03,88,311,0
2026-08-02 23:45:59,12.0,82.8,444921.33,35.5,2.17,3.34,0.0,0.0,4.88,88,311,0
2026-08-02 23:46:05,12.9,82.5,453464.0,35.5,4.98,6.71,0.01,0.01,7.28,88,311,0
2026-08-02 23:46:11,9.4,82.8,445202.67,35.5,1.41,3.11,0.01,0.0,4.65,88,311,0
2026-08-02 23:46:17,22.2,83.5,427580.0,35.5,214.96,5.97,0.01,0.01,3.96,88,312,0
2026-08-02 23:46:23,5.3,83.8,418925.33,35.5,3.54,5.88,0.01,0.01,4.01,88,312,0
2026-08-02 23:46:29,12.4,83.9,418461.33,35.5,6.62,3.13,0.01,0.01,7.67,87,318,0
2026-08-02 23:46:35,14.2,83.6,424854.67,35.5,4.79,6.38,0.01,0.01,6.26,87,312,0
2026-08-02 23:46:41,7.6,83.7,422220.0,35.5,7.29,9.13,0.01,0.0,67.42,87,312,0
2026-08-02 23:46:47,6.9,83.3,433213.33,35.5,3.85,6.29,0.0,0.0,4.16,87,311,0
2026-08-02 23:46:53,9.0,83.2,435814.67,35.5,4.71,3.72,0.02,0.01,52.99,87,311,0
2026-08-02 23:46:59,5.1,83.2,435040.0,35.5,1.14,6.52,0.0,0.0,3.85,87,311,0
2026-08-02 23:47:05,3.4,83.2,435978.67,35.5,2.17,3.04,0.01,0.0,4.42,87,311,0
2026-08-02 23:47:11,7.9,83.2,435670.67,35.5,1.35,6.29,0.03,0.0,3.93,87,311,0
2026-08-02 23:47:17,13.1,83.5,427094.67,35.5,9.49,7.18,0.01,0.01,4.56,87,312,0
2026-08-02 23:47:23,6.0,83.7,422373.33,35.5,18.09,6.41,0.02,0.04,4.55,87,312,0
2026-08-02 23:47:29,8.4,83.5,427841.33,35.5,2.35,6.19,0.0,0.0,4.88,86,312,0
2026-08-02 23:47:35,5.3,83.4,430625.33,35.5,0.98,3.25,0.01,0.0,4.62,86,312,0
2026-08-02 23:47:41,5.2,83.6,426540.0,35.5,0.86,5.93,0.0,0.01,19.33,86,312,0
2026-08-02 23:47:47,5.2,83.6,426488.0,35.5,2.35,3.45,0.01,0.0,4.97,86,312,0
2026-08-02 23:47:53,5.4,83.8,420013.33,35.5,1.28,6.28,0.01,0.0,130.55,86,312,0
2026-08-02 23:48:00,12.2,83.6,426513.33,35.5,1.08,3.02,0.0,0.0,67.96,86,312,0
2026-08-02 23:48:06,3.4,83.6,426144.0,35.5,1.42,7.01,0.01,0.01,66.41,86,312,0
2026-08-02 23:48:12,3.8,83.8,421394.67,35.5,1.0,3.34,0.0,0.0,6.1,86,312,0
2026-08-02 23:48:18,10.4,84.0,416202.67,35.5,28.21,6.51,0.01,0.0,5.9,86,311,0
2026-08-02 23:48:24,9.1,84.7,396313.33,35.5,401.61,275.82,0.04,0.21,49.84,86,311,0
2026-08-02 23:48:30,6.0,84.3,407197.33,35.5,34.21,7.75,0.0,0.0,4.4,85,311,0
2026-08-02 23:48:36,33.8,87.2,331318.67,35.5,582.03,6.84,0.02,0.04,3.71,85,315,0
2026-08-02 23:48:42,21.2,87.8,316550.67,35.5,460.99,128.12,0.0,0.0,4.14,85,316,0
2026-08-02 23:48:48,17.9,87.7,318897.33,35.6,113.93,23.03,0.01,0.03,4.48,85,317,0
2026-08-02 23:48:54,29.8,86.4,352845.33,35.6,116.31,136.05,0.03,0.09,4.97,85,319,0
2026-08-02 23:49:00,18.0,84.4,403410.67,35.6,50.84,21.42,0.02,0.04,47.37,85,319,0
2026-08-02 23:49:06,18.4,84.6,398934.67,35.6,15.14,14.26,0.06,0.98,3.34,85,319,0
2026-08-02 23:49:12,14.2,84.9,390993.33,35.6,6.1,12.03,0.05,1.14,4.03,85,319,0
2026-08-02 23:49:18,4.8,82.2,462686.67,35.6,7.83,5.93,0.05,1.13,4.8,85,317,0
2026-08-02 23:49:24,20.1,82.9,444341.33,35.6,4.84,9.23,0.04,1.04,106.23,85,317,0
2026-08-02 23:49:30,6.7,83.0,439645.33,35.6,6.9,9.83,0.04,0.78,4.7,84,317,0
2026-08-02 23:49:36,13.0,83.5,427437.33,35.6,9.32,12.68,0.05,1.27,44.24,84,317,0
2026-08-02 23:49:42,3.0,84.0,415622.67,35.6,4.29,5.54,0.09,2.13,67.52,84,316,0
2026-08-02 23:49:48,11.5,84.2,410984.0,35.6,7.96,6.59,0.06,1.47,3.97,84,316,0
2026-08-02 23:49:54,15.4,84.0,414342.67,35.6,11.16,29.66,0.07,1.42,4.3,84,316,0
2026-08-02 23:50:00,3.3,84.2,410246.67,35.6,5.66,6.54,0.06,1.5,3.89,84,316,0
2026-08-02 23:50:06,9.0,84.5,401168.0,35.6,4.77,10.69,0.06,1.47,16.31,84,322,0
2026-08-02 23:50:12,10.5,84.7,397542.67,35.6,2.84,5.27,0.07,1.78,69.32,84,316,0
2026-08-02 23:50:19,6.5,84.2,408510.67,35.6,2.64,7.07,0.06,1.56,4.01,84,316,0
2026-08-02 23:50:25,25.8,84.4,405698.67,35.6,12.33,16.43,0.04,1.04,3.84,84,316,0
2026-08-02 23:50:31,6.6,83.8,420988.0,35.6,14.42,14.24,0.09,1.97,4.13,83,316,0
2026-08-02 23:50:37,6.4,84.2,410552.0,35.6,5.8,8.05,0.08,2.07,3.91,83,316,0
2026-08-02 23:50:43,7.0,85.1,387221.33,35.6,33.35,6.14,0.07,1.85,65.54,83,316,0
2026-08-02 23:50:49,9.7,85.1,386301.33,35.6,11.54,16.77,0.1,2.18,79.01,83,322,0
2026-08-02 23:50:55,13.0,85.2,383484.0,35.6,10.56,6.2,0.07,1.7,54.24,83,316,0
2026-08-02 23:51:01,8.0,85.6,374333.33,35.6,4.28,6.59,0.08,1.99,4.48,83,316,0
2026-08-02 23:51:07,3.1,85.5,376114.67,35.6,0.85,9.77,0.07,1.69,47.41,83,316,0
2026-08-02 23:51:13,6.9,85.6,374613.33,35.6,0.98,5.93,0.07,1.96,5.69,83,316,0
2026-08-02 23:51:19,15.8,85.5,377256.0,35.6,8.34,25.54,0.07,1.52,11.4,83,316,0
2026-08-02 23:51:25,18.8,86.4,352853.33,35.6,69.91,13.38,0.09,1.57,18.5,83,316,0
2026-08-02 23:51:31,7.8,86.1,359898.67,35.6,69.2,14.66,0.09,2.2,6.17,82,322,0
2026-08-02 23:51:37,15.4,86.0,364348.0,35.6,4.24,13.4,0.08,1.89,4.21,82,316,0
2026-08-02 23:51:43,4.7,86.1,361666.67,35.6,2.29,4.52,0.07,1.92,5.84,82,316,0
2026-08-02 23:51:49,3.9,86.0,363168.0,35.6,8.19,10.38,0.07,1.79,7.73,82,316,0
2026-08-02 23:51:55,2.7,86.1,360673.33,35.6,16.71,6.7,0.07,1.66,60.87,82,316,0
2026-08-02 23:52:01,3.4,86.4,353221.33,35.6,12.46,7.1,0.06,1.54,3.83,82,316,0
2026-08-02 23:52:07,16.6,86.4,352965.33,35.6,19.78,13.71,0.07,1.61,3.66,82,316,0
2026-08-02 23:52:13,15.8,86.5,350898.67,35.6,77.61,15.59,0.12,1.47,36.73,82,322,0
2026-08-02 23:52:19,18.8,86.1,359710.67,35.6,17.48,16.94,4.11,1.18,5.36,82,316,0
2026-08-02 23:52:25,5.8,86.3,356553.33,35.6,53.76,9.31,0.07,1.88,44.06,82,316,0
2026-08-02 23:52:31,7.1,85.7,371178.67,35.6,25.34,12.41,0.11,2.57,20.28,81,316,0
2026-08-02 23:52:37,3.2,85.9,364860.0,35.6,5.52,5.19,0.08,1.8,63.64,81,316,0
2026-08-02 23:52:44,2.7,86.0,364149.33,35.6,1.49,7.62,0.05,1.18,40.25,81,316,0
2026-08-02 23:52:50,6.2,85.8,369521.33,35.6,1.29,4.58,0.06,1.52,54.61,81,316,0
2026-08-02 23:52:56,9.7,85.9,364673.33,35.6,17.4,10.04,0.05,1.23,21.81,81,315,0
2026-08-02 23:53:02,25.1,86.2,356698.67,35.6,14.93,16.82,0.06,1.61,3.97,81,315,0
2026-08-02 23:53:08,10.9,86.3,355392.0,35.6,70.64,18.07,0.05,1.22,3.87,81,315,0
2026-08-02 23:53:14,10.6,86.1,359773.33,35.6,6.67,9.25,0.09,2.18,3.79,80,315,0
2026-08-02 23:53:20,6.0,86.2,356824.0,35.6,33.07,10.48,0.06,1.32,4.07,80,316,0
2026-08-02 23:53:26,2.9,86.4,353062.67,35.6,45.88,6.79,0.06,1.4,4.08,80,316,0
2026-08-02 23:53:32,3.6,86.6,348558.67,35.6,40.75,6.01,0.07,1.82,3.94,80,316,0
2026-08-02 23:53:38,14.0,86.8,342092.0,35.6,57.21,12.08,0.08,2.24,7.01,80,320,0
2026-08-02 23:53:44,9.5,86.5,349469.33,35.6,27.59,13.18,0.09,1.75,93.03,80,315,0
2026-08-02 23:53:50,9.5,85.5,377233.33,35.6,696.73,171.57,0.07,1.85,4.39,80,316,0
2026-08-02 23:53:56,14.8,83.1,438742.67,35.6,214.54,28.13,0.07,1.77,35.65,80,317,0
2026-08-02 23:54:02,11.3,83.2,434668.0,35.6,11.87,20.38,0.08,1.69,60.94,80,317,0
2026-08-02 23:54:08,3.1,83.4,431382.67,35.6,11.43,3.92,0.08,1.99,64.08,80,317,0
2026-08-02 23:54:14,4.1,83.7,422380.0,35.6,12.91,9.64,0.1,2.37,4.99,80,317,0
2026-08-02 23:54:20,17.7,83.9,416709.33,35.6,2.45,12.91,0.07,1.87,3.65,80,323,0
2026-08-02 23:54:26,15.1,83.6,424185.33,35.6,15.79,12.65,0.08,1.76,4.23,79,317,0
2026-08-02 23:54:32,2.7,85.6,372573.33,35.6,230.3,13.28,0.09,2.3,16.15,79,317,0
2026-08-02 23:54:38,14.3,85.7,371765.33,35.6,5.88,9.25,0.07,1.83,68.1,79,316,0
2026-08-02 23:54:44,13.2,85.7,369857.33,35.6,57.5,13.2,0.09,2.2,73.92,79,316,0
2026-08-02 23:54:51,2.0,86.0,362593.33,35.6,68.43,4.34,0.09,2.23,4.47,79,316,0
2026-08-02 23:54:57,11.4,86.3,355528.0,35.6,14.38,14.03,0.07,1.7,4.16,79,316,0
2026-08-02 23:55:03,16.7,86.4,351708.0,35.6,86.06,16.07,0.06,1.49,8.7,79,323,0
2026-08-02 23:55:09,14.8,87.5,324362.67,35.6,116.97,22.01,0.05,0.89,4.51,79,319,0
2026-08-02 23:55:15,43.1,88.3,303300.0,35.6,115.34,7.92,0.07,1.43,4.53,79,319,0
2026-08-02 23:55:21,16.6,83.7,422500.0,35.6,85.76,271.27,0.05,1.09,4.5,79,318,0
2026-08-02 23:55:27,6.1,83.9,416904.0,35.6,2.92,2.77,0.06,1.2,40.67,78,318,0
2026-08-02 23:55:33,3.8,84.8,395388.0,35.6,196.38,6.68,0.04,0.81,29.69,78,319,0
2026-08-02 23:55:39,2.2,84.7,396245.33,35.6,24.34,4.65,0.08,1.96,118.36,78,319,0
2026-08-02 23:55:45,7.3,85.4,378297.33,35.6,55.3,9.69,0.07,1.58,3.45,78,325,0
2026-08-02 23:55:51,25.2,85.7,369769.33,35.6,102.47,6.48,0.08,1.96,47.58,78,319,0
2026-08-02 23:55:57,3.9,86.4,352440.0,35.6,186.42,21.41,0.05,1.09,6.76,78,319,0
2026-08-02 23:56:03,9.8,85.8,369366.67,35.6,30.63,4.66,0.05,1.1,4.07,78,318,0
2026-08-02 23:56:09,2.4,86.0,364320.0,35.6,29.92,10.91,0.03,0.65,4.24,78,318,0
2026-08-02 23:56:15,4.5,85.9,365740.0,35.6,28.71,3.47,0.02,0.46,4.11,78,318,0
2026-08-02 23:56:21,2.9,85.3,380156.0,35.6,33.08,14.68,0.01,0.04,4.84,78,318,0
2026-08-02 23:56:27,5.3,85.4,377860.0,35.6,21.38,6.32,0.02,0.02,62.38,77,318,0
2026-08-02 23:56:33,8.3,85.5,376188.0,35.6,2.29,3.01,0.01,0.01,8.34,77,318,0
2026-08-02 23:56:39,2.0,85.5,375636.0,35.6,1.29,6.25,0.0,0.0,4.26,77,318,0
2026-08-02 23:56:45,14.0,85.1,385776.0,35.6,1.05,3.3,0.01,0.0,4.7,77,318,0
2026-08-02 23:56:51,2.6,85.4,377354.67,35.6,1.16,6.09,0.0,0.0,4.05,77,318,0
2026-08-02 23:56:57,6.1,85.5,376930.67,35.6,1.46,3.2,0.01,0.0,3.47,77,318,0
2026-08-02 23:57:03,1.3,85.6,373150.67,35.6,4.49,6.02,0.01,0.0,54.54,77,318,0
2026-08-02 23:57:09,2.9,85.4,378832.0,35.6,27.03,3.27,0.0,0.0,69.06,77,318,0
2026-08-02 23:57:15,7.8,85.7,371514.67,35.6,7.77,6.22,0.01,0.0,69.39,77,318,0
2026-08-02 23:57:22,1.8,85.1,386337.33,35.6,4.32,13.09,0.01,0.01,3.51,77,317,0
2026-08-02 23:57:28,3.1,85.0,389041.33,35.6,0.61,3.05,0.01,0.0,52.57,76,317,0
2026-08-02 23:57:34,1.6,85.1,385857.33,35.6,1.5,5.89,0.01,0.0,11.94,76,317,0
2026-08-02 23:57:40,9.2,85.0,389866.67,35.6,0.98,3.09,0.0,0.01,7.65,76,317,0
2026-08-02 23:57:46,2.1,85.0,387926.67,35.6,1.15,6.17,0.01,0.0,4.57,76,317,0
2026-08-02 23:57:52,1.9,85.0,389325.33,35.6,1.42,3.08,0.0,0.0,6.29,76,316,0
2026-08-02 23:57:58,10.3,84.9,391504.0,35.6,1.53,6.37,0.01,0.0,3.85,76,316,0
2026-08-02 23:58:04,5.9,85.2,384548.0,35.6,2.87,3.06,0.0,0.0,56.61,76,315,0
2026-08-02 23:58:10,3.1,85.4,379914.67,35.6,1.32,6.77,0.01,0.0,5.43,76,315,0
2026-08-02 23:58:16,6.8,85.2,383237.33,35.6,3.13,5.99,0.01,0.0,131.65,76,315,0
2026-08-02 23:58:22,4.1,85.3,380169.33,35.6,23.42,3.02,0.0,0.0,6.55,76,314,0
2026-08-02 23:58:28,5.0,85.3,381177.33,35.6,32.32,6.38,0.01,0.0,53.65,75,314,0
2026-08-02 23:58:34,9.3,85.2,384729.33,35.6,30.88,3.02,0.0,0.0,4.25,75,314,0
2026-08-02 23:58:40,12.8,85.8,367154.67,35.6,138.48,32.67,0.01,0.01,4.33,75,314,0
2026-08-02 23:58:46,4.8,84.9,392202.67,35.6,30.0,5.38,0.01,0.01,3.86,75,314,0
2026-08-02 23:58:52,1.9,85.0,389704.0,35.6,10.51,6.75,0.01,0.01,13.96,75,314,0
2026-08-02 23:58:58,7.5,85.2,384270.67,35.6,14.16,3.2,0.02,0.01,4.8,75,314,0
2026-08-02 23:59:04,8.5,85.3,380674.67,35.6,17.77,7.0,0.01,0.01,50.34,75,314,0
2026-08-02 23:59:10,5.3,85.3,380954.67,35.6,9.72,11.98,0.01,0.03,58.83,75,314,0
2026-08-02 23:59:16,10.7,85.6,374721.33,35.6,31.25,3.45,0.01,0.01,77.27,75,314,0
2026-08-02 23:59:22,9.8,85.6,374205.33,35.6,1.52,6.19,0.0,0.0,3.69,75,314,0
2026-08-02 23:59:29,4.3,85.6,374085.33,35.6,1.82,3.38,0.01,0.0,5.05,74,314,0
2026-08-02 23:59:35,2.7,85.8,367212.0,35.6,38.92,6.27,0.0,0.0,29.36,74,314,0
2026-08-02 23:59:41,2.1,85.6,373637.33,35.6,75.53,2.95,0.01,0.01,4.38,74,314,0
2026-08-02 23:59:47,3.2,85.6,373268.0,35.6,47.04,7.6,0.01,0.0,45.57,74,314,0
2026-08-02 23:59:53,1.9,85.6,373205.33,35.6,37.18,3.11,0.0,0.01,4.22,74,314,0
2026-08-02 23:59:59,13.0,85.6,372973.33,35.6,39.16,6.82,0.02,0.08,49.58,74,314,0
2026-08-03 00:00:05,28.2,88.4,299718.67,35.6,322.08,122.06,0.0,0.01,5.21,74,317,0
2026-08-03 00:00:11,11.7,87.4,327764.0,35.6,220.98,165.04,0.01,0.0,56.65,74,314,0
2026-08-03 00:00:17,4.2,87.8,317425.33,35.6,43.01,8.62,0.0,0.0,66.02,74,314,0
2026-08-03 00:00:23,5.4,87.5,324629.33,35.6,37.45,3.26,0.01,0.0,68.51,73,313,0
2026-08-03 00:00:29,9.8,87.5,323964.0,35.6,30.06,5.96,0.01,0.01,8.88,73,313,0
2026-08-03 00:00:35,2.4,87.6,320433.33,35.6,50.19,3.45,0.0,0.0,3.72,73,313,0
2026-08-03 00:00:41,3.3,87.6,320961.33,35.6,46.93,7.29,0.01,0.0,60.69,73,313,0
2026-08-03 00:00:47,11.4,87.6,320785.33,35.6,68.55,3.29,0.0,0.0,35.46,73,313,0
2026-08-03 00:00:53,5.2,87.7,319226.67,35.6,62.28,6.47,0.01,0.0,3.57,73,313,0
2026-08-03 00:00:59,7.3,87.9,312534.67,35.6,61.39,5.69,0.01,0.0,3.91,73,313,0
2026-08-03 00:01:05,13.0,87.8,316032.0,35.6,76.34,4.86,0.01,0.01,37.1,73,312,0
2026-08-03 00:01:11,11.3,86.6,346825.33,35.6,381.39,5.14,0.01,0.01,36.21,73,313,0
2026-08-03 00:01:17,8.8,86.7,344741.33,35.6,33.85,3.37,0.0,0.0,27.52,73,314,0
2026-08-03 00:01:23,6.5,86.8,341362.67,35.6,8.7,6.15,0.01,0.01,9.86,73,314,0
2026-08-03 00:01:29,11.6,86.8,342964.0,35.6,23.53,26.66,0.01,0.0,4.33,72,314,0
2026-08-03 00:01:35,8.1,86.7,346158.67,35.6,1.95,7.12,0.0,0.0,40.84,72,314,0
2026-08-03 00:01:42,7.6,85.9,366074.67,35.6,2.96,3.02,0.01,0.01,81.61,72,313,0
2026-08-03 00:01:48,7.4,86.4,353161.33,35.6,23.75,6.87,0.01,0.02,3.96,72,314,0
2026-08-03 00:01:54,7.7,86.2,357221.33,35.6,4.73,6.66,0.01,0.0,41.44,72,315,0
2026-08-03 00:02:00,6.1,86.3,354576.0,35.6,1.32,3.18,0.01,0.0,5.52,72,314,0
2026-08-03 00:02:06,6.3,86.4,352800.0,35.6,1.78,11.8,0.0,0.0,4.44,72,314,0
2026-08-03 00:02:12,10.3,86.5,350058.67,35.6,7.09,3.04,0.01,0.01,40.02,72,314,0
2026-08-03 00:02:18,12.4,86.5,349418.67,35.6,0.89,6.13,0.01,0.0,4.82,72,314,0
2026-08-03 00:02:24,6.2,86.6,346456.0,35.6,2.38,2.95,0.01,0.0,4.03,72,313,0
2026-08-03 00:02:30,4.1,86.5,348960.0,35.6,0.64,6.1,0.0,0.0,33.9,72,313,0
2026-08-03 00:02:36,7.7,86.8,343104.0,35.6,36.48,3.09,0.01,0.0,4.68,71,313,0
2026-08-03 00:02:42,9.6,86.9,338974.67,35.6,13.24,6.08,0.01,0.01,48.91,71,315,0
2026-08-03 00:02:48,11.7,87.1,333394.67,35.6,13.92,7.09,0.01,0.01,4.87,71,313,0
2026-08-03 00:02:54,11.6,87.0,337470.67,35.6,22.23,3.02,0.01,0.0,9.54,71,313,0
2026-08-03 00:03:00,7.4,87.1,335370.67,35.6,24.82,6.58,0.01,0.0,3.79,71,313,0
2026-08-03 00:03:06,3.6,87.3,328598.67,35.6,68.67,3.23,0.01,0.0,24.46,71,313,0
2026-08-03 00:03:12,4.8,87.4,327461.33,35.6,36.93,7.16,0.01,0.0,4.26,71,312,0
2026-08-03 00:03:18,12.9,87.3,328748.0,35.6,30.31,3.28,0.0,0.0,4.73,71,312,0
2026-08-03 00:03:24,10.7,87.2,332093.33,35.6,31.21,6.67,0.01,0.0,9.69,71,312,0
2026-08-03 00:03:30,5.9,87.2,330677.33,35.6,16.21,3.29,0.0,0.0,4.16,71,312,0
2026-08-03 00:03:36,13.7,87.4,326908.0,35.6,14.75,6.76,0.01,0.0,72.29,71,312,0
2026-08-03 00:03:42,12.4,87.1,333681.33,35.6,43.4,7.39,0.01,0.0,4.65,71,312,0
2026-08-03 00:03:48,3.3,87.1,334716.0,35.6,28.96,3.57,0.0,0.0,4.01,71,312,0
2026-08-03 00:03:54,4.2,87.1,333436.0,35.6,25.16,6.68,0.01,0.0,3.84,71,312,0
2026-08-03 00:04:00,3.9,87.4,328045.33,35.6,44.53,3.46,0.01,0.0,11.57,70,312,0
2026-08-03 00:04:06,9.2,87.0,337945.33,35.6,46.35,10.24,0.01,0.01,4.24,70,312,0
2026-08-03 00:04:12,12.1,86.7,344897.33,35.6,22.27,7.97,0.01,0.02,48.37,70,312,0
2026-08-03 00:04:18,25.5,87.8,316844.0,35.6,24.82,14.54,4.18,0.17,3.7,70,312,0
2026-08-03 00:04:25,9.2,84.0,414198.67,35.6,50.23,101.62,0.01,0.0,4.22,70,312,0
2026-08-03 00:04:31,11.2,81.9,468209.33,35.6,7.06,6.23,0.0,0.0,5.01,70,312,0
2026-08-03 00:04:37,6.6,79.8,524981.33,35.6,1.9,6.17,0.01,0.0,3.54,69,312,0
2026-08-03 00:04:43,7.8,79.9,521245.33,35.6,1.26,3.04,0.01,0.0,14.69,69,312,0
2026-08-03 00:04:49,11.4,81.1,490150.67,35.6,93.71,6.44,0.01,0.01,4.7,69,313,0
2026-08-03 00:04:55,9.0,81.1,489582.67,35.6,1.4,3.23,0.01,0.0,47.03,69,313,0
2026-08-03 00:05:01,12.5,81.2,488518.67,35.6,6.04,6.56,0.01,0.07,3.74,69,313,0
2026-08-03 00:05:07,3.9,81.6,477437.33,35.6,8.3,2.96,0.01,0.0,3.82,69,313,0
2026-08-03 00:05:13,8.5,81.7,474413.33,35.6,9.81,6.55,0.01,0.01,3.91,69,313,0
2026-08-03 00:05:19,5.7,81.8,471453.33,35.6,2.24,3.19,0.01,0.0,16.99,69,313,0
2026-08-03 00:05:25,6.0,81.9,470310.67,35.6,0.5,6.17,0.01,0.01,13.33,69,313,0
2026-08-03 00:05:31,3.9,82.0,467502.67,35.6,0.79,6.35,0.0,0.01,4.27,69,313,0
2026-08-03 00:05:37,6.4,82.0,466778.67,35.6,0.8,3.1,0.01,0.0,50.0,69,313,0
2026-08-03 00:05:43,10.8,81.7,475137.33,35.6,0.9,5.83,0.0,0.0,50.68,69,313,0
2026-08-03 00:05:49,5.0,81.7,473776.0,35.6,4.52,3.63,0.01,0.0,4.87,69,313,0
2026-08-03 00:05:55,6.0,81.9,468776.0,35.6,1.07,6.59,0.01,0.0,5.46,68,313,0
2026-08-03 00:06:01,5.9,82.0,466597.33,35.6,1.91,4.99,0.01,0.0,6.88,68,313,0
2026-08-03 00:06:07,6.3,81.9,468430.67,35.6,1.17,3.55,0.01,0.01,93.8,68,313,0
2026-08-03 00:06:13,7.4,82.1,463864.0,35.6,11.57,6.25,0.0,0.0,4.38,68,313,0
2026-08-03 00:06:19,5.6,82.0,466686.67,35.6,2.7,3.0,0.01,0.0,54.29,68,312,0
2026-08-03 00:06:25,9.5,82.1,465245.33,35.6,3.06,6.26,0.01,0.0,4.44,68,311,0
2026-08-03 00:06:31,11.0,82.0,467858.67,35.6,2.4,6.54,0.01,0.01,5.58,68,311,0
2026-08-03 00:06:37,3.5,82.0,467049.33,35.6,1.55,3.58,0.01,0.0,32.61,67,311,0
2026-08-03 00:06:43,5.6,82.1,464477.33,35.6,1.0,6.17,0.01,0.01,9.93,67,311,0
2026-08-03 00:06:49,3.6,82.2,460670.67,35.6,1.66,3.18,0.01,0.0,158.09,67,311,0
2026-08-03 00:06:56,4.0,83.7,423686.67,35.6,90.26,6.18,0.01,0.01,4.05,67,311,0
2026-08-03 00:07:02,3.6,83.5,426916.0,35.6,0.4,3.02,0.01,0.0,59.27,67,311,0
2026-08-03 00:07:08,8.3,83.3,432217.33,35.6,9.91,7.95,0.01,0.0,68.53,67,311,0
2026-08-03 00:07:14,3.0,83.3,432773.33,35.6,0.43,3.18,0.0,0.0,150.49,67,311,0
2026-08-03 00:07:20,5.4,83.4,431625.33,35.6,2.94,8.55,0.01,0.0,72.6,67,311,0
2026-08-03 00:07:26,3.6,83.5,427508.0,35.6,2.46,12.41,0.01,0.01,4.63,67,311,0
2026-08-03 00:07:32,12.9,83.7,423434.67,35.6,3.83,3.27,0.01,0.01,4.17,67,311,0
2026-08-03 00:07:38,3.7,83.8,421090.67,35.6,1.44,6.54,0.01,0.0,3.95,67,311,0
2026-08-03 00:07:44,18.6,83.5,428082.67,35.6,35.25,19.21,0.01,0.01,18.15,67,317,0
2026-08-03 00:07:50,12.3,83.9,416954.67,35.6,2.54,11.43,0.01,0.0,5.47,67,311,0
2026-08-03 00:07:56,8.0,84.0,415026.67,35.6,0.44,3.29,0.01,0.0,47.78,67,311,0
2026-08-03 00:08:02,3.8,84.1,413033.33,35.6,0.98,5.96,0.01,0.0,72.77,66,311,0
2026-08-03 00:08:08,7.5,84.1,413046.67,35.6,0.2,6.84,0.01,0.01,4.0,66,311,0
2026-08-03 00:08:14,4.2,84.2,410509.33,35.6,0.75,3.02,0.0,0.0,5.12,66,311,0
2026-08-03 00:08:20,3.3,84.2,408764.0,35.6,1.26,7.14,0.01,0.0,37.12,66,311,0
2026-08-03 00:08:26,2.7,84.2,409160.0,35.6,0.18,2.99,0.0,0.0,4.0,66,312,0
2026-08-03 00:08:32,10.1,84.2,409614.67,35.6,10.48,6.25,0.02,0.09,84.06,66,311,0
2026-08-03 00:08:38,22.1,84.9,391184.0,35.6,1.32,3.3,0.01,0.0,30.19,66,311,0
2026-08-03 00:08:45,7.5,83.7,422514.67,35.6,0.72,16.95,0.0,0.0,78.15,66,311,0
2026-08-03 00:08:51,5.5,84.0,415292.0,35.6,0.25,2.96,0.01,0.0,74.46,65,311,0
2026-08-03 00:08:57,2.0,84.0,413782.67,35.6,1.97,7.41,0.0,0.0,3.85,65,311,0
2026-08-03 00:09:03,2.1,84.1,412453.33,35.6,1.39,6.51,0.01,0.0,43.72,65,311,0
2026-08-03 00:09:09,7.4,83.9,417338.67,35.6,4.32,3.4,0.01,0.04,145.18,65,317,0
2026-08-03 00:09:15,11.9,83.7,422452.0,35.6,15.37,10.05,0.01,0.03,3.68,65,311,0
2026-08-03 00:09:21,7.6,84.3,407526.67,35.6,46.05,28.69,0.01,0.01,51.66,65,311,0
2026-08-03 00:09:27,2.6,84.5,401386.67,35.6,5.57,10.59,0.0,0.0,5.02,65,311,0
2026-08-03 00:09:33,4.5,84.4,405617.33,35.6,0.69,3.17,0.01,0.0,3.6,65,311,0
2026-08-03 00:09:39,2.7,84.5,400857.33,35.6,3.64,9.16,0.01,0.0,3.85,65,311,0
2026-08-03 00:09:45,2.6,84.7,397710.67,35.6,1.81,3.2,0.0,0.0,17.47,65,311,0
2026-08-03 00:09:51,3.7,84.5,402832.0,35.6,4.46,8.86,0.01,0.0,3.67,65,311,0
2026-08-03 00:09:57,10.3,84.5,402680.0,35.6,12.02,8.64,0.01,0.08,4.28,65,311,0
2026-08-03 00:10:03,2.4,84.4,404724.0,35.6,0.43,2.93,0.01,0.0,15.99,65,311,0
2026-08-03 00:10:09,3.1,84.5,402432.0,35.6,1.05,6.12,0.01,0.0,7.27,64,311,0
2026-08-03 00:10:15,2.4,84.5,402320.0,35.6,8.21,3.69,0.0,0.0,5.26,64,311,0
2026-08-03 00:10:21,4.5,84.5,401550.67,35.6,11.38,6.25,0.01,0.01,5.7,64,311,0
2026-08-03 00:10:27,2.5,84.7,396442.67,35.6,41.08,2.91,0.0,0.0,4.94,64,311,0
2026-08-03 00:10:33,6.8,84.6,398513.33,35.6,26.6,6.23,0.01,0.0,124.3,64,311,0
2026-08-03 00:10:40,13.9,84.5,402488.0,35.6,16.63,3.03,0.01,0.0,4.4,64,311,0
2026-08-03 00:10:46,4.8,84.7,398024.0,35.6,23.58,6.42,0.0,0.0,3.92,64,311,0
2026-08-03 00:10:52,4.7,84.7,397033.33,35.6,44.84,6.08,0.01,0.0,176.85,64,311,0
2026-08-03 00:10:58,4.2,84.8,393725.33,35.6,40.54,9.05,0.01,0.0,5.51,64,311,0
2026-08-03 00:11:04,1.4,84.5,401745.33,35.6,27.77,4.46,0.01,0.0,83.01,64,311,0
2026-08-03 00:11:10,1.3,84.6,398630.67,35.6,0.55,3.3,0.01,0.01,38.74,64,311,0
2026-08-03 00:11:16,3.3,84.8,394237.33,35.6,31.74,6.29,0.01,0.0,8.69,63,312,0
2026-08-03 00:11:22,7.5,84.7,395954.67,35.6,39.9,2.89,0.01,0.0,4.64,63,311,0
2026-08-03 00:11:28,2.0,84.6,398898.67,35.6,7.94,6.19,0.01,0.01,3.7,63,311,0
2026-08-03 00:11:34,1.8,84.7,395978.67,35.6,2.52,3.22,0.01,0.01,4.87,63,311,0
2026-08-03 00:11:40,2.3,84.9,392494.67,35.6,4.84,6.77,0.0,0.0,5.38,63,311,0
2026-08-03 00:11:46,6.5,84.8,393846.67,35.6,50.03,3.05,0.01,0.0,3.98,63,311,0
2026-08-03 00:11:52,4.1,85.0,390037.33,35.6,34.98,6.09,0.01,0.0,141.5,63,311,0
2026-08-03 00:11:58,1.2,84.8,394344.0,35.6,37.21,6.43,0.0,0.0,4.14,63,311,0
2026-08-03 00:12:04,8.1,85.0,390149.33,35.6,45.91,2.96,0.01,0.0,12.36,63,311,0
2026-08-03 00:12:10,1.3,84.9,392388.0,35.6,18.86,6.23,0.01,0.01,4.06,63,311,0
2026-08-03 00:12:16,5.8,84.8,393448.0,35.6,33.13,3.12,0.01,0.0,18.01,62,311,0
2026-08-03 00:12:22,4.3,85.1,386118.67,35.6,24.93,5.9,0.01,0.0,3.68,62,311,0
2026-08-03 00:12:28,3.0,85.1,387384.0,35.6,50.66,2.97,0.0,0.0,4.19,62,311,0
2026-08-03 00:12:34,3.0,85.1,385613.33,35.6,33.9,5.9,0.01,0.0,3.82,62,311,0
2026-08-03 00:12:40,3.4,85.1,386700.0,35.6,41.51,3.11,0.0,0.0,21.4,62,311,0
2026-08-03 00:12:47,9.3,85.0,388878.67,35.6,19.29,6.22,0.01,0.01,68.68,62,311,0
2026-08-03 00:12:53,2.4,85.0,388404.0,35.6,22.75,6.05,0.01,0.0,4.5,62,311,0
2026-08-03 00:12:59,14.4,85.9,366504.0,35.6,138.48,3.33,0.03,0.08,3.7,62,313,0
2026-08-03 00:13:05,9.5,86.6,348188.0,35.6,99.21,9.73,0.02,0.02,43.67,62,313,0
2026-08-03 00:13:11,10.7,86.8,341866.67,35.6,71.66,35.99,0.0,0.0,4.01,62,313,0
2026-08-03 00:13:17,14.5,86.9,339033.33,35.6,89.11,28.97,0.01,0.0,4.14,61,313,0
2026-08-03 00:13:23,1.5,87.0,336041.33,35.6,71.43,11.32,0.01,0.0,4.56,61,313,0
2026-08-03 00:13:29,11.3,87.3,330226.67,35.6,39.3,5.09,0.66,0.05,34.61,61,312,0
2026-08-03 00:13:35,13.9,87.0,337834.67,35.6,28.03,3.1,0.01,0.0,73.44,61,311,0
2026-08-03 00:13:41,5.5,86.9,339038.67,35.6,93.56,26.45,0.01,0.01,7.26,61,311,0
2026-08-03 00:13:47,1.3,86.8,341218.67,35.6,40.84,7.8,0.01,0.0,51.0,61,311,0
2026-08-03 00:13:53,2.2,86.9,339572.0,35.6,41.07,3.88,0.01,0.0,67.68,61,311,0
2026-08-03 00:13:59,10.9,87.2,330900.0,35.6,58.44,9.6,0.01,0.01,68.28,61,311,0
2026-08-03 00:14:05,7.9,87.3,329634.67,35.6,27.73,37.01,0.01,0.0,4.38,61,311,0
2026-08-03 00:14:11,8.2,87.1,333478.67,35.6,60.17,20.46,0.0,0.0,4.96,61,311,0
2026-08-03 00:14:17,19.2,87.1,334944.0,35.6,12.07,0.94,0.01,0.0,7.31,60,311,0
2026-08-03 00:14:23,7.0,87.3,328289.33,35.6,29.6,7.32,0.02,0.01,189.21,60,312,0
2026-08-03 00:14:29,3.1,87.3,330584.0,35.6,58.66,3.28,0.01,0.0,4.09,60,312,0
2026-08-03 00:14:35,0.7,87.1,333470.67,35.6,27.47,6.46,0.01,0.0,126.47,60,311,0
2026-08-03 00:14:42,2.0,87.2,332289.33,35.6,47.7,3.17,0.0,0.0,7.68,60,311,0
2026-08-03 00:14:48,1.0,87.2,332304.0,35.6,30.47,6.73,0.01,0.0,5.19,60,315,0
2026-08-03 00:14:54,8.0,87.5,324400.0,35.6,51.09,3.26,0.0,0.0,3.31,60,311,0
2026-08-03 00:15:00,4.9,87.4,326901.33,35.6,67.32,6.28,0.01,0.08,16.18,60,311,0
2026-08-03 00:15:06,4.1,87.4,327849.33,35.6,91.13,5.87,0.01,0.01,3.91,60,310,0
2026-08-03 00:15:12,3.3,87.6,322502.67,35.6,44.81,3.26,0.0,0.0,44.86,59,310,0
2026-08-03 00:15:18,3.1,87.4,327078.67,35.6,54.36,6.13,0.01,0.0,4.04,59,310,0
2026-08-03 00:15:24,6.3,87.3,330466.67,35.6,32.51,2.92,0.0,0.0,4.08,59,310,0
2026-08-03 00:15:30,2.6,87.2,332781.33,35.6,24.89,7.25,0.01,0.0,4.84,59,314,0
2026-08-03 00:15:36,9.0,84.9,392089.33,35.6,87.04,225.74,0.01,0.0,5.9,59,310,0
2026-08-03 00:15:42,0.9,84.9,391174.67,35.6,13.66,6.5,0.0,0.0,87.72,59,310,0
2026-08-03 00:15:48,0.5,85.0,389428.0,35.6,7.19,3.07,0.01,0.0,3.96,59,310,0
2026-08-03 00:15:54,33.2,86.7,344404.0,35.6,398.17,21.41,0.02,0.01,4.06,59,312,0
2026-08-03 00:16:00,7.8,87.5,324616.0,35.6,158.66,16.24,0.01,0.01,16.69,59,313,0
2026-08-03 00:16:06,10.9,87.3,330560.0,35.6,18.9,4.66,0.01,0.01,4.05,59,313,0
2026-08-03 00:16:12,4.2,86.8,341342.67,35.6,18.63,3.43,0.02,0.0,4.11,58,319,0
2026-08-03 00:16:18,10.7,86.7,345765.33,35.6,1.69,6.11,0.01,0.0,3.73,58,313,0
2026-08-03 00:16:24,3.0,86.6,347026.67,35.6,3.11,5.95,0.01,0.0,99.6,58,312,0
2026-08-03 00:16:30,1.8,86.0,362109.33,35.6,3.3,3.12,0.01,0.0,8.43,58,311,0
2026-08-03 00:16:36,2.2,85.8,368908.0,35.6,0.83,6.32,0.01,0.0,46.92,58,311,0
2026-08-03 00:16:42,5.8,86.0,363461.33,35.6,0.88,3.14,0.0,0.0,3.47,58,311,0
2026-08-03 00:16:48,1.8,86.0,363844.0,35.6,0.36,6.28,0.01,0.0,52.58,58,311,0
2026-08-03 00:16:55,6.4,86.3,356310.67,35.6,0.69,3.04,0.0,0.0,4.44,57,315,0
2026-08-03 00:17:01,13.0,86.6,347864.0,35.6,125.5,6.32,0.01,0.01,4.78,57,312,0
2026-08-03 00:17:07,3.6,86.5,350281.33,35.6,54.88,3.0,0.01,0.01,4.33,57,312,0
2026-08-03 00:17:13,2.3,86.6,347777.33,35.6,82.92,6.12,0.01,0.0,4.32,57,312,0
2026-08-03 00:17:19,8.4,86.6,346800.0,35.6,40.63,6.02,0.01,0.0,73.39,57,312,0
2026-08-03 00:17:25,2.2,86.7,345706.67,35.6,59.14,3.02,0.01,0.03,4.75,57,312,0
2026-08-03 00:17:31,3.0,86.0,364038.67,35.6,45.83,2.03,0.01,0.01,3.65,57,311,0
2026-08-03 00:17:37,10.4,85.9,365317.33,35.6,2.32,5.94,0.0,0.0,115.74,57,317,0
2026-08-03 00:17:43,11.6,86.2,357626.67,35.6,1.29,13.2,0.01,0.0,6.24,57,311,0
2026-08-03 00:17:49,7.9,86.3,354906.67,35.6,1.0,3.17,0.01,0.0,48.01,57,311,0
2026-08-03 00:17:55,4.2,86.1,360353.33,35.6,1.33,5.99,0.0,0.0,8.16,57,312,0
2026-08-03 00:18:01,10.1,86.2,356948.0,35.6,1.97,15.23,0.01,0.0,6.66,57,312,0
2026-08-03 00:18:07,3.0,86.3,355509.33,35.6,1.6,6.27,0.01,0.0,4.2,57,312,0
2026-08-03 00:18:13,4.4,86.2,358128.0,35.6,14.25,3.2,0.01,0.01,15.05,56,312,0
2026-08-03 00:18:19,8.4,86.2,357786.67,35.6,4.67,5.94,0.01,0.0,64.3,56,318,0
2026-08-03 00:18:25,12.8,86.0,364185.33,35.6,0.57,2.87,0.0,0.0,70.47,56,312,0
2026-08-03 00:18:31,7.0,86.1,360028.0,35.6,2.67,12.21,0.67,0.15,4.81,56,312,0
2026-08-03 00:18:37,16.4,86.4,351913.33,35.6,63.71,8.51,0.87,0.15,4.21,56,316,0
2026-08-03 00:18:43,6.3,87.6,321774.67,35.6,43.94,5.98,0.11,0.17,5.93,56,315,0
2026-08-03 00:18:49,8.0,86.4,353589.33,35.6,8.02,12.48,0.01,0.02,4.16,56,315,0
2026-08-03 00:18:55,8.0,86.6,346389.33,35.6,0.37,3.2,0.0,0.0,4.07,56,315,0
2026-08-03 00:19:01,9.0,86.4,352409.33,35.6,0.41,6.41,0.01,0.0,4.8,56,320,0
2026-08-03 00:19:07,11.3,86.3,355084.0,35.6,1.17,3.48,0.01,0.0,39.08,56,314,0
2026-08-03 00:19:13,5.5,87.7,318276.0,35.6,82.73,15.1,0.02,0.02,154.39,55,318,0
2026-08-03 00:19:20,4.1,87.6,321537.33,35.6,47.49,7.18,0.01,0.01,4.69,55,318,0
2026-08-03 00:19:26,4.8,87.5,324184.0,35.6,47.22,3.77,0.01,0.0,3.62,55,318,0
2026-08-03 00:19:32,6.3,87.5,325389.33,35.6,11.52,6.42,0.01,0.0,46.76,55,317,0
2026-08-03 00:19:38,13.6,85.9,366884.0,35.6,45.98,3.52,0.0,0.01,3.71,55,317,0
2026-08-03 00:19:44,12.1,85.8,368178.67,35.6,4.29,6.59,0.01,0.0,7.91,55,322,0
2026-08-03 00:19:50,16.8,86.2,358193.33,35.6,0.85,2.93,0.0,0.0,4.34,55,316,0
2026-08-03 00:19:56,5.6,85.9,364837.33,35.6,1.41,6.76,0.01,0.0,179.57,55,315,0
2026-08-03 00:20:02,15.1,85.9,365621.33,35.6,0.68,3.04,0.01,0.09,3.98,55,315,0
2026-08-03 00:20:08,6.4,86.2,358184.0,35.6,1.54,6.71,0.01,0.0,3.83,54,315,0
2026-08-03 00:20:14,4.7,86.1,359485.33,35.6,0.47,6.74,0.01,0.0,38.61,54,315,0
2026-08-03 00:20:20,8.4,86.8,341710.67,35.6,53.32,8.86,0.01,0.01,4.0,54,316,0
2026-08-03 00:20:26,10.3,86.8,341714.67,35.6,12.44,5.98,0.01,0.0,44.35,54,322,0
2026-08-03 00:20:32,9.2,86.8,343157.33,35.6,4.12,3.07,0.01,0.0,8.34,54,316,0
2026-08-03 00:20:38,5.3,86.9,340778.67,35.6,0.54,6.06,0.0,0.0,8.22,54,316,0
2026-08-03 00:20:44,8.6,86.7,344796.0,35.6,20.41,10.06,0.01,0.01,3.59,54,316,0
2026-08-03 00:20:50,3.4,86.3,354805.33,35.6,15.66,6.46,0.0,0.0,16.21,54,315,0
2026-08-03 00:20:56,3.9,86.3,356570.67,35.6,1.35,5.97,0.01,0.0,6.54,54,315,0
2026-08-03 00:21:02,7.8,86.4,353241.33,35.6,1.43,3.21,0.01,0.0,4.72,54,315,0
2026-08-03 00:21:08,5.9,86.1,360032.0,35.6,1.33,5.77,0.01,0.01,35.6,54,320,0
2026-08-03 00:21:14,9.6,86.2,357834.67,35.6,0.37,3.29,0.01,0.0,4.5,53,314,0
2026-08-03 00:21:20,12.8,86.1,359826.67,35.6,2.15,7.02,0.0,0.0,4.52,53,314,0
2026-08-03 00:21:27,3.8,86.4,352736.0,35.6,0.43,6.46,0.01,0.02,3.75,53,314,0
2026-08-03 00:21:33,5.6,86.2,357782.67,35.6,5.72,8.02,0.01,0.0,3.53,53,314,0
2026-08-03 00:21:39,4.0,86.0,362882.67,35.6,0.58,6.29,0.01,0.01,5.29,53,314,0
2026-08-03 00:21:45,5.8,86.3,356208.0,35.6,0.99,9.2,0.01,0.0,4.79,53,314,0
2026-08-03 00:21:51,3.6,86.1,361013.33,35.6,7.58,7.54,0.01,0.0,13.69,52,316,0
2026-08-03 00:21:57,10.2,86.3,355637.33,35.6,0.81,3.29,0.01,0.01,75.08,52,314,0
2026-08-03 00:22:03,4.4,87.0,336672.0,35.6,134.1,6.47,0.0,0.0,3.51,52,314,0
2026-08-03 00:22:09,7.4,87.0,337313.33,35.6,53.98,3.23,0.02,0.0,13.74,52,312,0
2026-08-03 00:22:15,7.8,87.1,334124.0,35.6,46.5,6.13,0.01,0.01,32.19,52,312,0
2026-08-03 00:22:21,10.1,87.2,330982.67,35.6,60.63,6.06,0.0,0.0,79.27,52,312,0
2026-08-03 00:22:27,6.2,87.2,332506.67,35.6,51.37,2.82,0.01,0.0,5.07,52,312,0
2026-08-03 00:22:33,5.0,87.0,336941.33,35.6,30.36,6.13,0.0,0.0,4.33,52,312,0
2026-08-03 00:22:39,11.4,87.1,335053.33,35.6,38.23,3.5,0.01,0.0,54.87,52,312,0
2026-08-03 00:22:45,6.4,87.1,333422.67,35.6,29.9,6.08,0.01,0.0,69.95,52,312,0
2026-08-03 00:22:51,4.0,87.2,333193.33,35.6,50.25,3.14,0.0,0.0,63.34,52,312,0
2026-08-03 00:22:57,9.9,87.1,333909.33,35.6,28.56,6.25,0.01,0.0,64.84,52,312,0
2026-08-03 00:23:03,5.0,87.0,337774.67,35.6,38.16,6.28,0.0,0.0,4.11,52,312,0
2026-08-03 00:23:09,9.5,87.2,332276.0,35.6,32.28,3.39,0.01,0.0,51.03,51,312,0
2026-08-03 00:23:15,5.1,87.5,325122.67,35.6,51.68,7.38,0.01,0.01,52.01,51,320,0
2026-08-03 00:23:22,15.4,86.2,357865.33,35.6,122.89,167.57,0.0,0.0,146.19,51,315,0
2026-08-03 00:23:28,4.0,86.1,361326.67,35.6,39.08,7.4,0.01,0.0,5.33,51,315,0
2026-08-03 00:23:34,3.1,85.9,365788.0,35.6,18.34,3.03,0.0,0.0,68.09,51,315,0
2026-08-03 00:23:40,9.7,86.0,363724.0,35.6,16.36,7.65,0.01,0.0,4.78,51,315,0
2026-08-03 00:23:46,4.3,85.9,366806.67,35.6,16.39,6.34,0.01,0.0,4.33,51,313,0
2026-08-03 00:23:52,3.0,85.7,370126.67,35.6,6.74,3.28,0.0,0.0,4.67,50,312,0
2026-08-03 00:23:58,7.4,85.9,366213.33,35.6,13.26,6.66,0.01,0.0,4.4,50,318,0
2026-08-03 00:24:04,8.7,86.0,362229.33,35.6,19.69,3.07,0.0,0.0,4.13,50,312,0
2026-08-03 00:24:10,4.8,85.9,365413.33,35.6,24.61,6.53,0.01,0.0,8.47,50,312,0
2026-08-03 00:24:16,2.8,86.2,357717.33,35.6,38.3,3.04,0.01,0.02,40.54,50,312,0
2026-08-03 00:24:22,8.0,86.0,363469.33,35.6,41.29,6.77,0.0,0.01,8.12,50,312,0
2026-08-03 00:24:28,5.3,85.8,367797.33,35.6,43.29,12.22,0.01,0.0,4.75,50,312,0
2026-08-03 00:24:34,3.0,86.0,364001.33,35.6,26.39,2.92,0.0,0.0,3.91,50,312,0
2026-08-03 00:24:40,6.7,85.9,365769.33,35.6,29.2,7.26,0.01,0.0,4.29,50,316,0
2026-08-03 00:24:46,10.3,86.2,359024.0,35.7,70.61,3.28,0.01,0.0,3.95,50,312,0
2026-08-03 00:24:52,8.1,86.1,360277.33,35.7,78.06,7.1,0.0,0.0,5.76,50,312,0
2026-08-03 00:24:58,3.7,86.0,363325.33,35.7,52.42,3.73,0.01,0.07,4.2,50,312,0
2026-08-03 00:25:04,5.2,86.2,357988.0,35.7,62.51,6.0,0.0,0.0,48.64,50,312,0
2026-08-03 00:25:10,2.8,86.1,360740.0,35.7,38.72,3.29,0.01,0.0,54.68,49,312,0
2026-08-03 00:25:16,8.2,86.1,360970.67,35.7,39.86,6.44,0.0,0.0,91.41,49,312,0
2026-08-03 00:25:22,4.1,85.8,368941.33,35.7,37.39,6.13,0.01,0.0,54.2,49,317,0
2026-08-03 00:25:29,14.0,85.8,367894.67,35.7,1.1,3.14,0.01,0.01,137.49,49,311,0
2026-08-03 00:25:35,2.4,85.8,368769.33,35.7,1.45,7.02,0.0,0.0,37.08,49,311,0
2026-08-03 00:25:41,2.5,85.8,368032.0,35.7,0.63,3.16,0.01,0.0,120.92,49,311,0
2026-08-03 00:25:47,5.5,86.1,359582.67,35.7,1.02,7.21,0.0,0.0,4.94,49,311,0
2026-08-03 00:25:53,2.7,85.8,367158.67,35.7,29.05,3.08,0.01,0.0,69.63,49,311,0
2026-08-03 00:25:59,3.3,85.9,365278.67,35.7,27.98,7.27,0.01,0.0,4.27,49,311,0
2026-08-03 00:26:05,16.4,86.3,356512.0,35.7,61.4,6.82,0.01,0.02,48.42,49,311,0
2026-08-03 00:26:11,8.1,86.2,358065.33,35.7,60.57,5.29,0.01,0.0,6.19,48,311,0
2026-08-03 00:26:17,3.2,86.1,360426.67,35.7,24.3,3.36,0.01,0.01,4.53,48,311,0
2026-08-03 00:26:23,2.5,86.2,358201.33,35.7,69.7,6.14,0.01,0.0,4.28,48,311,0
2026-08-03 00:26:29,9.3,86.0,362029.33,35.7,19.44,6.9,0.01,0.01,5.74,48,311,0
2026-08-03 00:26:35,10.8,86.0,361796.0,35.7,38.63,9.5,0.0,0.0,11.83,48,311,0
2026-08-03 00:26:41,3.8,86.0,363094.67,35.7,13.21,7.2,0.01,0.0,5.09,48,311,0
2026-08-03 00:26:47,7.9,86.1,360157.33,35.7,34.24,3.35,0.0,0.01,220.12,48,311,0
2026-08-03 00:26:54,7.5,86.1,359408.0,35.7,33.16,7.41,0.01,0.0,4.56,47,311,0
2026-08-03 00:27:00,4.6,86.1,359421.33,35.7,53.77,3.34,0.0,0.0,4.8,47,311,0
2026-08-03 00:27:06,4.0,86.2,358633.33,35.7,34.6,6.46,0.01,0.0,42.56,47,311,0
2026-08-03 00:27:12,4.6,85.9,364677.33,35.7,28.16,6.33,0.01,0.0,3.87,47,311,0
2026-08-03 00:27:18,6.3,85.9,364988.0,35.7,10.04,3.12,0.0,0.0,8.36,47,311,0
2026-08-03 00:27:24,3.4,86.4,353112.0,35.7,46.54,7.42,0.01,0.0,33.05,47,317,0
2026-08-03 00:27:30,7.7,86.5,349850.67,35.7,52.29,3.27,0.01,0.01,4.4,47,315,0
2026-08-03 00:27:36,3.9,86.3,355480.0,35.7,37.85,6.64,0.01,0.0,3.41,47,311,0
2026-08-03 00:27:42,4.4,86.4,352229.33,35.7,33.28,3.57,0.01,0.01,4.03,47,313,0
2026-08-03 00:27:48,3.1,86.5,350182.67,35.7,25.22,5.54,0.0,0.0,30.34,47,313,0
2026-08-03 00:27:54,4.4,86.4,353702.67,35.7,18.92,3.01,0.01,0.0,4.65,47,313,0
2026-08-03 00:28:00,3.7,86.4,351466.67,35.7,40.77,7.32,0.0,0.0,135.73,47,313,0
2026-08-03 00:28:06,2.3,86.5,351269.33,35.7,37.73,3.21,0.01,0.0,83.84,46,313,0
2026-08-03 00:28:12,8.2,86.4,352605.33,35.7,26.3,6.69,0.01,0.01,63.56,46,312,0
2026-08-03 00:28:18,3.8,86.4,351436.0,35.7,40.96,6.66,0.0,0.0,68.37,46,311,0
2026-08-03 00:28:24,3.7,86.5,351370.67,35.7,27.83,3.07,0.01,0.0,64.46,46,312,0
2026-08-03 00:28:30,2.5,86.7,345641.33,35.7,62.31,7.75,0.01,0.01,69.71,46,312,0
2026-08-03 00:28:36,4.9,86.5,348953.33,35.7,88.29,3.37,0.01,0.0,4.81,46,312,0
2026-08-03 00:28:42,3.0,88.0,310358.67,35.7,37.36,7.47,0.01,0.0,6.18,46,313,0
2026-08-03 00:28:49,12.5,87.1,333757.33,35.7,27.46,3.69,0.0,0.0,32.05,46,311,0
2026-08-03 00:28:55,9.4,87.2,331814.67,35.7,7.0,9.12,0.01,0.0,74.21,45,311,0
2026-08-03 00:29:01,5.0,87.3,329212.0,35.7,0.8,6.33,0.0,0.0,4.66,45,311,0
2026-08-03 00:29:07,4.1,87.3,329638.67,35.7,1.23,3.38,0.01,0.01,51.8,45,311,0
2026-08-03 00:29:13,2.7,87.2,333242.67,35.7,2.18,7.52,0.01,0.02,5.39,45,311,0
2026-08-03 00:29:19,6.1,87.1,333442.67,35.7,0.64,3.68,0.01,0.0,4.42,45,311,0
2026-08-03 00:29:25,2.0,87.1,334166.67,35.7,1.33,6.87,0.01,0.01,7.12,45,311,0
2026-08-03 00:29:31,1.3,87.1,334657.33,35.7,1.17,3.25,0.0,0.0,43.59,45,311,0
2026-08-03 00:29:37,11.3,87.1,335793.33,35.7,0.37,6.29,0.01,0.0,4.27,45,311,0
2026-08-03 00:29:43,3.1,87.0,336588.0,35.7,1.14,12.79,0.0,0.0,4.39,45,311,0
2026-08-03 00:29:49,3.5,87.1,333772.0,35.7,0.5,3.51,0.01,0.0,4.2,45,311,0
2026-08-03 00:29:55,11.4,87.3,329728.0,35.7,0.74,6.07,0.02,0.01,47.56,45,311,0
2026-08-03 00:30:01,3.6,87.3,330062.67,35.7,0.57,3.22,0.01,0.07,4.03,44,311,0
2026-08-03 00:30:07,2.6,87.2,332386.67,35.7,1.71,7.03,0.01,0.0,20.83,44,311,0
2026-08-03 00:30:13,1.7,87.2,330794.67,35.7,0.5,3.19,0.0,0.0,14.14,44,311,0
2026-08-03 00:30:19,8.3,87.4,326062.67,35.7,0.48,6.0,0.01,0.0,168.42,44,311,0
2026-08-03 00:30:25,1.3,87.4,326200.0,35.7,0.62,12.98,0.01,0.01,8.97,44,311,0
2026-08-03 00:30:31,3.2,87.4,326110.67,35.7,0.95,2.98,0.01,0.01,4.03,44,311,0
2026-08-03 00:30:37,9.3,87.9,312998.67,35.7,21.56,6.16,0.01,0.0,78.04,44,312,0
2026-08-03 00:30:43,2.9,87.8,316009.33,35.7,53.8,3.27,0.0,0.0,71.6,44,311,0
2026-08-03 00:30:50,2.8,87.5,322920.0,35.7,24.89,6.8,0.01,0.0,80.74,43,311,0
2026-08-03 00:30:56,5.5,87.7,319580.0,35.7,23.14,3.55,0.01,0.0,57.84,43,317,0
2026-08-03 00:31:02,7.9,87.8,317638.67,35.7,3.17,5.9,0.0,0.0,65.79,43,311,0
2026-08-03 00:31:08,4.2,87.7,318458.67,35.7,33.72,6.45,0.01,0.01,74.74,43,311,0
2026-08-03 00:31:14,4.6,87.9,314544.0,35.7,41.17,5.18,0.0,0.0,10.32,43,311,0
2026-08-03 00:31:20,2.4,87.8,317032.0,35.7,64.28,2.98,0.01,0.0,49.76,43,311,0
2026-08-03 00:31:26,5.5,87.7,317809.33,35.7,27.7,5.91,0.01,0.0,4.31,43,311,0
2026-08-03 00:31:32,6.7,87.8,315506.67,35.7,28.17,6.6,0.0,0.0,76.95,43,311,0
2026-08-03 00:31:38,6.6,87.9,314589.33,35.7,39.66,3.46,0.01,0.0,3.93,43,311,0
2026-08-03 00:31:44,4.1,87.8,316076.0,35.7,50.17,6.66,0.0,0.01,31.71,43,311,0
2026-08-03 00:31:50,1.6,87.9,314940.0,35.7,65.56,3.31,0.01,0.0,71.74,43,311,0
2026-08-03 00:31:56,2.8,87.7,318294.67,35.7,21.63,6.03,0.01,0.0,42.97,43,311,0
2026-08-03 00:32:02,2.5,87.8,316806.67,35.7,21.84,3.44,0.0,0.0,3.44,42,311,0
2026-08-03 00:32:08,4.2,87.9,314802.67,35.7,22.09,7.08,0.01,0.0,3.65,42,311,0
2026-08-03 00:32:14,4.5,87.9,314886.67,35.7,22.41,6.41,0.01,0.01,5.88,42,317,0
2026-08-03 00:32:20,6.9,88.0,311633.33,35.7,14.7,3.28,0.01,0.0,4.82,42,311,0
2026-08-03 00:32:26,1.7,88.0,311114.67,35.7,22.6,5.79,0.0,0.0,55.65,42,311,0
2026-08-03 00:32:33,3.5,88.1,307366.67,35.7,25.29,3.25,0.01,0.0,3.71,42,311,0
2026-08-03 00:32:39,4.2,88.2,306982.67,35.7,23.28,7.14,0.01,0.0,4.19,41,312,0
2026-08-03 00:32:45,6.8,88.1,309013.33,35.7,21.72,3.25,0.0,0.0,57.84,41,311,0
2026-08-03 00:32:51,6.3,88.1,309314.67,35.7,22.86,6.82,0.01,0.0,3.9,41,311,0
2026-08-03 00:32:57,6.3,88.2,305133.33,35.7,20.96,0.71,0.0,0.0,3.6,41,311,0
2026-08-03 00:33:03,6.3,88.0,311794.67,35.7,21.15,6.64,0.01,0.0,6.04,41,311,0
2026-08-03 00:33:09,14.6,88.2,305161.33,35.7,11.12,2.72,0.01,0.01,31.45,41,311,0
2026-08-03 00:33:15,2.1,88.0,310712.0,35.7,24.26,7.17,0.0,0.0,4.1,41,311,0
2026-08-03 00:33:21,1.7,88.0,311609.33,35.7,21.4,3.08,0.01,0.0,3.8,41,311,0
2026-08-03 00:33:27,0.9,88.0,311780.0,35.7,5.24,6.49,0.0,0.0,40.25,41,311,0
2026-08-03 00:33:33,4.1,87.9,314030.67,35.7,22.19,3.51,0.01,0.0,51.44,41,311,0
2026-08-03 00:33:39,9.3,88.2,306097.33,35.7,22.87,7.31,0.01,0.0,3.33,41,311,0
2026-08-03 00:33:45,6.4,88.1,307417.33,35.7,22.1,0.7,0.0,0.0,113.21,41,311,0
2026-08-03 00:33:51,7.5,87.9,312522.67,35.7,22.93,0.6,0.01,0.0,18.3,40,311,0
2026-08-03 00:33:57,14.7,88.2,306838.67,35.7,22.39,2.12,0.0,0.0,4.05,40,311,0
2026-08-03 00:34:03,6.2,88.1,307696.0,35.7,22.93,1.75,0.01,0.0,14.71,40,311,0
2026-08-03 00:34:09,7.8,88.1,307986.67,35.7,25.21,8.7,0.01,0.0,4.2,40,311,0
2026-08-03 00:34:15,11.9,88.4,301150.67,35.7,23.46,7.74,0.0,0.01,3.97,40,311,0
2026-08-03 00:34:21,30.2,89.2,278962.67,35.7,61.03,4.95,0.01,0.05,3.27,40,315,0
2026-08-03 00:34:27,6.7,89.0,284781.33,35.7,428.22,7.29,0.0,0.0,6.51,40,315,0
2026-08-03 00:34:33,6.9,89.2,281020.0,35.7,410.01,2.31,0.01,0.0,4.91,39,315,0
2026-08-03 00:34:39,16.8,90.6,242672.0,35.7,406.14,1.75,0.0,0.0,108.97,39,315,0
2026-08-03 00:34:45,17.5,89.8,263644.0,35.7,187.31,48.37,0.01,0.0,11.27,39,315,0
2026-08-03 00:34:51,14.6,92.6,190677.33,35.7,293.31,27.3,0.01,0.0,3.25,39,314,0
2026-08-03 00:34:57,18.2,94.3,146740.0,35.7,273.99,9.81,0.0,0.0,4.38,39,314,0
2026-08-03 00:35:03,13.7,94.8,134737.33,35.7,284.59,0.76,0.01,0.07,5.5,39,314,0
2026-08-03 00:35:09,20.1,90.5,246814.67,35.7,153.59,48.83,0.01,0.01,4.34,39,314,0
2026-08-03 00:35:15,7.8,87.8,315672.0,35.7,15.95,194.59,0.01,0.0,3.74,39,314,0
2026-08-03 00:35:21,6.1,88.1,309350.67,35.7,16.96,12.63,0.01,0.0,4.09,39,314,0
2026-08-03 00:35:28,14.5,88.1,309550.67,35.7,1.52,0.62,0.0,0.01,67.83,38,314,0
2026-08-03 00:35:34,3.5,88.1,309405.33,35.7,113.1,105.62,0.01,0.0,28.48,38,314,0
2026-08-03 00:35:40,21.8,88.0,311921.33,35.7,1.05,43.88,0.0,0.0,21.91,38,314,0
2026-08-03 00:35:46,9.7,87.9,313677.33,35.7,1.22,8.11,0.01,0.0,4.19,38,314,0
2026-08-03 00:35:52,4.7,87.8,316745.33,35.7,0.52,3.16,0.01,0.0,4.07,38,314,0
2026-08-03 00:35:58,3.0,87.7,319497.33,35.7,3.11,8.2,0.01,0.01,20.12,38,314,0
2026-08-03 00:36:04,3.6,88.1,308372.0,35.7,7.64,3.35,0.01,0.01,66.77,38,314,0
2026-08-03 00:36:10,5.3,88.2,307200.0,35.7,1.07,6.48,0.01,0.01,4.01,38,314,0
2026-08-03 00:36:16,5.1,88.3,302540.0,35.7,0.71,5.46,0.01,0.0,6.63,38,318,0
2026-08-03 00:36:22,15.3,88.1,308760.0,35.7,1.91,3.18,0.01,0.0,7.36,38,314,0
2026-08-03 00:36:28,5.1,87.9,312885.33,35.7,0.57,6.2,0.0,0.0,4.66,38,314,0
2026-08-03 00:36:34,19.3,88.0,310738.67,35.7,2.82,7.34,0.01,0.01,27.6,37,314,0
2026-08-03 00:36:40,4.8,88.3,304424.0,35.7,1.3,3.75,0.0,0.01,4.22,37,314,0
2026-08-03 00:36:46,6.2,88.2,307176.0,35.7,2.54,8.7,0.01,0.0,65.1,37,314,0
2026-08-03 00:36:52,7.6,88.1,309884.0,35.7,0.51,3.25,0.01,0.0,4.1,37,314,0
2026-08-03 00:36:58,5.4,88.2,306837.33,35.7,0.7,6.69,0.0,0.0,4.87,37,314,0
2026-08-03 00:37:04,11.8,88.4,300626.67,35.7,0.39,3.34,0.01,0.0,4.7,37,314,0
2026-08-03 00:37:10,6.2,88.4,299569.33,35.7,0.45,6.64,0.01,0.0,9.73,37,314,0
2026-08-03 00:37:16,10.2,88.5,299272.0,35.7,0.8,6.34,0.01,0.0,39.94,37,314,0
2026-08-03 00:37:22,4.0,88.4,301256.0,35.7,0.56,2.8,0.0,0.0,71.22,37,314,0
2026-08-03 00:37:28,5.1,88.7,293757.33,35.7,9.02,6.94,0.01,0.0,4.13,36,314,0
2026-08-03 00:37:34,12.9,88.7,292701.33,35.7,3.19,2.87,0.02,0.02,3.99,36,314,0
2026-08-03 00:37:40,13.9,88.6,295688.0,35.7,0.19,6.39,0.01,0.01,129.43,36,320,0
2026-08-03 00:37:47,14.1,88.7,293649.33,35.7,0.45,3.29,0.01,0.0,67.25,36,314,0
2026-08-03 00:37:53,5.0,88.7,293726.67,35.7,2.56,7.57,0.0,0.01,3.75,36,313,0
2026-08-03 00:37:59,8.5,88.8,290669.33,35.7,7.68,6.73,0.01,0.01,3.98,36,313,0
2026-08-03 00:38:05,4.4,89.0,284382.67,35.7,2.03,3.19,0.01,0.0,36.56,36,313,0
2026-08-03 00:38:11,4.7,88.9,287453.33,35.7,7.36,19.69,0.01,0.0,3.63,36,313,0
2026-08-03 00:38:17,4.6,88.9,287784.0,35.7,0.67,3.79,0.01,0.0,3.62,36,313,0
2026-08-03 00:38:23,5.7,88.9,288274.67,35.7,0.59,6.44,0.0,0.0,40.08,36,317,0
2026-08-03 00:38:29,12.2,88.7,293112.0,35.7,0.75,3.16,0.01,0.0,3.65,35,313,0
2026-08-03 00:38:35,3.5,88.7,292700.0,35.7,0.19,5.96,0.01,0.0,6.19,35,313,0
2026-08-03 00:38:41,4.8,90.0,259589.33,35.7,7.99,6.83,0.0,0.0,3.67,35,313,0
2026-08-03 00:38:47,7.2,89.2,280384.0,35.7,22.03,3.2,0.01,0.0,3.77,35,313,0
2026-08-03 00:38:53,4.2,89.5,272920.0,35.7,8.06,6.31,0.0,0.0,127.65,35,313,0
2026-08-03 00:38:59,4.9,89.6,270744.0,35.7,9.34,3.57,0.01,0.01,4.58,35,313,0
2026-08-03 00:39:05,11.4,89.5,271648.0,35.7,16.97,6.61,0.01,0.0,71.53,35,317,0
2026-08-03 00:39:11,9.1,89.8,264398.67,35.7,10.17,3.7,0.01,0.01,3.96,35,313,0
2026-08-03 00:39:17,8.4,90.0,259464.0,35.7,3.53,12.55,0.01,0.0,63.91,35,314,0
2026-08-03 00:39:23,4.2,89.9,260830.67,35.7,6.8,6.11,0.01,0.01,3.83,35,313,0
2026-08-03 00:39:29,11.0,90.2,254856.0,35.7,5.72,3.29,0.01,0.0,40.59,34,313,0
2026-08-03 00:39:35,6.1,90.0,258416.0,35.7,17.39,6.1,0.01,0.0,4.01,34,313,0
2026-08-03 00:39:41,5.6,90.1,257808.0,35.7,21.44,4.15,0.0,0.0,64.85,34,313,0
2026-08-03 00:39:47,8.7,90.0,259002.67,35.7,14.09,6.6,0.01,0.0,4.43,34,319,0
2026-08-03 00:39:54,14.4,89.9,261140.0,35.7,13.6,0.54,0.01,0.01,5.56,34,313,0
2026-08-03 00:40:00,5.7,90.0,260062.67,35.7,0.5,0.95,0.01,0.07,3.63,34,313,0
2026-08-03 00:40:06,22.3,85.9,364525.33,35.7,393.37,148.96,0.02,0.02,4.9,34,314,0
2026-08-03 00:40:12,4.1,86.0,363872.0,35.7,31.65,6.47,0.01,0.0,4.08,34,314,0
2026-08-03 00:40:18,6.2,85.8,367442.67,35.7,3.41,3.17,0.01,0.0,17.16,34,314,0
2026-08-03 00:40:24,9.6,86.0,362830.67,35.7,3.48,0.55,0.0,0.01,121.07,34,313,0
2026-08-03 00:40:30,16.9,86.1,360608.0,35.7,2.14,6.48,0.01,0.0,7.7,33,319,0
2026-08-03 00:40:36,14.8,85.4,377418.67,35.7,2.86,4.33,0.0,0.0,49.36,33,312,0
2026-08-03 00:40:42,5.6,85.4,378856.0,35.7,1.65,5.97,0.01,0.0,7.19,33,312,0
2026-08-03 00:40:48,5.1,85.5,376984.0,35.7,1.71,7.5,0.01,0.0,145.01,33,312,0
2026-08-03 00:40:54,6.6,85.7,370830.67,35.7,1.48,2.95,0.0,0.0,4.79,33,312,0
2026-08-03 00:41:00,9.9,85.7,370036.0,35.7,1.86,6.14,0.01,0.0,4.19,33,312,0
2026-08-03 00:41:06,5.1,85.5,374826.67,35.7,0.81,10.36,0.01,0.01,5.0,33,312,0
2026-08-03 00:41:12,8.7,86.2,358986.67,35.7,108.25,6.46,0.02,0.01,4.59,33,319,0
2026-08-03 00:41:18,9.7,86.2,358832.0,35.7,1.18,5.34,0.01,0.0,3.71,33,313,0
2026-08-03 00:41:24,3.1,86.3,355073.33,35.7,6.19,4.07,0.01,0.0,3.67,33,313,0
2026-08-03 00:41:30,3.8,86.4,353618.67,35.7,1.3,6.4,0.01,0.01,58.28,32,313,0
2026-08-03 00:41:36,12.2,86.3,355200.0,35.7,3.15,2.58,0.0,0.0,4.18,32,314,0
2026-08-03 00:41:42,3.2,85.8,368250.67,35.7,0.43,7.14,0.01,0.01,138.63,32,313,0
2026-08-03 00:41:48,4.0,86.0,363769.33,35.7,3.3,7.59,0.01,0.0,66.6,32,313,0
2026-08-03 00:41:55,10.8,86.2,357353.33,35.7,21.07,3.44,0.01,0.01,4.39,32,313,0
2026-08-03 00:42:01,5.0,86.2,356618.67,35.7,1.69,6.76,0.01,0.0,5.83,32,313,0
2026-08-03 00:42:07,5.2,86.4,353078.67,35.7,0.67,3.43,0.0,0.0,4.12,32,313,0
2026-08-03 00:42:13,2.8,86.3,354572.0,35.7,2.96,8.05,0.01,0.0,4.19,32,313,0
2026-08-03 00:42:19,5.0,86.4,351868.0,35.7,7.81,19.93,0.01,0.0,10.22,32,313,0
2026-08-03 00:42:25,2.7,86.4,351630.67,35.7,0.97,3.38,0.0,0.0,12.04,32,313,0
2026-08-03 00:42:31,3.6,86.5,348930.67,35.7,1.76,6.45,0.01,0.0,4.51,31,313,0
2026-08-03 00:42:37,11.8,86.5,349428.0,35.7,8.68,1.87,0.0,0.0,3.6,31,313,0
2026-08-03 00:42:43,17.6,86.5,349768.0,35.7,0.91,6.58,0.01,0.0,3.91,31,313,0
2026-08-03 00:42:49,4.0,86.5,350093.33,35.7,0.56,3.23,0.01,0.0,5.2,31,313,0
2026-08-03 00:42:55,3.2,86.6,348190.67,35.7,11.4,5.99,0.0,0.01,4.18,31,313,0
2026-08-03 00:43:01,6.8,86.7,344253.33,35.7,0.87,3.46,0.01,0.0,61.46,31,313,0
2026-08-03 00:43:07,2.6,86.7,345853.33,35.7,10.24,6.95,0.0,0.0,3.86,31,313,0
2026-08-03 00:43:13,5.2,86.8,342212.0,35.7,23.79,3.73,0.01,0.0,3.79,31,313,0
2026-08-03 00:43:19,13.3,87.0,337605.33,35.7,28.42,7.93,0.01,0.0,45.56,31,314,0
2026-08-03 00:43:25,2.4,86.9,339632.0,35.7,49.21,6.18,0.0,0.0,67.62,31,313,0
2026-08-03 00:43:31,13.7,88.5,297150.67,35.7,114.42,3.88,0.01,0.0,4.15,30,315,0
2026-08-03 00:43:37,5.8,88.5,297813.33,35.7,43.0,7.57,0.0,0.0,4.33,30,314,0
2026-08-03 00:43:43,12.0,87.9,313956.0,35.7,27.84,3.03,0.01,0.0,48.77,30,314,0
2026-08-03 00:43:49,1.9,87.9,314657.33,35.7,19.09,7.03,0.0,0.0,3.93,30,314,0
2026-08-03 00:43:55,8.5,87.8,315093.33,35.7,2.01,3.05,0.01,0.01,4.32,30,314,0
2026-08-03 00:44:01,11.9,88.4,300457.33,35.7,26.49,6.32,0.01,0.01,35.45,30,314,0
2026-08-03 00:44:07,18.4,87.9,313801.33,35.7,65.41,27.75,0.0,0.0,73.32,30,315,0
2026-08-03 00:44:13,3.7,87.7,318654.67,35.7,34.6,3.17,0.01,0.0,3.52,30,314,0
2026-08-03 00:44:19,7.5,88.0,312014.67,35.7,50.62,7.02,0.0,0.0,4.36,30,315,0
2026-08-03 00:44:25,5.2,88.1,309868.0,35.7,35.73,3.08,0.01,0.0,4.05,30,315,0
2026-08-03 00:44:32,5.7,87.9,312657.33,35.7,32.65,6.2,0.01,0.0,19.79,29,315,0
2026-08-03 00:44:38,12.6,88.0,311121.33,35.7,36.93,2.14,0.0,0.0,4.98,29,315,0
2026-08-03 00:44:44,13.4,88.1,308830.67,35.7,46.8,8.34,0.01,0.0,6.11,29,315,0
2026-08-03 00:44:50,37.8,91.6,218430.67,35.7,377.77,10.77,0.0,0.0,4.88,29,316,0
2026-08-03 00:44:56,7.0,91.3,226844.0,35.7,156.91,46.13,0.01,0.01,5.03,29,317,0
2026-08-03 00:45:02,2.3,90.9,234905.33,35.7,4.73,8.93,0.01,0.08,4.83,29,317,0
2026-08-03 00:45:08,5.6,90.7,240834.67,35.7,3.51,3.44,0.0,0.0,36.55,29,317,0
2026-08-03 00:45:14,4.5,90.8,238189.33,35.7,1.9,6.89,0.01,0.0,6.59,29,318,0
2026-08-03 00:45:20,3.8,90.5,245370.67,35.7,2.07,6.74,0.0,0.0,4.72,29,315,0
2026-08-03 00:45:26,11.6,89.9,262849.33,35.7,4.29,3.09,0.02,0.01,15.94,28,314,0
2026-08-03 00:45:32,12.2,89.7,266840.0,35.7,2.51,2.08,0.01,0.0,5.5,28,314,0
2026-08-03 00:45:38,4.0,89.9,261973.33,35.7,1.89,8.46,0.0,0.0,4.25,28,314,0
2026-08-03 00:45:44,9.5,89.8,263780.0,35.7,19.54,27.7,0.01,0.0,9.2,28,314,0
2026-08-03 00:45:50,4.0,89.9,261390.67,35.7,44.72,3.5,0.0,0.0,5.06,28,315,0
2026-08-03 00:45:56,13.7,90.3,252469.33,35.7,310.03,6.11,0.01,0.02,6.43,28,315,0
2026-08-03 00:46:02,7.2,89.8,263698.67,35.7,46.82,19.99,0.0,0.0,58.67,28,315,0
2026-08-03 00:46:08,15.2,90.1,257824.0,35.7,7.9,3.36,0.01,0.01,35.84,28,315,0
2026-08-03 00:46:14,6.1,90.1,256864.0,35.7,62.77,20.59,0.01,0.0,20.69,28,315,0
2026-08-03 00:46:20,7.3,89.9,262473.33,35.7,19.93,3.33,0.0,0.0,4.07,28,315,0
2026-08-03 00:46:26,17.1,89.1,282721.33,35.7,12.13,4.44,0.01,0.02,4.58,27,314,0
2026-08-03 00:46:32,3.1,89.3,277369.33,35.7,18.81,6.15,0.01,0.01,3.76,27,314,0
2026-08-03 00:46:38,3.7,89.4,275437.33,35.7,2.59,6.61,0.01,0.0,27.73,27,314,0
2026-08-03 00:46:44,3.1,89.3,276665.33,35.7,0.79,3.0,0.01,0.0,3.6,27,314,0
2026-08-03 00:46:50,12.2,89.1,282386.67,35.7,1.11,6.4,0.0,0.0,4.32,27,314,0
2026-08-03 00:46:56,7.4,89.2,280060.0,35.7,1.91,3.32,0.01,0.0,4.02,27,314,0
2026-08-03 00:47:02,2.5,89.3,276192.0,35.7,1.58,6.09,0.0,0.0,4.18,27,314,0
2026-08-03 00:47:08,3.6,89.3,278493.33,35.7,3.68,3.7,0.01,0.01,6.21,27,314,0
2026-08-03 00:47:14,6.3,89.6,269376.0,35.7,10.82,6.19,0.01,0.0,4.21,27,314,0
2026-08-03 00:47:21,3.5,89.5,272573.33,35.7,16.91,6.03,0.0,0.0,4.06,27,314,0
2026-08-03 00:47:27,3.9,89.8,265210.67,35.7,55.04,3.11,0.01,0.03,27.93,26,314,0
2026-08-03 00:47:33,19.2,90.2,254506.67,35.7,55.69,6.28,0.01,0.01,63.04,26,314,0
2026-08-03 00:47:39,7.2,89.6,270312.0,35.7,29.87,3.3,0.01,0.0,8.3,26,314,0
2026-08-03 00:47:45,7.3,89.6,270433.33,35.7,0.54,6.2,0.01,0.0,52.09,26,314,0
2026-08-03 00:47:51,6.0,89.6,268866.67,35.7,2.8,3.01,0.0,0.0,66.72,26,314,0
2026-08-03 00:47:57,7.0,89.9,260720.0,35.7,11.25,6.29,0.01,0.0,64.06,26,314,0
2026-08-03 00:48:03,10.9,89.8,264114.67,35.7,33.79,2.74,0.0,0.0,68.11,26,314,0
2026-08-03 00:48:09,6.6,90.8,239872.0,35.7,172.49,14.5,0.01,0.0,4.15,26,314,0
2026-08-03 00:48:15,12.0,88.9,286932.0,35.7,65.86,155.09,0.01,0.0,3.95,26,314,0
2026-08-03 00:48:21,6.6,89.0,285424.0,35.7,53.46,2.92,0.0,0.0,53.24,26,314,0
2026-08-03 00:48:27,5.9,89.0,285097.33,35.7,30.09,7.04,0.01,0.0,5.46,25,314,0
2026-08-03 00:48:33,17.1,90.5,245646.67,35.7,341.58,7.62,0.01,0.02,4.0,25,314,0
2026-08-03 00:48:39,47.0,92.5,194724.0,35.7,181.29,4.79,0.01,0.0,73.48,25,318,0
2026-08-03 00:48:45,20.3,90.3,252330.67,35.7,49.28,10.72,0.01,0.01,54.99,25,318,0
2026-08-03 00:48:51,3.6,87.9,314126.67,35.7,3.65,175.0,0.01,0.02,65.62,25,318,0
2026-08-03 00:48:57,21.5,87.9,312920.0,35.7,2.24,6.31,0.01,0.0,69.41,25,318,0
2026-08-03 00:49:04,2.7,87.7,318218.67,35.7,4.11,3.3,0.0,0.0,4.57,25,318,0
2026-08-03 00:49:10,11.4,87.9,313710.67,35.7,3.14,7.31,0.01,0.0,4.56,25,318,0
2026-08-03 00:49:16,1.0,87.0,338416.0,35.7,4.95,3.48,0.01,0.0,4.64,25,317,0
2026-08-03 00:49:22,7.6,87.0,338165.33,35.7,1.56,14.02,0.01,0.0,35.85,24,316,0
2026-08-03 00:49:28,2.2,86.9,339240.0,35.7,2.37,3.08,0.01,0.0,87.63,24,316,0
2026-08-03 00:49:34,9.1,87.1,335186.67,35.7,4.47,7.85,0.0,0.0,3.92,24,316,0
2026-08-03 00:49:40,11.4,87.3,330540.0,35.7,7.3,6.25,0.01,0.0,3.53,24,316,0
2026-08-03 00:49:46,12.4,86.5,349794.67,35.7,3.37,3.54,0.0,0.0,3.92,24,314,0
2026-08-03 00:49:52,8.7,84.7,396265.33,35.7,21.38,5.09,0.03,0.01,10.14,24,314,0
2026-08-03 00:49:58,4.8,85.1,387356.0,35.7,1.78,4.04,0.01,0.0,120.36,24,314,0
2026-08-03 00:50:04,4.0,85.1,385125.33,35.7,0.8,6.23,0.01,0.09,10.27,24,313,0
2026-08-03 00:50:10,2.5,85.3,380253.33,35.7,2.12,3.37,0.02,0.0,83.36,24,313,0
2026-08-03 00:50:16,4.6,85.2,384410.67,35.7,0.97,12.77,0.01,0.0,69.22,24,313,0
2026-08-03 00:50:22,10.1,85.2,383998.67,35.7,4.31,6.12,0.01,0.0,78.85,23,313,0
2026-08-03 00:50:28,3.6,85.2,383709.33,35.7,0.19,2.95,0.01,0.0,58.27,23,313,0
2026-08-03 00:50:34,13.2,85.5,375445.33,35.7,0.37,5.77,0.0,0.0,4.12,23,313,0
2026-08-03 00:50:40,14.3,85.4,379696.0,35.7,0.64,1.96,0.01,0.0,70.45,23,313,0
2026-08-03 00:50:47,6.9,85.2,383962.67,35.7,1.34,3.17,0.0,0.0,6.21,23,313,0
2026-08-03 00:50:53,13.9,85.4,377378.67,35.7,1.21,6.25,0.01,0.0,32.28,23,313,0
2026-08-03 00:50:59,4.3,85.7,369745.33,35.7,1.43,3.27,0.01,0.0,8.03,23,313,0
2026-08-03 00:51:05,17.5,85.8,368556.0,35.7,3.23,6.27,0.01,0.01,4.35,23,313,0
2026-08-03 00:51:11,0.9,85.5,375196.0,35.7,0.82,6.56,0.01,0.0,5.0,23,313,0
2026-08-03 00:51:17,7.1,86.0,363217.33,35.7,0.97,3.25,0.01,0.0,4.43,23,313,0
2026-08-03 00:51:23,8.7,85.9,366405.33,35.7,6.92,6.38,0.01,0.03,96.5,22,313,0
2026-08-03 00:51:29,8.2,86.1,361677.33,35.7,1.57,4.1,0.01,0.0,6.5,22,313,0
2026-08-03 00:51:35,10.7,85.8,369472.0,35.7,0.68,6.74,0.0,0.0,164.53,22,313,0
2026-08-03 00:51:41,8.0,85.9,366405.33,35.7,0.7,6.04,0.01,0.01,85.36,22,318,0
2026-08-03 00:51:47,20.8,85.8,367844.0,35.7,1.26,2.66,0.0,0.0,5.33,22,312,0
2026-08-03 00:51:53,11.9,86.0,362729.33,35.7,4.98,7.41,0.01,0.0,3.23,22,312,0
2026-08-03 00:51:59,6.6,86.1,361481.33,35.7,1.53,3.21,0.01,0.0,47.16,22,312,0
2026-08-03 00:52:05,13.1,85.9,366924.0,35.7,1.05,6.0,0.0,0.0,13.17,22,312,0
2026-08-03 00:52:11,7.6,86.4,352765.33,35.7,20.28,4.27,0.02,0.04,60.92,22,312,0
2026-08-03 00:52:17,12.4,86.8,342178.67,35.7,17.84,7.15,4.07,0.08,54.79,22,312,0
2026-08-03 00:52:23,8.8,86.7,343986.67,35.7,3.26,8.5,0.01,0.0,7.32,21,312,0
2026-08-03 00:52:30,20.3,86.6,347870.67,35.7,0.25,3.01,0.0,0.0,78.28,21,312,0
2026-08-03 00:52:36,11.3,86.5,349876.0,35.7,1.0,6.28,0.01,0.0,166.97,21,312,0
2026-08-03 00:52:42,17.2,86.6,347494.67,35.7,0.48,1.81,0.01,0.0,83.55,21,312,0
2026-08-03 00:52:48,8.5,86.5,349668.0,35.7,0.14,2.21,0.0,0.01,10.28,21,312,0
2026-08-03 00:52:54,25.6,86.1,359658.67,35.7,22.28,10.25,0.03,0.06,5.19,21,314,0
2026-08-03 00:53:00,4.6,86.3,354986.67,35.7,1.89,6.55,0.0,0.0,4.43,21,314,0
2026-08-03 00:53:06,11.8,86.6,348482.67,35.7,0.56,3.23,0.01,0.0,4.28,21,314,0
2026-08-03 00:53:12,15.4,86.7,344876.0,35.7,0.51,6.26,0.02,0.01,24.41,21,314,0
2026-08-03 00:53:18,6.1,86.7,345184.0,35.7,1.02,3.69,0.01,0.0,111.62,21,314,0
2026-08-03 00:53:24,19.0,88.3,302378.67,35.7,342.46,52.32,0.01,0.0,3.55,20,313,0
2026-08-03 00:53:30,2.6,88.5,298284.0,35.7,49.98,2.55,0.0,0.0,5.06,20,313,0
2026-08-03 00:53:36,3.8,88.7,293550.67,35.7,1.32,0.84,0.01,0.0,5.42,20,313,0
2026-08-03 00:53:42,3.3,88.6,296114.67,35.7,2.26,0.57,0.01,0.0,43.0,20,312,0
2026-08-03 00:53:48,18.3,88.8,289640.0,35.7,5.2,12.62,0.0,0.0,4.36,20,313,0
2026-08-03 00:53:54,5.6,88.8,289500.0,35.7,12.04,3.13,0.01,0.0,3.69,20,313,0
2026-08-03 00:54:00,9.4,88.9,287426.67,35.7,19.49,5.8,0.0,0.01,3.75,20,313,0
2026-08-03 00:54:06,8.9,88.9,288916.0,35.7,25.56,0.69,0.01,0.0,5.31,20,313,0
2026-08-03 00:54:12,11.0,88.6,294590.67,35.7,15.14,0.68,0.01,0.0,50.97,20,312,0
2026-08-03 00:54:18,31.3,88.7,292361.33,35.7,13.19,4.66,0.01,0.0,4.3,19,314,0
2026-08-03 00:54:25,9.6,88.8,290450.67,35.7,6.48,7.39,0.01,0.0,39.15,19,314,0
2026-08-03 00:54:31,11.3,88.9,287944.0,35.7,23.24,1.0,0.0,0.0,71.76,19,319,0
2026-08-03 00:54:37,12.5,88.7,293664.0,35.7,15.12,0.77,0.01,0.0,227.03,19,313,0
2026-08-03 00:54:43,13.7,88.6,295713.33,35.7,1.23,0.61,0.01,0.0,3.69,19,313,0
2026-08-03 00:54:49,11.0,88.9,288496.0,35.7,1.33,4.4,0.0,0.0,4.82,19,314,0
2026-08-03 00:54:55,13.9,88.9,288854.67,35.7,72.7,6.34,0.01,0.0,38.18,19,314,0
2026-08-03 00:55:01,10.5,88.9,288830.67,35.7,50.87,7.25,0.01,0.08,67.67,19,313,0
2026-08-03 00:55:07,10.8,89.0,286298.67,35.7,55.53,3.53,0.01,0.0,5.45,19,313,0
2026-08-03 00:55:13,13.9,89.0,284134.67,35.7,36.27,6.14,0.0,0.0,4.61,19,313,0
2026-08-03 00:55:19,8.4,88.9,286844.0,35.7,38.63,0.78,0.01,0.01,3.75,19,313,0
2026-08-03 00:55:25,11.4,88.9,288640.0,35.7,21.64,7.38,0.01,0.0,16.59,18,313,0
2026-08-03 00:55:31,15.8,88.6,296770.67,35.7,11.16,1.79,0.0,0.0,4.16,18,313,0
2026-08-03 00:55:37,5.4,88.4,301042.67,35.7,0.93,2.34,0.01,0.0,62.7,18,313,0
2026-08-03 00:55:43,7.1,88.6,296920.0,35.7,0.41,6.01,0.0,0.0,3.99,18,313,0
2026-08-03 00:55:49,7.4,88.7,292277.33,35.7,0.66,6.24,0.01,0.0,121.12,18,313,0
2026-08-03 00:55:55,6.0,88.6,294836.0,35.7,29.36,2.1,0.01,0.0,143.92,18,319,0
2026-08-03 00:56:02,11.6,88.7,293096.0,35.7,13.72,2.07,0.0,0.0,3.66,18,313,0
2026-08-03 00:56:08,4.8,88.7,293756.0,35.7,15.68,0.77,0.01,0.02,49.99,18,313,0
2026-08-03 00:56:14,6.9,88.7,291833.33,35.7,9.21,0.93,0.0,0.0,142.06,18,313,0
2026-08-03 00:56:20,4.8,88.7,294130.67,35.7,12.32,4.86,0.01,0.0,3.6,17,313,0
2026-08-03 00:56:26,11.9,88.7,292542.67,35.7,8.69,4.33,0.01,0.01,4.5,17,313,0
2026-08-03 00:56:32,16.2,88.9,288730.67,35.7,42.66,3.73,0.01,0.02,4.32,17,313,0
2026-08-03 00:56:38,9.6,89.0,285610.67,35.7,72.76,6.31,0.01,0.0,18.81,17,314,0
2026-08-03 00:56:44,16.0,89.2,280801.33,35.7,71.89,6.63,0.0,0.01,5.28,17,314,0
2026-08-03 00:56:50,11.1,88.7,292678.67,35.7,29.05,0.96,0.01,0.0,4.59,17,314,0
2026-08-03 00:56:56,4.2,88.6,296045.33,35.7,0.59,0.88,0.01,0.0,4.07,17,314,0
2026-08-03 00:57:02,14.2,89.0,284484.0,35.7,0.19,1.32,0.0,0.0,27.22,17,314,0
2026-08-03 00:57:08,15.4,89.0,284032.0,35.7,26.57,4.19,0.01,0.0,71.28,17,314,0
2026-08-03 00:57:14,16.3,89.3,278573.33,35.7,92.1,7.8,0.0,0.0,6.03,17,314,0
2026-08-03 00:57:20,4.2,88.9,286605.33,35.7,32.66,0.56,0.01,0.0,4.83,17,314,0
2026-08-03 00:57:26,9.8,89.2,280549.33,35.7,30.29,0.6,0.01,0.0,27.85,16,316,0
2026-08-03 00:57:32,19.4,89.1,282320.0,35.7,25.65,0.84,0.0,0.0,4.37,16,314,0
2026-08-03 00:57:38,5.0,89.0,285321.33,35.8,31.72,6.34,0.01,0.0,122.06,16,314,0
2026-08-03 00:57:45,7.8,89.1,283478.67,35.8,23.71,4.19,0.0,0.0,12.76,16,314,0
2026-08-03 00:57:51,14.5,89.2,280398.67,35.8,45.89,6.53,0.01,0.0,17.1,16,314,0
2026-08-03 00:57:57,13.1,89.3,276244.0,35.8,86.78,3.17,0.0,0.0,15.27,16,314,0
2026-08-03 00:58:03,4.1,89.3,278356.0,35.8,60.51,6.08,0.01,0.01,4.37,16,314,0
2026-08-03 00:58:09,10.5,89.1,282657.33,35.8,16.22,0.97,0.01,0.0,132.56,16,314,0
2026-08-03 00:58:15,9.3,89.0,284265.33,35.8,13.81,0.71,0.0,0.0,4.09,16,314,0
2026-08-03 00:58:21,11.8,89.0,285277.33,35.8,0.61,1.06,0.01,0.0,53.32,16,314,0
2026-08-03 00:58:27,3.7,88.9,288034.67,35.8,10.31,1.84,0.0,0.0,68.92,15,311,0
2026-08-03 00:58:33,11.9,89.0,285824.0,35.8,2.7,6.01,0.01,0.0,3.51,15,313,0
2026-08-03 00:58:39,41.4,90.5,245324.0,35.8,54.74,3.84,0.01,0.0,3.65,15,313,0
2026-08-03 00:58:45,6.7,87.8,317364.0,35.8,33.93,154.38,0.01,0.0,48.51,15,312,0
2026-08-03 00:58:51,14.4,88.1,309761.33,35.8,0.55,6.1,0.01,0.0,3.74,15,318,0
2026-08-03 00:58:57,11.9,88.1,307948.0,35.8,1.5,1.05,0.01,0.0,53.35,15,311,0
2026-08-03 00:59:03,5.3,88.1,308545.33,35.8,17.55,0.84,0.01,0.0,145.88,15,311,0
2026-08-03 00:59:09,16.3,89.8,263953.33,35.8,202.33,1.15,0.01,0.04,6.1,15,311,0
2026-08-03 00:59:15,18.2,90.1,255938.67,35.8,93.93,3.52,0.02,0.04,10.87,15,312,0
2026-08-03 00:59:21,2.6,90.0,258772.0,35.8,34.8,6.14,0.01,0.0,4.8,15,312,0
2026-08-03 00:59:27,10.5,89.9,261369.33,35.8,29.05,3.49,0.0,0.0,9.49,14,311,0
2026-08-03 00:59:33,15.0,89.9,263116.0,35.8,21.14,6.2,0.01,0.0,5.49,14,317,0
2026-08-03 00:59:40,10.8,89.7,267228.0,35.8,11.52,3.14,0.01,0.0,55.39,14,311,0
2026-08-03 00:59:46,7.8,89.9,262678.67,35.8,0.42,1.02,0.0,0.0,6.73,14,311,0
2026-08-03 00:59:52,2.6,90.0,260537.33,35.8,2.21,0.55,0.01,0.0,4.63,14,311,0
2026-08-03 00:59:58,11.4,90.0,259648.0,35.8,11.09,0.79,0.0,0.0,23.66,14,311,0
2026-08-03 01:00:04,5.0,90.1,256689.33,35.8,21.98,6.6,0.01,0.07,4.08,14,311,0
2026-08-03 01:00:10,10.2,90.0,258946.67,35.8,54.12,6.22,0.0,0.0,79.08,14,311,0
2026-08-03 01:00:16,9.9,90.2,254905.33,35.8,53.59,3.37,0.01,0.0,4.68,14,311,0
2026-08-03 01:00:22,10.5,90.2,252914.67,35.8,41.89,5.93,0.01,0.0,49.57,14,311,0
2026-08-03 01:00:28,18.5,90.3,252444.0,35.8,30.67,3.02,0.01,0.02,3.73,13,311,0
2026-08-03 01:00:34,3.6,89.9,263064.0,35.8,25.54,0.77,0.01,0.0,4.67,13,311,0
2026-08-03 01:00:40,2.7,90.0,259806.67,35.8,0.85,0.64,0.0,0.0,32.84,13,311,0
2026-08-03 01:00:46,11.8,90.0,260505.33,35.8,4.9,0.87,0.01,0.0,5.28,13,311,0
2026-08-03 01:00:52,13.1,90.1,257268.0,35.8,26.27,7.54,0.01,0.0,48.04,13,312,0
2026-08-03 01:00:58,8.7,90.0,258202.67,35.8,45.67,6.29,0.01,0.01,151.87,13,312,0
2026-08-03 01:01:04,11.2,90.0,258930.67,35.8,19.88,3.27,0.01,0.0,3.45,13,311,0
2026-08-03 01:01:10,14.4,90.3,251990.67,35.8,20.19,6.48,0.01,0.01,5.4,13,311,0
2026-08-03 01:01:16,4.0,90.1,257184.0,35.8,37.88,2.12,0.01,0.0,4.29,13,311,0
2026-08-03 01:01:22,7.9,90.1,256401.33,35.8,28.75,0.9,0.01,0.0,4.45,12,311,0
2026-08-03 01:01:28,2.2,90.0,260525.33,35.8,18.39,0.83,0.0,0.01,4.27,12,311,0
2026-08-03 01:01:34,4.3,89.9,263004.0,35.8,11.96,7.16,0.01,0.0,4.72,12,311,0
2026-08-03 01:01:40,23.5,90.1,256202.67,35.8,28.96,3.82,0.0,0.0,14.89,12,312,0
2026-08-03 01:01:46,3.8,90.0,260280.0,35.8,69.62,2.17,0.01,0.0,8.42,12,315,0
2026-08-03 01:01:53,12.6,90.2,255236.0,35.8,43.44,1.07,0.01,0.0,3.65,12,311,0
2026-08-03 01:01:59,6.2,90.2,255297.33,35.8,43.52,1.12,0.0,0.0,4.8,12,311,0
2026-08-03 01:02:05,7.2,90.2,254538.67,35.8,51.31,4.92,0.01,0.0,55.34,12,311,0
2026-08-03 01:02:11,8.4,90.0,259089.33,35.8,28.87,3.53,0.0,0.0,66.49,12,311,0
2026-08-03 01:02:17,7.9,90.0,260617.33,35.8,25.01,7.75,0.01,0.0,3.71,12,311,0
2026-08-03 01:02:23,8.5,91.6,217618.67,35.8,49.61,3.83,0.01,0.0,8.92,12,312,0
2026-08-03 01:02:29,7.6,89.6,269546.67,35.8,432.75,13.47,0.01,0.01,4.66,11,313,0
2026-08-03 01:02:35,12.6,89.4,275637.33,35.8,0.9,6.22,0.01,0.0,7.1,11,313,0
2026-08-03 01:02:41,5.1,89.1,282494.67,35.8,2.84,0.76,0.0,0.0,73.44,11,313,0
2026-08-03 01:02:47,4.9,89.2,279873.33,35.8,2.71,1.25,0.01,0.0,66.1,11,313,0
2026-08-03 01:02:53,13.6,89.2,279938.67,35.8,1.31,0.48,0.0,0.0,70.07,11,313,0
2026-08-03 01:02:59,8.9,88.9,289006.67,35.8,3.4,5.3,0.01,0.01,73.41,11,313,0
2026-08-03 01:03:05,8.9,89.0,284062.67,35.8,2.63,6.18,0.01,0.0,66.15,11,314,0
2026-08-03 01:03:11,6.7,87.3,329806.67,35.8,4.55,104.61,0.0,0.0,4.42,10,312,0
2026-08-03 01:03:17,14.7,87.6,320593.33,35.8,2.11,3.89,0.01,0.0,4.28,10,312,0
2026-08-03 01:03:23,4.7,87.4,326238.67,35.8,1.16,1.92,0.0,0.0,4.17,10,312,0
2026-08-03 01:03:29,2.2,88.2,307214.67,35.8,68.06,2.44,0.01,0.01,9.28,10,313,0
2026-08-03 01:03:35,4.0,88.1,308556.0,35.8,0.97,0.94,0.01,0.0,67.49,10,313,0
2026-08-03 01:03:41,6.4,88.1,308302.67,35.8,18.77,6.23,0.02,0.04,3.7,10,313,0
2026-08-03 01:03:47,6.6,88.2,306896.0,35.8,8.04,3.71,0.01,0.0,4.51,10,313,0
2026-08-03 01:03:54,3.9,88.3,302408.0,35.8,2.48,6.05,0.01,0.01,45.88,10,313,0
2026-08-03 01:04:00,10.7,87.8,317440.0,35.8,2.08,6.45,0.01,0.0,4.56,10,318,0
2026-08-03 01:04:06,12.3,88.0,312205.33,35.8,15.11,4.95,0.01,0.01,4.95,10,312,0
2026-08-03 01:04:12,2.8,88.0,312130.67,35.8,6.07,2.59,0.85,0.04,8.22,9,312,0
2026-08-03 01:04:18,2.6,88.0,309994.67,35.8,5.71,0.93,2.06,0.03,23.32,9,312,0
2026-08-03 01:04:24,19.4,89.3,276449.33,35.8,61.68,5.21,1.18,0.12,9.25,9,312,0
2026-08-03 01:04:30,3.9,89.2,280224.0,35.8,0.81,5.13,0.01,0.0,4.79,9,312,0
2026-08-03 01:04:36,10.2,89.3,278022.67,35.8,0.38,2.88,0.01,0.0,6.17,9,312,0
2026-08-03 01:04:42,11.7,89.2,279613.33,35.8,1.47,6.49,0.0,0.0,26.74,9,312,0
2026-08-03 01:04:48,18.0,90.0,259180.0,35.8,30.87,3.52,0.01,0.0,3.46,9,312,0
2026-08-03 01:04:54,4.2,87.5,324768.0,35.8,8.53,6.14,0.0,0.0,57.94,9,312,0
2026-08-03 01:05:00,5.5,87.4,326701.33,35.8,3.58,0.91,0.01,0.0,3.67,9,312,0
2026-08-03 01:05:06,3.6,87.7,319597.33,35.8,9.57,0.75,0.01,0.08,42.46,9,312,0
2026-08-03 01:05:12,16.8,88.4,300657.33,35.8,24.75,1.89,0.01,0.01,18.6,8,312,0
2026-08-03 01:05:18,6.9,88.6,294374.67,35.8,8.36,7.04,0.01,0.0,3.34,8,313,0
2026-08-03 01:05:24,6.4,88.4,300445.33,35.8,0.88,2.92,0.0,0.0,4.06,8,313,0
2026-08-03 01:05:30,9.3,88.8,290609.33,35.8,0.63,6.25,0.01,0.01,3.95,8,312,0
2026-08-03 01:05:36,10.1,88.8,290450.67,35.8,0.86,7.18,0.0,0.0,8.51,8,312,0
2026-08-03 01:05:42,2.6,88.8,291580.0,35.8,2.87,2.85,0.01,0.0,43.72,8,312,0
2026-08-03 01:05:48,0.8,88.4,301064.0,35.8,0.45,1.13,0.01,0.0,3.66,8,312,0
2026-08-03 01:05:54,8.0,88.7,292892.0,35.8,3.08,0.71,0.0,0.0,45.85,8,312,0
2026-08-03 01:06:00,12.3,88.8,291682.67,35.8,0.98,1.07,0.01,0.0,67.4,8,313,0
2026-08-03 01:06:06,5.2,88.5,297864.0,35.8,4.42,12.38,0.01,0.01,62.68,8,311,0
2026-08-03 01:06:12,11.2,88.8,291485.33,35.8,5.44,3.23,0.01,0.0,4.3,7,312,0
2026-08-03 01:06:19,10.0,89.0,286482.67,35.8,0.91,6.4,0.01,0.0,64.04,7,312,0
2026-08-03 01:06:25,13.8,88.9,287797.33,35.8,1.09,3.23,0.0,0.0,6.04,7,312,0
2026-08-03 01:06:31,10.5,91.2,227472.0,35.8,90.94,28.73,0.02,0.05,4.99,7,313,0
2026-08-03 01:06:37,8.0,90.9,235093.33,35.8,36.26,13.54,0.0,0.01,7.32,7,312,0
2026-08-03 01:06:43,3.6,90.7,242425.33,35.8,1.98,0.78,0.01,0.0,183.24,7,312,0
2026-08-03 01:06:49,16.9,90.5,247456.0,35.8,1.11,1.28,0.01,0.0,5.18,7,312,0
2026-08-03 01:06:55,15.9,90.7,240369.33,35.8,4.73,7.0,0.0,0.0,4.97,7,312,0
2026-08-03 01:07:01,5.3,89.9,262921.33,35.8,2.64,13.19,0.01,0.0,15.31,7,311,0
2026-08-03 01:07:07,16.9,92.3,199921.33,35.8,154.48,1.3,0.0,0.0,73.49,6,313,0
2026-08-03 01:07:13,5.0,92.1,205124.0,35.8,38.01,1.29,0.01,0.0,65.03,6,312,0
2026-08-03 01:07:19,13.3,91.9,209353.33,35.8,49.72,1.12,0.01,0.0,60.71,6,312,0
2026-08-03 01:07:25,2.2,91.8,211432.0,35.8,9.97,2.82,0.0,0.0,62.08,6,313,0
2026-08-03 01:07:31,11.8,92.5,193452.0,35.8,179.0,6.25,0.02,0.02,4.82,6,313,0
2026-08-03 01:07:37,15.9,92.9,185056.0,35.8,39.37,3.14,0.0,0.0,14.65,6,313,0
2026-08-03 01:07:43,3.6,92.6,191038.67,35.8,61.68,6.4,0.01,0.0,4.99,6,313,0
2026-08-03 01:07:49,7.1,92.5,195500.0,35.8,20.97,6.47,0.01,0.0,4.8,6,313,0
2026-08-03 01:07:55,2.9,92.3,200249.33,35.8,6.77,1.75,0.0,0.01,67.33,6,313,0
2026-08-03 01:08:01,4.9,91.5,221398.67,35.8,7.96,14.23,0.01,0.0,9.65,6,312,0
2026-08-03 01:08:08,0.8,91.8,213428.0,35.8,0.94,0.81,0.0,0.0,4.66,5,311,0
2026-08-03 01:08:14,8.8,91.9,209134.67,35.8,0.59,3.04,0.01,0.0,23.03,5,312,0
2026-08-03 01:08:20,11.5,92.1,204914.67,35.8,3.7,6.52,0.0,0.0,3.99,5,312,0
2026-08-03 01:08:26,2.9,92.1,204661.33,35.8,2.27,6.33,0.01,0.0,54.93,5,312,0
2026-08-03 01:08:32,2.7,92.0,206529.33,35.8,8.35,3.17,0.01,0.05,3.82,5,312,0
2026-08-03 01:08:38,84.8,96.1,100438.67,35.8,1052.55,13.47,0.0,0.0,5.6,5,317,1
2026-08-03 01:08:44,61.8,92.4,196304.0,36.7,720.81,47.54,0.0,0.0,,5,319,0
2026-08-03 01:34:20,100.0,89.5,272960.0,36.7,935.68,282.36,77.29,183.19,,4,322,1
2026-08-03 01:34:31,97.0,91.6,216980.0,35.8,1599.18,88.63,0.13,0.21,102.97,4,327,1
2026-08-03 01:34:37,20.1,91.0,233228.0,35.8,520.41,49.49,0.14,0.3,4.49,4,324,0
2026-08-03 01:34:43,13.0,91.2,228718.67,35.8,436.65,22.29,0.08,0.78,3.46,3,323,0
2026-08-03 01:34:49,11.7,85.1,386193.33,35.8,128.24,331.59,0.02,0.01,4.14,3,322,0
2026-08-03 01:34:55,7.8,84.5,400840.0,35.8,42.62,32.78,0.03,0.01,3.84,3,320,0
2026-08-03 01:35:01,14.3,84.4,405846.67,35.8,25.79,1.82,0.01,0.01,36.05,3,317,0
2026-08-03 01:35:07,4.4,86.6,347784.0,35.8,72.36,1.48,0.01,0.0,74.5,3,317,0
2026-08-03 01:35:13,13.6,87.8,316740.0,35.8,17.83,11.53,0.01,0.0,3.75,3,318,0
2026-08-03 01:35:19,7.1,86.0,363694.67,35.8,10.14,3.09,0.0,0.0,4.68,3,318,0
2026-08-03 01:35:25,2.9,85.4,377985.33,35.8,3.85,7.27,0.02,0.01,52.26,3,318,0
2026-08-03 01:35:31,67.4,87.7,318433.33,35.8,525.96,1.97,0.01,0.01,16.29,3,322,0
2026-08-03 01:35:37,16.8,88.3,303113.33,35.8,442.02,67.5,0.05,0.21,24.25,2,324,0
2026-08-03 01:35:43,17.1,88.0,311581.33,35.8,179.24,175.77,0.04,0.03,4.5,2,325,0
2026-08-03 01:35:49,19.7,90.5,247106.67,35.8,212.63,32.75,0.16,0.01,3.92,2,324,0
2026-08-03 01:35:55,53.5,89.9,262209.33,35.8,157.02,56.95,0.03,0.02,58.81,2,330,0
2026-08-03 01:36:01,23.8,91.6,216810.67,35.8,96.72,1.76,0.01,0.01,3.54,3,327,0
2026-08-03 01:36:07,21.6,92.3,200721.33,35.8,28.8,4.56,0.01,0.0,63.6,3,325,0
2026-08-03 01:36:13,29.9,94.6,140688.0,35.8,95.36,28.25,0.03,0.19,6.11,3,325,0
2026-08-03 01:36:19,19.9,90.2,254552.0,35.8,308.55,7.08,0.02,0.07,69.83,3,325,0
2026-08-03 01:36:26,16.3,87.4,326048.0,35.8,17.83,103.41,0.01,0.0,3.32,4,324,0
2026-08-03 01:36:32,38.6,88.1,309780.0,35.8,73.25,54.7,0.01,0.0,3.5,4,325,0
2026-08-03 01:36:38,27.4,88.7,294161.33,35.8,329.2,6.81,0.02,0.01,5.54,4,324,0
2026-08-03 01:36:44,13.7,89.2,279464.0,35.8,360.69,2.86,0.0,0.01,3.94,4,324,0
2026-08-03 01:36:50,22.6,91.3,226561.33,35.8,360.37,3.45,0.01,0.0,73.54,4,324,0
2026-08-03 01:36:56,18.0,92.9,182877.33,35.8,261.83,4.03,0.01,0.0,3.43,4,322,0
2026-08-03 01:37:02,18.1,92.8,186578.67,35.8,259.2,2.1,0.0,0.0,9.37,5,324,0
2026-08-03 01:37:08,18.1,94.5,143153.33,35.8,229.55,1.99,0.02,0.01,4.15,5,322,0
2026-08-03 01:37:14,17.9,93.5,168598.67,35.8,220.75,1.5,0.0,0.0,3.52,5,322,0
2026-08-03 01:37:20,33.9,94.9,131086.67,35.8,279.57,0.96,0.01,0.0,4.58,5,321,0
2026-08-03 01:37:26,19.1,94.2,149236.0,35.8,283.65,1.03,0.0,0.0,177.25,6,322,0
2026-08-03 01:37:32,12.3,94.5,141489.33,35.8,259.45,5.4,0.04,0.01,3.22,6,321,0
2026-08-03 01:37:38,14.4,93.4,170417.33,35.8,253.78,3.91,0.23,3.08,25.14,6,318,0
2026-08-03 01:37:44,13.0,93.3,175034.67,35.8,241.81,7.22,0.09,0.93,30.98,6,318,0
2026-08-03 01:37:50,27.7,92.8,187974.67,35.8,239.23,4.47,0.39,0.95,10.67,6,318,0
2026-08-03 01:37:56,46.4,94.1,154150.67,35.8,176.5,84.62,1.69,2.36,20.69,6,318,0
2026-08-03 01:38:02,25.5,87.7,319788.0,35.8,120.29,83.64,0.01,0.0,3.87,7,317,0
2026-08-03 01:38:08,17.3,85.8,369378.67,35.8,21.82,135.37,0.02,0.0,3.78,7,317,0
2026-08-03 01:38:14,20.3,84.9,390970.67,35.8,4.5,116.36,0.0,0.0,4.84,7,317,0
2026-08-03 01:38:20,40.6,84.3,406662.67,35.8,36.29,149.56,0.15,0.24,5.29,7,317,0
2026-08-03 01:38:26,23.3,86.4,353569.33,35.8,86.81,59.49,0.38,0.52,3.24,8,318,0
2026-08-03 01:38:32,20.3,87.1,334513.33,35.8,66.1,6.3,0.13,0.35,4.93,8,318,0
2026-08-03 01:38:38,12.9,89.0,285932.0,35.8,106.0,49.0,0.18,0.98,4.46,8,319,0
2026-08-03 01:38:44,24.6,83.2,435637.33,35.8,62.58,63.23,0.03,0.13,4.14,8,318,0
2026-08-03 01:38:50,18.1,83.8,420844.0,35.8,42.48,4.16,0.01,0.0,24.75,8,317,0
2026-08-03 01:38:56,13.0,83.6,425288.0,35.8,21.08,6.17,0.0,0.01,3.34,9,317,0
2026-08-03 01:39:02,8.7,83.5,426704.0,35.8,5.56,1.16,0.01,0.0,66.21,9,317,0
2026-08-03 01:39:08,13.7,83.4,430150.67,35.8,34.31,2.02,0.01,0.01,77.02,9,316,0
2026-08-03 01:39:15,14.6,84.8,394358.67,35.8,116.7,6.16,0.01,0.0,3.56,9,316,0
2026-08-03 01:39:21,12.1,86.6,348541.33,35.8,135.93,3.75,0.02,0.1,3.74,9,316,0
2026-08-03 01:39:27,12.9,87.3,328341.33,35.8,46.93,6.27,0.0,0.0,44.46,10,316,0
2026-08-03 01:39:33,18.1,83.9,418508.0,35.8,17.62,256.7,0.03,0.01,5.44,10,315,0
2026-08-03 01:39:39,14.0,80.6,503770.67,35.8,82.29,36.94,0.0,0.0,61.48,10,312,0
2026-08-03 01:39:45,13.6,80.6,502442.67,35.8,5.29,6.58,0.01,0.01,4.54,10,311,0
2026-08-03 01:39:51,13.2,80.6,503609.33,35.8,4.11,3.57,0.0,0.0,90.46,10,311,0
2026-08-03 01:39:57,15.9,81.2,488602.67,35.8,7.96,6.56,0.04,0.12,46.04,11,311,0
2026-08-03 01:40:03,10.4,81.9,469373.33,35.8,499.68,2.3,0.01,0.0,5.6,11,310,0
2026-08-03 01:40:09,21.2,86.9,338676.0,35.8,161.32,1.11,0.0,0.0,4.54,11,310,0
2026-08-03 01:40:15,8.4,91.1,231306.67,35.8,725.59,113.32,0.06,0.07,65.82,11,311,0
2026-08-03 01:40:21,39.1,90.5,245080.0,35.8,544.71,21.95,0.62,0.44,7.99,11,310,0
2026-08-03 01:40:27,22.0,86.8,343200.0,35.8,509.66,355.71,0.25,0.08,34.91,12,310,0
2026-08-03 01:40:33,54.9,88.6,295185.33,35.8,131.02,6.26,0.24,0.66,3.69,12,311,0
2026-08-03 01:40:39,37.2,90.4,250180.0,35.8,426.03,5.04,0.03,0.01,62.21,12,313,0
2026-08-03 01:40:45,10.3,88.9,287606.67,35.8,330.33,130.17,0.02,0.01,70.6,12,313,0
2026-08-03 01:40:51,23.2,88.7,291892.0,35.8,293.45,90.01,0.06,0.01,60.04,12,312,0
2026-08-03 01:40:57,2.2,88.7,292970.67,35.8,114.89,1.02,0.02,0.0,3.85,13,311,0
2026-08-03 01:41:03,10.7,89.5,272122.67,35.8,132.6,5.8,0.01,0.01,3.73,13,311,0
2026-08-03 01:41:09,17.9,91.4,222644.0,35.8,292.63,2.91,0.01,0.0,65.24,13,311,0
2026-08-03 01:41:15,5.0,91.2,229297.33,35.8,70.27,6.35,0.01,0.0,3.68,13,311,0
2026-08-03 01:41:22,4.5,91.3,225877.33,35.8,84.67,1.39,0.01,0.01,65.1,13,310,0
2026-08-03 01:41:28,6.6,86.1,359182.67,35.8,62.8,94.92,0.01,0.0,3.88,14,310,0
2026-08-03 01:41:34,3.5,86.4,353112.0,35.8,21.76,1.95,0.0,0.0,68.57,14,310,0
2026-08-03 01:41:40,7.8,86.2,358726.67,35.8,32.23,3.98,0.02,0.02,4.69,14,308,0
2026-08-03 01:41:46,8.3,87.3,328926.67,35.8,60.02,8.26,0.01,0.0,57.4,14,314,0
2026-08-03 01:41:52,10.7,87.4,326878.67,35.8,13.35,6.36,0.01,0.0,17.02,14,308,0
2026-08-03 01:41:58,12.3,88.0,312430.67,35.8,14.08,3.5,0.01,0.01,91.96,15,308,0
2026-08-03 01:42:04,19.0,88.3,304697.33,35.8,38.34,6.31,0.01,0.01,4.18,15,308,0
2026-08-03 01:42:10,31.7,87.2,332448.0,35.8,8.85,69.27,0.01,0.0,55.03,15,308,0
2026-08-03 01:42:16,12.3,88.4,299808.0,35.8,163.38,2.19,0.02,0.02,76.18,15,309,0
2026-08-03 01:42:22,16.8,89.5,271581.33,35.8,41.17,5.75,0.0,0.0,3.94,16,315,0
2026-08-03 01:42:28,12.1,90.2,253660.0,35.8,90.48,3.18,0.01,0.0,26.14,16,309,0
2026-08-03 01:42:34,20.1,89.8,264334.67,35.8,47.1,6.6,0.0,0.0,13.2,16,309,0
2026-08-03 01:42:40,6.9,89.2,280954.67,35.8,22.66,3.93,0.01,0.01,3.82,16,309,0
2026-08-03 01:42:46,12.6,87.8,316565.33,35.8,39.35,8.83,0.0,0.0,65.68,16,308,0
2026-08-03 01:42:52,14.8,91.1,231878.67,35.8,296.82,63.53,0.01,0.0,110.31,17,308,0
2026-08-03 01:42:58,14.5,88.7,293184.0,35.8,83.63,200.28,0.01,0.01,4.07,17,308,0
2026-08-03 01:43:04,10.8,88.7,291762.67,35.8,48.45,2.16,0.0,0.0,35.21,17,308,0
2026-08-03 01:43:10,16.0,89.5,272774.67,35.8,87.54,5.89,0.01,0.0,78.62,17,309,0
2026-08-03 01:43:17,4.2,89.3,276370.67,35.8,39.37,2.1,0.0,0.0,4.04,17,308,0
2026-08-03 01:43:23,11.5,89.4,275881.33,35.8,14.91,6.86,0.01,0.0,73.1,18,308,0
2026-08-03 01:43:29,13.6,89.5,273105.33,35.8,20.17,3.23,0.01,0.0,4.24,18,308,0
2026-08-03 01:43:35,15.6,90.0,260126.67,35.8,44.99,9.18,0.01,0.01,4.1,18,308,0
2026-08-03 01:43:41,17.1,89.8,263416.0,35.8,39.58,3.93,0.01,0.0,3.28,18,308,0
2026-08-03 01:43:47,18.6,90.0,258838.67,35.8,20.71,6.55,0.0,0.0,6.12,18,308,0
2026-08-03 01:43:53,10.7,90.0,259124.0,35.8,24.75,6.63,0.01,0.0,36.69,19,308,0
2026-08-03 01:43:59,18.2,90.2,253125.33,35.8,158.71,5.59,0.01,0.01,3.9,19,308,0
2026-08-03 01:44:05,26.5,90.3,252688.0,35.8,41.18,2.27,0.01,0.0,109.98,19,307,0
2026-08-03 01:44:11,8.0,90.3,252608.0,35.8,12.32,5.98,0.0,0.0,4.02,19,307,0
2026-08-03 01:44:17,28.0,91.3,226784.0,35.8,37.74,3.41,0.01,0.01,87.16,19,307,0
2026-08-03 01:44:23,26.2,92.0,206972.0,35.8,450.31,14.49,0.02,0.09,3.18,20,310,0
2026-08-03 01:44:29,9.1,88.5,297233.33,35.8,57.53,177.75,0.03,0.03,3.88,20,309,0
2026-08-03 01:44:35,15.7,81.1,490582.67,35.8,92.91,4.76,0.01,0.0,4.3,20,310,0
2026-08-03 01:44:41,28.5,83.2,435561.33,35.8,180.54,12.19,0.02,0.03,3.94,20,314,0
2026-08-03 01:44:47,0.8,83.2,435017.33,35.8,10.4,7.46,0.01,0.01,32.0,20,314,0
2026-08-03 01:44:53,8.6,83.8,420744.0,35.8,40.47,1.45,0.01,0.0,4.75,21,314,0
2026-08-03 01:44:59,6.0,83.6,426125.33,35.8,6.84,0.96,0.01,0.02,3.51,21,312,0
2026-08-03 01:45:05,19.0,83.9,417401.33,35.8,4.77,3.38,0.01,0.0,3.79,21,313,0
2026-08-03 01:45:11,14.3,84.1,412878.67,35.8,7.35,6.52,0.0,0.0,3.77,21,312,0
2026-08-03 01:45:17,5.0,83.5,429125.33,35.8,5.9,6.15,0.01,0.0,24.0,21,312,0
2026-08-03 01:45:23,9.0,83.3,433876.0,35.8,3.44,3.5,0.0,0.0,4.73,22,312,0
2026-08-03 01:45:29,12.0,83.7,423202.67,35.8,2.93,6.39,0.01,0.0,4.55,22,311,0
2026-08-03 01:45:35,11.1,83.8,420630.67,35.8,2.2,0.82,0.01,0.0,6.34,22,310,0
2026-08-03 01:45:41,4.8,83.9,418018.67,35.8,3.1,1.05,0.01,0.0,3.12,22,310,0
2026-08-03 01:45:47,17.2,84.4,405418.67,35.8,380.67,0.85,0.02,0.02,4.11,22,311,0
2026-08-03 01:45:53,4.6,84.1,412066.67,35.8,45.45,2.41,0.01,0.01,4.05,22,310,0
2026-08-03 01:45:59,8.0,84.4,404597.33,35.8,8.34,6.9,0.01,0.0,3.34,23,310,0
2026-08-03 01:46:05,11.0,84.4,403818.67,35.8,1.92,3.29,0.01,0.01,80.07,23,310,0
2026-08-03 01:46:11,36.9,85.4,377634.67,35.8,15.15,8.04,0.01,0.01,3.86,23,310,0
2026-08-03 01:46:17,24.1,84.4,403285.33,35.8,6.92,3.21,0.01,0.0,4.48,23,309,0
2026-08-03 01:46:23,19.8,85.2,384492.0,35.8,17.99,8.31,0.01,0.01,3.19,24,310,0
2026-08-03 01:46:29,9.4,85.0,388113.33,35.8,3.74,1.03,0.01,0.01,4.36,24,309,0
2026-08-03 01:46:35,12.9,84.5,402792.0,35.8,7.53,0.98,0.01,0.01,4.64,24,310,0
2026-08-03 01:46:41,20.8,85.0,389245.33,35.8,64.05,2.59,0.02,0.01,3.81,24,310,0
2026-08-03 01:46:48,26.3,85.0,388966.67,35.8,4.57,8.43,0.01,0.0,9.66,24,310,0
2026-08-03 01:46:54,14.7,85.2,384332.0,35.8,4.93,7.21,0.0,0.0,4.32,24,310,0
2026-08-03 01:47:00,22.1,85.4,378321.33,35.8,40.21,3.39,0.01,0.0,3.38,25,310,0
2026-08-03 01:47:06,40.9,86.1,361721.33,35.8,88.13,3.16,0.02,0.01,3.73,25,310,0
2026-08-03 01:47:12,33.5,86.2,358118.67,35.8,97.44,5.94,0.02,0.02,4.03,25,310,0
2026-08-03 01:47:18,38.4,86.5,349770.67,35.8,74.63,3.77,0.01,0.0,31.13,25,310,0
2026-08-03 01:47:24,43.9,86.4,352737.33,35.8,104.29,31.0,0.0,0.0,7.01,25,315,0
2026-08-03 01:47:30,23.7,86.8,342136.0,35.8,42.59,3.52,0.01,0.01,3.57,26,309,0
2026-08-03 01:47:36,21.9,86.9,340465.33,35.8,91.89,7.53,0.0,0.0,68.56,26,308,0
2026-08-03 01:47:42,25.8,87.3,328322.67,35.8,127.88,2.69,0.01,0.0,3.47,26,308,0
2026-08-03 01:47:48,14.4,87.3,330418.67,35.8,112.96,2.13,0.0,0.0,52.77,26,308,0
2026-08-03 01:47:54,16.2,87.3,328684.0,35.8,53.96,6.2,0.01,0.0,4.47,26,308,0
2026-08-03 01:48:00,9.1,83.1,438312.0,35.8,57.31,307.04,0.01,0.0,63.45,27,308,0
2026-08-03 01:48:06,9.6,83.0,441882.67,35.8,27.58,1.21,0.01,0.01,4.79,27,308,0
2026-08-03 01:48:12,11.7,83.0,440920.0,35.8,9.0,0.88,0.01,0.0,55.49,27,308,0
2026-08-03 01:48:18,8.1,83.1,437797.33,35.8,5.64,2.33,0.01,0.01,3.67,27,308,0
2026-08-03 01:48:24,15.7,83.4,430346.67,35.8,43.43,6.68,0.01,0.0,14.87,28,308,0
2026-08-03 01:48:30,18.8,83.3,432184.0,35.8,51.95,2.67,0.01,0.0,48.71,28,308,0
2026-08-03 01:48:36,25.8,83.4,429306.67,35.8,59.41,7.56,0.02,0.02,75.5,28,308,0
2026-08-03 01:48:42,17.4,83.7,423985.33,35.8,16.21,2.73,0.01,0.0,4.13,28,308,0
2026-08-03 01:48:48,13.5,83.6,425696.0,35.8,31.35,7.31,0.0,0.0,3.6,28,308,0
2026-08-03 01:48:54,5.8,84.4,403761.33,35.8,108.23,1.05,0.01,0.01,57.89,28,309,0
2026-08-03 01:49:00,4.3,84.6,398132.0,35.8,58.78,0.8,0.01,0.0,3.68,28,309,0
2026-08-03 01:49:06,15.1,84.6,398680.0,35.8,50.79,3.37,0.01,0.01,75.73,29,309,0
2026-08-03 01:49:12,13.5,84.0,415490.67,35.8,55.14,6.44,0.01,0.0,7.55,29,309,0
2026-08-03 01:49:18,16.5,83.9,418385.33,35.8,15.73,2.05,0.0,0.0,3.89,29,309,0
2026-08-03 01:49:24,7.7,83.2,436261.33,35.8,10.55,1.41,0.02,0.09,42.92,29,307,0
2026-08-03 01:49:30,6.1,83.4,429441.33,35.8,2.98,1.06,0.0,0.0,72.8,30,308,0
2026-08-03 01:49:37,11.4,82.7,447566.67,35.8,24.01,34.83,0.01,0.01,4.07,30,309,0
2026-08-03 01:49:43,16.9,82.8,445120.0,35.8,9.18,3.62,0.01,0.0,67.54,30,309,0
2026-08-03 01:49:49,11.4,83.0,441594.67,35.9,4.56,8.13,0.0,0.0,4.43,30,309,0
2026-08-03 01:49:55,13.1,83.1,438820.0,35.9,5.89,3.42,0.01,0.0,61.84,30,309,0
2026-08-03 01:50:01,13.5,84.0,416010.67,35.9,55.85,6.26,0.02,0.02,4.1,30,310,0
2026-08-03 01:50:07,19.6,83.8,420672.0,35.9,29.42,6.41,0.01,0.01,69.55,30,309,0
2026-08-03 01:50:13,8.0,83.7,421841.33,35.9,12.43,0.94,0.0,0.0,7.97,31,309,0
2026-08-03 01:50:19,6.8,83.6,426113.33,35.9,1.69,0.6,0.01,0.0,61.27,31,309,0
2026-08-03 01:50:25,20.9,84.2,410450.67,35.9,25.98,2.41,0.01,0.0,4.2,32,309,0
2026-08-03 01:50:31,11.9,83.1,437429.33,35.9,45.3,4.57,0.0,0.0,61.58,32,308,0
2026-08-03 01:50:37,23.7,83.2,434405.33,35.9,30.23,3.48,0.01,0.0,3.53,32,309,0
2026-08-03 01:50:43,19.1,84.1,411429.33,35.9,80.74,7.62,0.04,0.07,60.79,32,307,0
2026-08-03 01:50:49,11.5,84.1,413102.67,35.9,44.94,2.57,0.02,0.02,3.92,32,307,0
2026-08-03 01:50:55,22.1,84.3,407865.33,35.9,36.56,6.13,0.01,0.01,3.75,32,307,0
2026-08-03 01:51:01,18.6,84.5,402568.0,35.9,51.59,2.57,0.0,0.01,3.97,32,307,0
2026-08-03 01:51:07,11.3,84.5,400988.0,35.9,30.75,2.0,0.01,0.0,5.3,32,313,0
2026-08-03 01:51:13,15.4,84.8,395437.33,35.9,38.66,6.21,0.01,0.01,39.53,32,307,0
2026-08-03 01:51:19,24.7,84.9,392252.0,35.9,102.66,2.54,0.01,0.0,7.68,33,307,0
2026-08-03 01:51:25,11.6,85.1,386078.67,35.9,55.21,7.91,0.0,0.0,64.65,33,307,0
2026-08-03 01:51:31,34.1,85.1,387428.0,35.9,41.18,2.94,0.01,0.0,3.67,33,307,0
2026-08-03 01:51:37,12.0,85.2,382664.0,35.9,68.3,6.93,0.01,0.01,3.58,33,307,0
2026-08-03 01:51:43,12.1,85.4,379066.67,35.9,55.79,2.77,0.01,0.02,3.42,33,307,0
2026-08-03 01:51:49,18.5,87.6,322728.0,35.9,516.23,2.37,0.01,0.0,9.6,33,307,0
2026-08-03 01:51:55,10.9,86.8,343304.0,35.9,32.5,51.5,0.0,0.0,36.97,34,307,0
2026-08-03 01:52:01,14.9,86.8,341246.67,35.9,3.29,2.14,0.01,0.0,3.84,34,307,0
2026-08-03 01:52:07,5.4,86.4,351993.33,35.9,2.07,1.83,0.01,0.01,5.17,34,307,0
2026-08-03 01:52:13,19.6,87.1,333249.33,35.9,25.19,8.54,0.01,0.01,3.5,34,307,0
2026-08-03 01:52:19,31.2,87.7,318008.0,35.9,3.2,2.64,0.01,0.0,99.99,34,307,0
2026-08-03 01:52:26,14.2,86.6,346781.33,35.9,48.29,73.98,0.0,0.0,4.5,35,307,0
2026-08-03 01:52:32,25.4,87.5,323506.67,35.9,108.86,2.75,0.01,0.0,3.7,35,307,0
2026-08-03 01:52:38,21.5,88.1,308224.0,35.9,47.64,2.37,0.0,0.0,79.73,35,307,0
2026-08-03 01:52:44,20.3,88.6,296808.0,35.9,82.4,7.07,0.01,0.0,3.91,35,307,0
2026-08-03 01:52:50,21.1,88.4,301644.0,35.9,47.73,3.13,0.01,0.0,74.0,35,307,0
2026-08-03 01:52:56,20.8,87.6,320326.67,35.9,431.81,12.1,0.01,0.01,4.3,35,308,0
2026-08-03 01:53:02,37.6,88.1,307738.67,35.9,14.64,2.31,0.01,0.0,4.41,36,308,0
2026-08-03 01:53:08,27.1,88.6,294624.0,35.9,115.15,2.39,0.0,0.01,3.88,36,308,0
2026-08-03 01:53:14,26.5,89.3,277988.0,35.9,76.37,7.97,0.01,0.01,3.9,36,308,0
2026-08-03 01:53:20,19.4,89.3,276232.0,35.9,53.61,2.22,0.0,0.0,30.0,36,308,0
2026-08-03 01:53:26,21.1,89.6,270780.0,35.9,221.22,2.46,0.01,0.0,4.66,36,307,0
2026-08-03 01:53:32,21.7,90.5,245746.67,35.9,615.63,6.34,0.01,0.01,3.63,37,307,0
2026-08-03 01:53:38,18.7,89.0,285380.0,35.9,671.7,8.38,0.01,0.01,3.39,37,307,0
2026-08-03 01:53:44,22.8,87.6,322665.33,35.9,27.66,157.27,0.02,0.01,3.97,37,307,0
2026-08-03 01:53:50,7.3,87.5,323090.67,35.9,2.57,5.1,0.0,0.0,6.02,37,307,0
2026-08-03 01:53:56,12.3,87.5,323218.67,35.9,2.69,2.03,0.01,0.0,30.43,37,307,0
2026-08-03 01:54:02,11.4,87.7,319929.33,35.9,398.09,1.31,0.01,0.01,3.34,37,308,0
2026-08-03 01:54:08,100.0,89.9,262014.67,35.9,238.26,1.99,0.0,0.0,4.53,38,308,1
2026-08-03 01:54:14,7.6,87.5,324786.67,35.9,301.59,224.55,0.02,0.01,7.08,38,308,0
2026-08-03 01:54:20,30.8,90.5,246634.67,35.9,185.66,34.58,0.01,0.09,110.32,38,308,0
2026-08-03 01:54:26,12.8,90.9,235173.33,35.9,160.71,9.38,0.01,0.0,4.03,39,307,0
2026-08-03 01:54:32,19.0,89.3,278497.33,35.9,21.49,7.88,0.0,0.0,3.64,39,306,0
2026-08-03 01:54:38,69.3,85.5,376476.0,35.9,59.28,104.38,0.01,0.0,4.08,39,306,0
2026-08-03 01:54:44,13.0,84.7,397876.0,35.9,5.61,6.55,0.01,0.0,3.99,39,306,0
2026-08-03 01:54:50,15.4,86.6,346422.67,35.9,4.64,2.12,0.0,0.0,4.74,39,306,0
2026-08-03 01:54:56,11.5,86.4,351985.33,35.9,4.5,34.68,0.01,0.0,4.1,39,309,0
2026-08-03 01:55:02,15.2,86.7,344673.33,35.9,16.04,6.82,0.01,0.01,20.24,39,306,0
2026-08-03 01:55:08,15.1,87.1,335485.33,35.9,9.77,1.99,0.01,0.0,4.31,39,306,0
2026-08-03 01:55:14,3.9,86.8,342694.67,35.9,3.72,1.89,0.01,0.01,3.8,39,306,0
2026-08-03 01:55:20,8.7,87.0,336093.33,35.9,4.91,6.24,0.0,0.0,4.52,40,306,0
2026-08-03 01:55:26,9.6,84.8,393357.33,35.9,0.71,152.6,0.01,0.0,35.49,40,306,0
2026-08-03 01:55:33,17.5,85.3,381286.67,35.9,18.29,4.12,0.0,0.0,3.39,40,305,0
2026-08-03 01:55:39,16.6,85.9,365781.33,35.9,53.88,18.21,0.01,0.0,5.57,40,305,0
2026-08-03 01:55:45,34.1,86.6,346381.33,35.9,20.2,13.29,0.01,0.0,3.92,40,305,0
2026-08-03 01:55:51,10.7,87.1,334117.33,35.9,2.74,6.77,0.03,0.02,42.85,40,305,0
2026-08-03 01:55:57,14.7,87.1,335797.33,35.9,3.09,3.41,0.01,0.0,5.1,41,305,0
2026-08-03 01:56:03,14.0,86.9,339773.33,35.9,4.17,2.41,0.0,0.0,3.57,41,305,0
2026-08-03 01:56:09,9.1,86.6,346561.33,35.9,10.72,5.31,0.01,0.0,3.48,41,305,0
2026-08-03 01:56:15,18.3,87.3,330086.67,35.9,17.04,3.51,0.0,0.0,37.71,41,305,0
2026-08-03 01:56:21,16.1,86.8,341333.33,35.9,22.25,6.84,0.01,0.0,3.55,41,305,0
2026-08-03 01:56:27,11.5,87.9,315016.0,35.9,63.61,6.83,0.01,0.0,3.58,42,305,0
2026-08-03 01:56:33,23.9,89.4,275428.0,35.9,41.44,2.52,0.01,0.02,3.63,42,306,0
2026-08-03 01:56:39,10.8,89.7,266997.33,35.9,91.58,3.84,0.02,0.01,43.13,42,305,0
2026-08-03 01:56:45,5.1,90.9,234940.0,35.9,148.26,5.28,0.01,0.01,3.66,42,306,0
2026-08-03 01:56:51,5.5,89.4,276110.67,35.9,345.95,35.26,0.02,0.02,5.49,42,306,0
2026-08-03 01:56:57,10.6,89.4,274133.33,35.9,32.78,2.46,0.0,0.0,50.94,42,306,0
2026-08-03 01:57:03,10.2,89.2,280301.33,35.9,36.52,5.16,0.01,0.0,4.49,43,306,0
2026-08-03 01:57:09,17.6,89.8,265069.33,35.9,43.56,3.53,0.01,0.0,56.68,43,306,0
2026-08-03 01:57:15,15.0,90.9,236286.67,35.9,133.22,5.53,0.02,0.02,5.97,43,306,0
2026-08-03 01:57:21,5.1,90.0,258157.33,35.9,54.19,3.83,0.01,0.0,4.36,43,305,0
2026-08-03 01:57:27,16.2,90.2,254196.0,35.9,30.07,6.83,0.0,0.0,4.13,43,305,0
2026-08-03 01:57:33,19.7,89.5,272286.67,35.9,15.94,3.64,0.01,0.0,4.75,44,305,0
2026-08-03 01:57:39,10.6,89.7,266532.0,35.9,17.72,6.62,0.01,0.0,23.24,44,305,0
2026-08-03 01:57:45,9.0,89.2,281226.67,35.9,8.46,3.51,0.02,0.01,6.82,44,305,0
2026-08-03 01:57:51,8.6,88.6,295136.0,35.9,6.34,4.95,0.01,0.0,4.61,44,305,0
2026-08-03 01:57:57,9.5,87.6,321856.0,35.9,159.76,137.25,0.01,0.01,47.24,45,306,0
2026-08-03 01:58:03,8.3,88.1,308514.67,35.9,10.44,6.27,0.01,0.0,4.29,45,306,0
2026-08-03 01:58:09,17.3,88.1,309381.33,35.9,12.2,3.44,0.01,0.01,6.69,45,306,0
2026-08-03 01:58:15,12.0,88.0,311596.0,35.9,20.38,6.34,0.0,0.0,3.56,45,306,0
2026-08-03 01:58:21,14.1,88.2,307278.67,35.9,3.5,3.63,0.01,0.0,3.99,45,306,0
2026-08-03 01:58:27,17.7,87.6,322650.67,35.9,4.05,7.5,0.0,0.0,26.08,45,305,0
2026-08-03 01:58:33,7.6,88.0,311380.0,35.9,4.71,7.36,0.01,0.0,3.65,45,305,0
2026-08-03 01:58:39,27.8,88.5,299404.0,35.9,43.07,3.17,0.0,0.0,80.1,45,305,0
2026-08-03 01:58:45,22.3,89.1,282376.0,35.9,95.1,5.55,0.02,0.0,4.07,45,311,0
2026-08-03 01:58:51,15.9,89.2,280950.67,35.9,90.94,2.45,0.01,0.01,4.29,45,305,0
2026-08-03 01:58:57,24.6,89.8,264494.67,35.9,103.72,2.1,0.01,0.01,3.8,46,305,0
2026-08-03 01:59:03,8.6,90.2,255006.67,35.9,83.23,6.44,0.01,0.0,3.95,46,305,0
2026-08-03 01:59:09,15.7,90.1,255545.33,35.9,62.29,3.46,0.01,0.02,4.49,46,305,0
2026-08-03 01:59:15,13.7,90.4,250244.0,35.9,38.83,6.39,0.01,0.0,3.7,46,305,0
2026-08-03 01:59:22,2.9,90.7,240016.0,35.9,46.46,1.71,0.01,0.09,3.93,46,305,0
2026-08-03 01:59:28,6.6,89.3,278694.67,35.9,43.47,3.5,0.0,0.0,4.23,46,305,0
2026-08-03 01:59:34,48.1,87.8,317314.67,35.9,5.87,1.57,0.01,0.0,3.7,47,305,0
2026-08-03 01:59:40,5.3,81.9,469825.33,35.9,6.64,3.91,0.0,0.0,18.79,47,304,0
2026-08-03 01:59:46,11.8,82.9,444618.67,35.9,9.68,6.52,0.01,0.0,4.58,47,305,0
2026-08-03 01:59:52,21.7,81.5,480826.67,35.9,48.16,27.48,0.01,0.02,3.39,47,305,0
2026-08-03 01:59:58,11.0,81.8,471742.67,35.9,6.65,6.61,0.01,0.01,3.93,47,305,0
2026-08-03 02:00:04,7.5,81.9,468790.67,35.9,3.59,6.19,0.01,0.0,3.44,47,305,0
2026-08-03 02:00:10,4.5,81.7,474628.0,35.9,6.18,1.25,0.0,0.0,27.61,48,305,0
2026-08-03 02:00:16,4.5,82.3,459806.67,35.9,5.16,0.77,0.01,0.0,4.45,48,305,0
2026-08-03 02:00:22,13.2,83.2,435826.67,35.9,2.66,1.24,0.0,0.0,4.62,48,305,0
2026-08-03 02:00:28,6.5,81.9,468586.67,35.9,6.5,3.32,0.01,0.01,5.34,49,305,0
2026-08-03 02:00:34,20.7,82.1,463289.33,35.9,3.89,6.6,0.0,0.0,27.92,49,305,0
2026-08-03 02:00:40,10.5,82.1,465089.33,35.9,4.34,3.48,0.01,0.0,15.78,49,311,0
2026-08-03 02:00:46,25.0,82.1,465344.0,35.9,1.92,6.58,0.01,0.0,3.26,49,305,0
2026-08-03 02:00:52,10.2,82.2,460986.67,35.9,3.93,6.29,0.02,0.02,3.41,49,305,0
2026-08-03 02:00:58,23.3,82.5,455054.67,35.9,5.88,3.11,0.02,0.01,4.26,49,305,0
2026-08-03 02:01:04,18.5,82.8,444841.33,35.9,16.39,6.16,0.0,0.0,3.55,49,305,0
2026-08-03 02:01:10,14.1,82.8,445380.0,35.9,14.61,4.0,0.01,0.04,3.65,49,305,0
2026-08-03 02:01:16,12.5,83.9,418304.0,35.9,91.95,1.93,0.01,0.0,6.36,49,305,0
2026-08-03 02:01:22,13.2,84.3,408032.0,35.9,4.61,6.31,0.0,0.0,60.93,49,305,0
2026-08-03 02:01:28,8.7,84.3,407902.67,35.9,1.8,6.21,0.01,0.0,3.09,50,305,0
2026-08-03 02:01:34,9.7,84.7,397696.0,35.9,3.65,3.54,0.01,0.01,3.62,50,305,0
2026-08-03 02:01:40,12.0,84.6,398317.33,35.9,6.89,7.23,0.01,0.02,3.8,50,305,0
2026-08-03 02:01:46,9.8,84.2,410985.33,35.9,1.32,3.46,0.01,0.0,42.39,50,305,0
2026-08-03 02:01:52,8.8,84.1,412229.33,35.9,1.4,6.56,0.0,0.0,3.39,50,305,0
2026-08-03 02:01:58,22.1,84.1,413490.67,35.9,5.17,9.4,0.01,0.01,3.28,50,305,0
2026-08-03 02:02:04,10.0,84.4,403860.0,35.9,3.47,2.46,0.0,0.0,4.08,51,305,0
2026-08-03 02:02:10,5.5,84.4,405525.33,35.9,6.52,2.01,0.01,0.0,3.63,51,305,0
2026-08-03 02:02:16,15.0,84.8,394184.0,35.9,5.55,9.03,0.01,0.01,28.23,51,305,0
2026-08-03 02:02:22,17.6,84.6,398814.67,35.9,2.32,3.6,0.01,0.0,5.88,51,305,0
2026-08-03 02:02:28,15.5,84.7,396592.0,35.9,1.82,6.44,0.01,0.0,4.13,52,305,0
2026-08-03 02:02:34,23.9,85.3,382046.67,35.9,5.21,6.86,0.0,0.0,4.06,52,305,0
2026-08-03 02:02:40,25.1,85.0,388117.33,35.9,4.16,2.61,0.01,0.0,34.94,52,305,0
2026-08-03 02:02:46,28.6,85.1,386078.67,35.9,3.29,7.7,0.01,0.01,5.08,52,305,0
2026-08-03 02:02:52,3.4,85.4,378009.33,35.9,1.86,1.08,0.01,0.0,4.31,52,305,0
2026-08-03 02:02:58,12.1,86.4,351688.0,35.9,4.75,3.39,0.01,0.01,3.94,52,305,0
2026-08-03 02:03:04,21.6,86.0,364277.33,35.9,5.61,5.63,0.01,0.01,22.08,52,305,0
2026-08-03 02:03:10,15.9,86.5,351196.0,35.9,4.32,1.95,0.01,0.0,3.99,52,311,0
2026-08-03 02:03:16,26.4,86.4,352130.67,35.9,5.38,2.1,0.0,0.0,7.58,52,305,0
2026-08-03 02:03:22,42.8,83.1,438549.33,35.9,244.73,298.05,0.01,0.0,4.6,53,305,0
2026-08-03 02:03:28,35.2,85.1,386026.67,35.9,423.63,2.64,0.01,0.0,20.24,53,305,0
2026-08-03 02:03:34,40.6,88.0,310300.0,35.9,551.6,3.53,0.02,0.12,4.09,53,305,0
2026-08-03 02:03:40,50.7,93.3,173596.0,35.9,1461.66,46.1,0.04,0.14,4.99,53,306,0
2026-08-03 02:03:46,11.1,88.4,300465.33,35.9,203.96,181.02,0.01,0.0,39.41,53,306,0
2026-08-03 02:03:53,16.0,88.0,310168.0,35.9,6.16,4.48,0.01,0.0,5.19,53,306,0
2026-08-03 02:03:59,39.1,89.5,271654.67,35.9,117.06,1.38,0.01,0.03,7.36,54,312,0
2026-08-03 02:04:05,16.4,90.1,257461.33,35.9,50.75,3.13,0.01,0.0,5.34,54,308,0
2026-08-03 02:04:11,24.1,90.4,249080.0,35.9,42.35,4.5,0.01,0.01,4.71,54,308,0
2026-08-03 02:04:17,19.0,87.4,325508.0,35.9,154.33,233.83,0.01,0.02,3.21,54,308,0
2026-08-03 02:04:23,15.7,90.6,243030.67,35.9,172.77,2.86,0.04,0.17,3.78,54,308,0
2026-08-03 02:04:29,6.4,88.1,309688.0,35.9,72.09,96.06,0.0,0.0,3.99,55,307,0
2026-08-03 02:04:35,54.6,84.7,396857.33,35.9,26.26,4.12,0.01,0.0,3.48,55,307,0
2026-08-03 02:04:41,21.5,85.7,371929.33,35.9,110.55,3.1,0.01,0.01,3.31,55,307,0
2026-08-03 02:04:47,24.7,82.2,462837.33,35.9,90.38,235.61,0.01,0.01,3.19,55,308,0
2026-08-03 02:04:53,10.7,84.0,415684.0,35.9,4.67,79.02,0.01,0.0,3.86,55,308,0
2026-08-03 02:04:59,26.5,83.7,421866.67,35.9,3.11,26.35,0.01,0.02,4.56,55,308,0
2026-08-03 02:05:05,24.5,84.8,395052.0,35.9,7.83,2.36,0.02,0.01,4.01,55,308,0
2026-08-03 02:05:11,19.7,84.0,414324.0,35.9,3.32,2.11,0.01,0.01,6.15,55,312,0
2026-08-03 02:05:17,31.4,85.3,381740.0,35.9,3.98,6.69,0.01,0.0,4.48,55,308,0
2026-08-03 02:05:23,14.0,86.9,339429.33,35.9,71.61,6.74,0.01,0.0,3.6,56,308,0
2026-08-03 02:05:29,32.0,84.4,405680.0,35.9,65.45,84.23,0.01,0.01,26.01,56,308,0
2026-08-03 02:05:35,20.8,84.9,390976.0,35.9,19.33,6.13,0.01,0.0,8.12,56,308,0
2026-08-03 02:05:41,18.5,85.7,371102.67,35.9,10.65,4.18,0.0,0.0,3.81,56,308,0
2026-08-03 02:05:47,7.4,85.9,366364.0,35.9,5.77,0.95,0.01,0.0,122.69,56,309,0
2026-08-03 02:05:53,46.4,88.1,308326.67,35.9,71.87,6.12,0.03,0.11,3.38,56,310,0
2026-08-03 02:05:59,19.2,88.8,290605.33,35.9,42.69,3.89,0.01,0.01,3.76,56,310,0
2026-08-03 02:06:05,11.1,88.7,293418.67,35.9,74.73,6.76,0.01,0.0,3.8,57,310,0
2026-08-03 02:06:11,22.5,88.3,302850.67,35.9,6.31,6.19,0.0,0.0,42.61,57,310,0
2026-08-03 02:06:17,11.2,89.0,284037.33,35.9,37.75,3.81,0.02,0.02,73.39,57,309,0
2026-08-03 02:06:23,17.7,90.6,243716.0,35.9,15.94,2.65,0.0,0.0,3.49,58,309,0
2026-08-03 02:06:29,26.0,92.0,207008.0,35.9,471.15,1.08,0.02,0.02,63.21,58,310,0
2026-08-03 02:06:35,22.6,87.8,316236.0,35.9,65.9,27.55,0.02,0.01,3.57,58,310,0
2026-08-03 02:06:41,14.8,87.1,335202.67,35.9,29.6,89.61,0.02,0.02,62.57,58,310,0
2026-08-03 02:06:47,18.7,86.7,343814.67,35.9,5.39,6.79,0.02,0.02,4.29,58,310,0
2026-08-03 02:06:53,15.4,87.1,334441.33,35.9,5.19,6.93,0.0,0.0,55.98,58,309,0
2026-08-03 02:06:59,14.9,86.7,344370.67,35.9,9.17,4.23,0.02,0.01,4.36,58,308,0
2026-08-03 02:07:05,17.1,86.9,340456.0,35.9,13.39,6.45,0.01,0.0,56.49,58,314,0
2026-08-03 02:07:12,22.1,88.1,309385.33,35.9,67.97,3.34,0.01,0.0,4.43,58,308,0
2026-08-03 02:07:18,26.5,88.4,302076.0,35.9,44.06,5.07,0.01,0.01,51.69,58,308,0
2026-08-03 02:07:24,15.7,88.5,299228.0,35.9,4.76,2.11,0.01,0.01,4.18,58,308,0
2026-08-03 02:07:30,13.9,88.7,293406.67,35.9,4.15,2.26,0.01,0.0,61.87,59,308,0
2026-08-03 02:07:36,16.7,88.8,291293.33,35.9,86.56,1.98,0.01,0.01,75.68,59,309,0
2026-08-03 02:07:42,38.5,90.7,240273.33,35.9,290.91,6.98,0.01,0.0,4.21,59,315,0
2026-08-03 02:07:48,16.3,87.5,323478.67,35.9,100.88,179.57,0.01,0.0,3.37,59,309,0
2026-08-03 02:07:54,16.2,87.6,322266.67,35.9,3.96,3.24,0.0,0.0,54.64,59,309,0
2026-08-03 02:08:00,7.9,87.7,319918.67,35.9,4.56,6.38,0.02,0.01,5.73,59,309,0
2026-08-03 02:08:06,20.3,87.1,333850.67,35.9,10.33,3.4,0.0,0.0,47.56,59,308,0
2026-08-03 02:08:12,23.3,87.7,319986.67,35.9,39.15,5.34,0.01,0.0,3.8,60,308,0
2026-08-03 02:08:18,21.3,88.4,299948.0,35.9,19.28,3.37,0.0,0.0,3.91,60,308,0
2026-08-03 02:08:24,32.3,88.7,294314.67,35.9,43.74,6.51,0.01,0.01,9.12,60,308,0
2026-08-03 02:08:30,21.4,89.3,278212.0,35.9,71.95,2.45,0.01,0.0,5.02,60,308,0
2026-08-03 02:08:36,25.9,89.9,260750.67,35.9,85.67,6.3,0.0,0.0,4.7,60,308,0
2026-08-03 02:08:42,17.4,90.1,257620.0,35.9,68.35,2.87,0.01,0.0,4.71,60,308,0
2026-08-03 02:08:48,6.4,90.5,247590.67,35.9,42.38,6.02,0.01,0.0,4.06,60,308,0
2026-08-03 02:08:54,12.2,90.4,249669.33,35.9,32.33,4.11,0.01,0.0,3.54,61,308,0
2026-08-03 02:09:00,23.9,90.4,249785.33,35.9,60.98,6.3,0.01,0.01,5.74,61,314,0
2026-08-03 02:09:06,26.4,90.2,253512.0,35.9,38.74,6.56,0.0,0.0,6.0,61,308,0
2026-08-03 02:09:12,20.3,91.0,233186.67,35.9,111.72,3.54,0.01,0.0,3.23,61,308,0
2026-08-03 02:09:18,17.9,91.1,229577.33,35.9,54.4,5.47,0.0,0.0,3.48,61,308,0
2026-08-03 02:09:24,9.2,91.1,231793.33,35.9,59.11,2.45,0.01,0.07,4.52,61,308,0
2026-08-03 02:09:30,28.8,91.2,227804.0,35.9,24.83,2.9,0.0,0.01,3.75,62,308,0
2026-08-03 02:09:36,39.7,86.5,351248.0,35.9,36.82,21.88,0.01,0.0,3.24,62,308,0
2026-08-03 02:09:42,10.8,83.6,426494.67,35.9,33.28,2.75,0.01,0.0,34.53,62,307,0
2026-08-03 02:09:48,11.4,83.9,418620.0,35.9,9.6,6.38,0.01,0.0,4.16,62,307,0
2026-08-03 02:09:54,20.3,84.6,399056.0,35.9,6.49,3.5,0.01,0.0,3.68,62,307,0
2026-08-03 02:10:00,12.9,84.5,402730.67,35.9,14.41,6.46,0.01,0.01,6.2,62,306,0
2026-08-03 02:10:06,10.1,84.8,393617.33,35.9,2.77,3.33,0.01,0.0,3.57,62,306,0
2026-08-03 02:10:12,14.0,85.1,385264.0,35.9,3.72,6.14,0.01,0.0,22.5,62,306,0
2026-08-03 02:10:18,15.2,85.1,387465.33,35.9,0.89,2.04,0.0,0.0,3.92,62,306,0
2026-08-03 02:10:24,11.8,85.5,375976.0,35.9,2.83,6.52,0.01,0.0,62.95,63,306,0
2026-08-03 02:10:30,12.5,85.6,373844.0,35.9,3.53,6.45,0.0,0.01,3.41,63,306,0
2026-08-03 02:10:37,15.1,86.3,354908.0,35.9,3.27,4.6,0.01,0.0,61.55,63,306,0
2026-08-03 02:10:43,23.3,83.2,436094.67,35.9,90.62,218.68,0.0,0.0,4.09,63,306,0
2026-08-03 02:10:49,6.1,83.6,425677.33,35.9,6.33,2.42,0.01,0.0,4.34,63,306,0
2026-08-03 02:10:55,18.7,84.0,413649.33,35.9,1.02,6.48,0.02,0.02,40.96,63,308,0
2026-08-03 02:11:01,16.6,83.8,420084.0,35.9,1.06,6.26,0.01,0.02,3.81,63,306,0
2026-08-03 02:11:07,8.0,83.8,420190.67,35.9,1.8,3.24,0.01,0.0,5.25,64,306,0
2026-08-03 02:11:13,11.1,84.1,412397.33,35.9,1.11,6.5,0.0,0.0,47.93,64,306,0
2026-08-03 02:11:19,9.3,84.9,391753.33,35.9,12.44,2.47,0.01,0.0,5.41,64,306,0
2026-08-03 02:11:25,10.8,84.5,401961.33,35.9,3.25,1.96,0.01,0.0,3.28,64,306,0
2026-08-03 02:11:31,31.6,84.0,415446.67,35.9,2.79,5.21,0.0,0.0,3.71,64,310,0
2026-08-03 02:11:37,14.0,84.7,396329.33,35.9,1.46,3.66,0.01,0.01,109.06,64,306,0
2026-08-03 02:11:43,14.2,84.5,403144.0,35.9,2.89,6.58,0.01,0.01,5.71,64,306,0
2026-08-03 02:11:49,13.8,84.5,401761.33,35.9,20.61,7.62,0.01,0.0,4.17,64,306,0
2026-08-03 02:11:55,12.2,85.1,387701.33,35.9,9.7,3.69,0.01,0.0,3.6,65,306,0
2026-08-03 02:12:01,13.5,84.7,395893.33,35.9,2.73,6.5,0.0,0.0,3.37,65,306,0
2026-08-03 02:12:07,11.1,86.0,363596.0,35.9,36.9,4.79,0.01,0.01,3.54,65,306,0
2026-08-03 02:12:13,26.3,86.2,357681.33,35.9,37.2,5.41,0.0,0.0,3.77,65,306,0
2026-08-03 02:12:19,12.3,87.5,324124.0,35.9,442.55,2.27,0.01,0.0,5.11,65,306,0
2026-08-03 02:12:25,31.5,88.8,290088.0,35.9,499.53,50.21,0.0,0.0,4.11,66,306,0
2026-08-03 02:12:31,10.8,89.6,269300.0,35.9,280.46,5.78,0.01,0.01,3.74,66,306,0
2026-08-03 02:12:37,14.3,89.9,261465.33,35.9,4.9,3.5,0.01,0.0,3.69,66,306,0
2026-08-03 02:12:43,10.5,90.7,239977.33,35.9,34.0,6.81,0.0,0.0,5.27,66,306,0
2026-08-03 02:12:49,16.3,90.0,259324.0,35.9,77.9,3.46,0.02,0.01,3.96,66,308,0
2026-08-03 02:12:55,7.2,90.3,250716.0,35.9,20.05,5.07,0.01,0.01,4.71,66,306,0
2026-08-03 02:13:01,5.6,89.7,267650.67,35.9,34.59,0.75,0.01,0.0,3.25,66,306,0
2026-08-03 02:13:07,5.8,89.9,261285.33,35.9,31.78,0.7,0.01,0.0,3.49,66,306,0
2026-08-03 02:13:13,7.8,88.9,286629.33,35.9,415.85,35.89,0.02,0.03,46.37,66,307,0
2026-08-03 02:13:19,9.2,88.9,287705.33,35.9,21.03,6.29,0.01,0.0,3.9,66,307,0
2026-08-03 02:13:25,12.3,89.2,280870.67,35.9,6.98,3.64,0.0,0.0,5.34,67,311,0
2026-08-03 02:13:31,23.0,89.1,282834.67,35.9,16.8,2.17,0.01,0.01,45.49,67,307,0
2026-08-03 02:13:37,13.5,89.4,274477.33,35.9,7.32,6.25,0.0,0.0,13.52,67,306,0
2026-08-03 02:13:43,6.4,88.9,287134.67,35.9,25.81,2.63,0.01,0.0,54.48,67,305,0
2026-08-03 02:13:49,4.9,87.2,332464.0,35.9,23.07,108.4,0.01,0.0,3.85,67,305,0
2026-08-03 02:13:55,13.4,87.6,320473.33,35.9,27.65,0.94,0.0,0.0,59.43,67,305,0
2026-08-03 02:14:02,9.9,90.2,253668.0,35.9,377.87,6.16,0.01,0.0,3.97,67,305,0
2026-08-03 02:14:08,26.9,90.3,250888.0,35.9,101.97,2.27,0.0,0.0,68.13,67,305,0
2026-08-03 02:14:14,18.2,90.2,255232.0,35.9,35.65,2.42,0.01,0.01,3.27,67,305,0
2026-08-03 02:14:20,16.2,90.8,237650.67,35.9,278.51,25.66,0.01,0.02,56.1,68,305,0
2026-08-03 02:14:26,18.5,87.1,335725.33,35.9,61.23,178.77,0.03,0.09,3.87,68,305,0
2026-08-03 02:14:32,7.6,89.6,270581.33,35.9,282.81,3.71,0.01,0.01,3.7,68,305,0
2026-08-03 02:14:38,6.5,82.8,447081.33,35.9,33.86,2.82,0.0,0.0,4.2,68,305,0
2026-08-03 02:14:44,8.8,83.8,419633.33,35.9,50.27,0.99,0.01,0.01,3.59,68,306,0
2026-08-03 02:14:50,13.9,84.0,415769.33,35.9,12.9,2.48,0.02,0.0,3.76,68,305,0
2026-08-03 02:14:56,14.8,84.4,405720.0,35.9,8.55,7.89,0.02,0.0,4.13,68,305,0
2026-08-03 02:15:02,17.8,86.5,351293.33,35.9,84.06,2.25,0.01,0.03,3.82,68,305,0
2026-08-03 02:15:08,18.0,83.8,420221.33,35.9,7.35,202.77,0.0,0.0,70.3,69,305,0
2026-08-03 02:15:14,14.1,81.9,469669.33,35.9,3.54,148.48,0.01,0.01,3.92,69,305,0
2026-08-03 02:15:20,2.5,82.7,449686.67,35.9,2.88,2.14,0.0,0.0,3.83,69,309,0
2026-08-03 02:15:26,13.3,82.7,448873.33,35.9,4.85,6.82,0.01,0.0,46.08,69,305,0
2026-08-03 02:15:32,3.4,83.7,422210.67,35.9,6.99,2.62,0.0,0.0,3.73,69,305,0
2026-08-03 02:15:38,8.7,84.1,413293.33,35.9,4.88,6.4,0.02,0.01,3.46,69,305,0
2026-08-03 02:15:44,14.4,83.9,417465.33,35.9,2.8,3.5,0.01,0.0,3.96,69,305,0
2026-08-03 02:15:50,11.6,84.5,401673.33,35.9,2.25,5.2,0.01,0.0,3.72,69,305,0
2026-08-03 02:15:56,4.7,86.9,338560.0,35.9,65.04,2.77,0.02,0.02,28.21,70,305,0
2026-08-03 02:16:02,27.1,85.4,377970.67,35.9,8.91,139.26,0.0,0.0,4.12,70,305,0
2026-08-03 02:16:08,9.9,85.1,386136.0,35.9,1.64,5.25,0.01,0.0,3.72,70,305,0
2026-08-03 02:16:14,10.4,86.0,364092.0,35.9,11.92,3.11,0.01,0.01,3.95,70,305,0
2026-08-03 02:16:20,11.9,86.3,355458.67,35.9,7.33,8.37,0.0,0.0,36.6,70,305,0
2026-08-03 02:16:26,11.6,86.2,356694.67,35.9,1.7,2.41,0.01,0.0,75.5,70,305,0
2026-08-03 02:16:32,6.8,85.6,373408.0,35.9,1.58,2.04,0.0,0.0,3.78,71,305,0
2026-08-03 02:16:38,15.5,86.6,346442.67,35.9,4.17,5.46,0.01,0.01,5.59,71,305,0
2026-08-03 02:16:44,3.4,86.1,360477.33,35.9,0.96,3.47,0.01,0.01,3.49,71,305,0
2026-08-03 02:16:50,14.1,87.1,335309.33,35.9,2.02,5.65,0.01,0.0,4.09,71,305,0
2026-08-03 02:16:56,14.6,87.1,335233.33,35.9,10.09,3.4,0.01,0.0,3.36,71,305,0
2026-08-03 02:17:02,5.1,86.9,338669.33,35.9,1.55,5.67,0.0,0.0,17.01,71,305,0
2026-08-03 02:17:08,13.2,86.7,344560.0,35.9,3.63,3.32,0.01,0.0,5.36,71,305,0
2026-08-03 02:17:14,23.2,87.0,338190.67,35.9,3.66,2.04,0.01,0.01,6.21,71,311,0
2026-08-03 02:17:20,15.0,86.3,355213.33,35.9,3.7,6.0,0.01,0.01,5.95,71,305,0
2026-08-03 02:17:26,14.4,86.6,348225.33,35.9,2.45,3.38,0.01,0.0,4.49,71,305,0
2026-08-03 02:17:32,16.0,87.0,336894.67,35.9,3.66,7.02,0.01,0.01,7.83,72,305,0
2026-08-03 02:17:38,12.6,86.6,347977.33,35.9,19.37,2.29,0.01,0.0,4.03,72,305,0
2026-08-03 02:17:44,22.0,87.4,326706.67,35.9,41.7,14.79,0.0,0.0,3.69,72,305,0
2026-08-03 02:17:50,9.4,87.7,320188.0,35.9,31.66,2.88,0.01,0.0,4.14,72,305,0
2026-08-03 02:17:57,15.4,87.7,317824.0,35.9,42.39,2.41,0.01,0.0,4.13,72,305,0
2026-08-03 02:18:03,1.8,87.3,329444.0,35.9,27.77,2.59,0.0,0.0,3.63,72,305,0
2026-08-03 02:18:09,14.5,88.0,310856.0,35.9,22.02,5.54,0.01,0.0,15.17,72,305,0
2026-08-03 02:18:15,1.4,87.5,325056.0,35.9,43.79,2.48,0.01,0.01,4.65,72,305,0
2026-08-03 02:18:21,9.4,87.4,327026.67,35.9,2.93,6.6,0.01,0.0,65.18,73,305,0
2026-08-03 02:18:27,16.4,87.7,318920.0,35.9,30.32,2.67,0.0,0.01,3.38,73,305,0
2026-08-03 02:18:33,19.3,88.7,294294.67,35.9,100.27,2.45,0.02,0.09,3.2,73,305,0
2026-08-03 02:18:39,27.1,92.5,194280.0,35.9,660.52,8.92,0.07,0.46,3.36,73,306,0
2026-08-03 02:18:45,15.9,89.8,265413.33,35.9,80.6,6.05,0.01,0.01,3.78,73,306,0
2026-08-03 02:18:51,21.8,90.3,250309.33,35.9,14.96,2.89,0.01,0.0,22.85,73,306,0
2026-08-03 02:18:57,28.6,92.7,190194.67,35.9,213.01,7.52,0.03,0.02,3.53,73,306,0
2026-08-03 02:19:03,48.1,89.3,277318.67,35.9,191.73,8.26,0.02,0.03,4.13,73,306,0
2026-08-03 02:19:09,19.8,83.5,427532.0,35.9,101.33,294.12,0.01,0.0,3.91,73,310,0
2026-08-03 02:19:15,26.6,84.2,408576.0,35.9,159.73,1.82,0.01,0.0,18.55,73,306,0
2026-08-03 02:19:21,18.6,86.7,346125.33,35.9,327.19,6.06,0.04,0.09,3.62,73,306,0
2026-08-03 02:19:27,32.2,86.1,359526.67,35.9,239.2,87.13,0.01,0.0,64.29,73,306,0
2026-08-03 02:19:33,16.0,85.7,370113.33,35.9,231.14,32.21,0.01,0.02,69.59,74,306,0
2026-08-03 02:19:39,44.7,81.3,485320.0,35.9,201.63,7.14,0.01,0.01,3.89,74,306,0
2026-08-03 02:19:45,6.7,82.3,459661.33,35.9,41.87,2.29,0.01,0.0,7.86,74,306,0
2026-08-03 02:19:51,13.6,82.8,447344.0,35.9,47.48,2.08,0.02,0.0,41.27,74,306,0
2026-08-03 02:19:57,7.7,83.1,438942.67,35.9,26.96,6.44,0.0,0.0,3.72,74,306,0
2026-08-03 02:20:03,25.5,84.2,409085.33,35.9,79.22,0.86,0.04,0.01,61.86,74,306,0
2026-08-03 02:20:09,6.1,84.3,408348.0,35.9,37.12,2.03,0.0,0.0,8.37,74,306,0
2026-08-03 02:20:15,16.0,84.8,393392.0,35.9,15.55,2.16,0.01,0.01,61.2,74,306,0
2026-08-03 02:20:21,12.9,82.4,456058.67,35.9,64.4,240.51,0.01,0.0,4.17,74,306,0
2026-08-03 02:20:27,20.3,83.3,433536.0,35.9,11.98,2.31,0.0,0.0,6.14,75,312,0
2026-08-03 02:20:33,25.9,83.8,419514.67,35.9,24.4,2.36,0.01,0.0,3.95,75,306,0
2026-08-03 02:20:39,15.7,83.9,417633.33,35.9,7.97,6.22,0.01,0.01,3.46,75,306,0
2026-08-03 02:20:45,22.3,84.2,410541.33,35.9,12.71,2.75,0.01,0.0,3.23,75,306,0
2026-08-03 02:20:51,32.1,86.8,341273.33,35.9,112.21,2.63,0.01,0.01,13.14,75,306,0
2026-08-03 02:20:57,21.2,85.3,379988.0,35.9,73.63,109.11,0.01,0.01,3.49,75,306,0
2026-08-03 02:21:03,23.3,85.6,374106.67,35.9,27.61,7.03,0.03,0.02,3.26,75,306,0
2026-08-03 02:21:09,24.5,85.7,370809.33,35.9,24.48,2.14,0.0,0.0,5.28,75,306,0
2026-08-03 02:21:15,26.2,85.7,371536.0,35.9,58.09,6.18,0.01,0.0,6.18,75,306,0
2026-08-03 02:21:21,18.6,86.0,362236.0,35.9,53.49,2.86,0.0,0.0,4.25,75,306,0
2026-08-03 02:21:27,12.3,86.1,359922.67,35.9,61.74,2.09,0.01,0.0,4.03,76,306,0
2026-08-03 02:21:34,26.1,85.9,364760.0,35.9,54.41,5.12,0.01,0.0,4.54,76,306,0
2026-08-03 02:21:40,19.4,86.5,351041.33,35.9,162.18,2.33,0.01,0.02,45.8,76,306,0
2026-08-03 02:21:46,6.9,86.6,348698.67,35.9,67.61,2.17,0.01,0.01,4.22,76,306,0
2026-08-03 02:21:52,28.9,87.0,335941.33,35.9,35.99,2.0,0.0,0.01,4.0,76,306,0
2026-08-03 02:21:58,37.4,86.4,353380.0,35.9,94.87,5.09,0.01,0.0,10.03,76,306,0
2026-08-03 02:22:04,26.7,87.0,337664.0,35.9,13.82,3.28,0.01,0.0,7.1,76,306,0
2026-08-03 02:22:10,11.0,87.3,329758.67,35.9,17.29,5.23,0.02,0.01,3.75,76,306,0
2026-08-03 02:22:16,0.4,87.2,331932.0,35.9,100.52,1.75,0.01,0.0,3.4,76,306,0
2026-08-03 02:22:22,32.6,86.9,339610.67,35.9,459.61,8.51,0.01,0.01,58.94,76,307,0
2026-08-03 02:22:28,5.2,87.0,338284.0,35.9,30.58,5.0,0.01,0.0,3.58,77,307,0
2026-08-03 02:22:34,19.2,87.3,330364.0,35.9,4.73,2.23,0.0,0.0,3.76,77,307,0
2026-08-03 02:22:40,87.3,91.0,233086.67,35.9,327.45,1.92,0.01,0.0,38.47,77,307,0
2026-08-03 02:22:46,34.4,89.3,278734.67,35.9,417.45,10.93,0.01,0.0,3.81,77,307,0
2026-08-03 02:22:52,0.9,86.3,356252.0,35.9,19.07,196.84,0.0,0.0,3.51,77,305,0
2026-08-03 02:22:58,10.7,86.5,350161.33,35.9,9.2,5.94,0.01,0.01,52.38,77,306,0
2026-08-03 02:23:04,13.3,86.4,352426.67,35.9,5.85,6.19,0.0,0.0,3.75,77,312,0
2026-08-03 02:23:10,17.1,86.7,345294.67,35.9,13.09,5.33,0.01,0.0,64.8,77,306,0
2026-08-03 02:23:16,30.7,91.0,233509.33,35.9,293.67,5.08,0.23,0.21,3.51,77,307,0
2026-08-03 02:23:22,26.2,85.3,380392.0,35.9,188.06,123.35,0.25,0.45,50.79,77,307,0
2026-08-03 02:23:28,16.0,85.9,365930.67,35.9,11.09,2.69,0.01,0.0,208.04,78,307,0
2026-08-03 02:23:34,6.6,86.6,348249.33,35.9,88.06,2.29,0.0,0.0,3.18,78,309,0
2026-08-03 02:23:40,6.5,87.1,334388.0,35.9,23.0,5.52,0.02,0.01,5.01,78,315,0
2026-08-03 02:23:46,19.6,86.3,354162.67,35.9,32.59,102.56,0.23,0.1,4.06,78,309,0
2026-08-03 02:23:52,17.0,86.5,350082.67,35.9,8.84,2.46,0.05,0.02,3.43,78,309,0
2026-08-03 02:23:58,11.1,85.0,388162.67,35.9,4.77,6.54,0.03,0.0,55.89,78,308,0
2026-08-03 02:24:05,14.6,85.4,377370.67,35.9,2.95,3.5,0.0,0.0,6.96,78,308,0
2026-08-03 02:24:11,15.8,85.5,375380.0,35.9,4.15,4.93,0.02,0.01,3.99,78,308,0
2026-08-03 02:24:17,17.8,88.0,311066.67,35.9,50.4,3.1,0.06,0.01,49.87,79,308,0
2026-08-03 02:24:23,21.6,89.3,278085.33,35.9,176.98,99.89,0.02,0.08,4.12,79,308,0
2026-08-03 02:24:29,30.8,89.1,282349.33,35.9,56.99,2.2,0.11,0.08,56.78,79,308,0
2026-08-03 02:24:35,13.6,89.3,277277.33,35.9,37.26,2.26,0.08,0.03,3.36,79,308,0
2026-08-03 02:24:41,16.1,81.0,493068.0,35.9,88.08,96.33,0.01,0.0,3.37,79,308,0
2026-08-03 02:24:47,10.9,81.0,492398.67,35.9,11.13,4.86,0.05,0.0,4.18,79,308,0
2026-08-03 02:24:53,6.3,81.4,482689.33,35.9,9.03,1.85,0.02,0.0,3.28,79,308,0
2026-08-03 02:24:59,20.5,81.2,488684.0,35.9,6.91,31.82,0.02,0.0,6.59,79,308,0
2026-08-03 02:25:05,8.8,81.1,489005.33,35.9,1.48,4.8,0.02,0.01,35.88,79,308,0
2026-08-03 02:25:11,29.9,81.6,476565.33,35.9,7.61,2.91,0.11,0.07,4.02,79,308,0
2026-08-03 02:25:17,17.8,81.9,469397.33,35.9,4.43,1.96,0.12,0.03,3.74,79,308,0
2026-08-03 02:25:23,25.7,82.8,446030.67,35.9,10.3,7.5,0.01,0.01,28.36,79,308,0
2026-08-03 02:25:29,24.1,82.7,449694.67,35.9,7.89,2.43,0.05,0.02,75.87,79,308,0
2026-08-03 02:25:35,23.5,84.0,415581.33,35.9,26.52,2.41,0.02,0.01,6.94,80,314,0
2026-08-03 02:25:41,11.9,84.6,400489.33,35.9,20.64,2.3,0.03,0.0,63.76,80,308,0
2026-08-03 02:25:47,15.6,85.2,384642.67,35.9,8.98,8.95,0.02,0.0,3.96,80,308,0
2026-08-03 02:25:53,10.9,86.6,347142.67,35.9,9.16,2.47,0.02,0.01,58.35,80,308,0
2026-08-03 02:25:59,27.4,84.9,391749.33,35.9,2.43,147.89,0.02,0.01,3.52,80,308,0
2026-08-03 02:26:05,14.2,85.1,385702.67,35.9,3.29,2.53,0.01,0.01,64.32,80,308,0
2026-08-03 02:26:11,21.1,85.2,383178.67,35.9,3.64,6.86,0.01,0.0,70.86,80,308,0
2026-08-03 02:26:17,21.5,85.4,378677.33,35.9,12.48,2.21,0.02,0.0,3.37,80,308,0
2026-08-03 02:26:23,28.8,86.2,356614.67,35.9,17.99,2.5,0.01,0.01,55.88,81,308,0
2026-08-03 02:26:29,25.3,86.8,343440.0,35.9,74.18,8.1,0.0,0.0,3.94,81,308,0
2026-08-03 02:26:35,39.7,87.5,323486.67,35.9,80.36,2.22,0.01,0.01,4.03,81,307,0
2026-08-03 02:26:41,23.8,87.8,315728.0,35.9,97.24,2.28,0.0,0.0,49.09,81,307,0
2026-08-03 02:26:48,49.6,88.5,298393.33,35.9,99.26,7.48,0.02,0.01,70.65,81,307,0
2026-08-03 02:26:54,10.4,88.9,287296.0,35.9,112.25,2.46,0.02,0.0,3.23,81,313,0
2026-08-03 02:27:00,17.2,89.1,282216.0,35.9,80.19,2.3,0.01,0.0,3.72,81,307,0
2026-08-03 02:27:06,8.2,89.0,285882.67,35.9,31.78,1.96,0.01,0.0,47.76,81,307,0
2026-08-03 02:27:12,36.3,89.2,281190.67,35.9,15.09,5.44,0.12,0.08,5.48,81,307,0
2026-08-03 02:27:18,24.7,89.5,273349.33,35.9,101.08,2.14,0.08,0.04,58.62,81,307,0
2026-08-03 02:27:24,23.0,89.5,271880.0,35.9,59.85,3.35,0.07,0.02,3.83,81,313,0
2026-08-03 02:27:30,19.6,89.0,285228.0,35.9,48.96,5.63,0.01,0.01,9.11,81,311,0
2026-08-03 02:27:36,22.0,88.5,297838.67,35.9,5.38,2.6,0.01,0.0,129.94,81,307,0
2026-08-03 02:27:42,30.5,88.2,306865.33,35.9,5.2,2.21,0.02,0.01,3.45,81,307,0
2026-08-03 02:27:48,14.0,88.3,303438.67,35.9,4.21,5.81,0.02,0.0,70.62,81,307,0
2026-08-03 02:27:54,21.8,87.6,320642.67,35.9,31.74,90.4,0.01,0.0,3.59,82,307,0
2026-08-03 02:28:00,11.8,87.6,321386.67,35.9,3.39,2.22,0.01,0.0,142.23,82,307,0
2026-08-03 02:28:06,36.8,88.8,290569.33,35.9,275.4,5.54,0.01,0.0,4.64,82,307,0
2026-08-03 02:28:12,16.2,89.2,279510.67,35.9,17.69,5.41,0.02,0.0,3.88,82,313,0
2026-08-03 02:28:18,34.3,89.6,269262.67,35.9,3.66,2.59,0.01,0.0,3.37,82,307,0
2026-08-03 02:28:24,18.2,89.4,274808.0,35.9,6.07,2.33,0.03,0.0,26.69,82,307,0
2026-08-03 02:28:30,11.1,89.6,269016.0,35.9,3.82,4.94,0.01,0.0,4.39,82,307,0
2026-08-03 02:28:36,5.1,89.2,279990.67,35.9,2.93,1.97,0.01,0.0,4.63,82,307,0
2026-08-03 02:28:42,33.6,89.7,266630.67,35.9,7.59,2.22,0.14,0.08,42.3,82,306,0
2026-08-03 02:28:48,10.5,89.8,265562.67,35.9,7.52,5.18,0.08,0.04,74.34,82,306,0
2026-08-03 02:28:55,23.6,90.2,253433.33,35.9,4.88,2.15,0.05,0.02,108.74,82,306,0
2026-08-03 02:29:01,8.6,90.2,254824.0,35.9,7.0,2.9,0.01,0.0,9.03,82,306,0
2026-08-03 02:29:07,15.4,90.4,249536.0,35.9,2.4,5.21,0.01,0.0,4.2,83,306,0
2026-08-03 02:29:13,6.5,90.1,257984.0,35.9,15.19,2.1,0.04,0.0,10.21,83,306,0
2026-08-03 02:29:19,35.0,91.1,231902.67,35.9,19.46,5.62,0.02,0.0,3.29,83,306,0
2026-08-03 02:29:25,15.4,91.4,223442.67,35.9,96.22,14.87,0.01,0.07,3.86,83,306,0
2026-08-03 02:29:31,45.1,92.5,194148.0,35.9,114.28,5.45,0.01,0.0,49.01,83,306,0
2026-08-03 02:29:37,12.5,91.6,216996.0,35.9,465.2,9.58,0.01,0.01,75.89,83,307,0
2026-08-03 02:29:43,9.3,83.1,437441.33,35.9,8.48,151.09,0.03,0.01,3.42,83,307,0
2026-08-03 02:29:49,13.7,83.2,436585.33,35.9,3.68,1.0,0.01,0.0,3.58,83,307,0
2026-08-03 02:29:55,4.4,83.6,425248.0,35.9,29.91,0.82,0.04,0.02,53.66,83,307,0
2026-08-03 02:30:01,4.6,83.9,418554.67,35.9,9.25,6.17,0.02,0.0,4.49,84,307,0
2026-08-03 02:30:07,42.7,83.9,418753.33,35.9,61.35,28.11,0.13,0.1,55.84,84,312,0
2026-08-03 02:30:13,18.7,84.1,412572.0,35.9,56.11,2.31,0.08,0.03,3.93,84,306,0
2026-08-03 02:30:19,19.4,85.1,385708.0,35.9,8.58,5.06,0.05,0.01,5.02,84,306,0
2026-08-03 02:30:25,23.7,84.9,392442.67,35.9,3.11,2.7,0.01,0.01,3.6,84,306,0
2026-08-03 02:30:31,15.2,84.7,395960.0,35.9,16.42,1.54,0.01,0.0,3.2,84,306,0
2026-08-03 02:30:37,20.1,85.6,374028.0,35.9,241.51,0.98,0.03,0.01,4.22,84,306,0
2026-08-03 02:30:43,21.5,86.5,350288.0,35.9,34.73,1.43,0.02,0.0,5.6,84,306,0
2026-08-03 02:30:49,19.9,86.1,360018.67,36.0,2.16,2.36,0.01,0.0,3.6,84,305,0
2026-08-03 02:30:55,25.2,86.7,344401.33,35.9,2.63,5.2,0.02,0.01,4.69,84,306,0
2026-08-03 02:31:01,24.5,86.6,347336.0,36.0,10.21,2.67,0.01,0.02,56.05,84,306,0
2026-08-03 02:31:07,39.6,87.0,336994.67,36.0,11.56,2.53,0.03,0.0,4.28,84,306,0
2026-08-03 02:31:13,10.3,87.0,337338.67,36.0,3.46,2.66,0.01,0.0,52.6,84,306,0
2026-08-03 02:31:19,28.4,87.2,331737.33,36.0,1.96,5.22,0.01,0.0,4.18,84,306,0
2026-08-03 02:31:25,8.8,87.1,335338.67,36.0,1.55,0.81,0.02,0.01,61.0,84,312,0
2026-08-03 02:31:31,11.8,86.8,342185.33,36.0,8.22,0.88,0.0,0.0,4.04,85,306,0
2026-08-03 02:31:37,21.8,87.2,333213.33,36.0,5.73,2.3,0.17,0.13,65.37,85,306,0
2026-08-03 02:31:44,12.8,84.1,411884.0,36.0,15.44,227.84,0.05,0.02,4.04,85,306,0
2026-08-03 02:31:50,32.3,84.7,396168.0,36.0,16.64,6.17,0.15,0.11,63.3,85,306,0
2026-08-03 02:31:56,22.7,85.4,379048.0,36.0,117.44,1.79,0.05,0.02,3.72,85,306,0
2026-08-03 02:32:02,22.5,84.4,403650.67,36.0,76.69,5.06,0.04,0.02,3.53,85,306,0
2026-08-03 02:32:08,15.9,84.4,404817.33,36.0,18.79,2.12,0.05,0.0,54.69,85,306,0
2026-08-03 02:32:14,23.9,84.5,401593.33,36.0,8.06,2.36,0.01,0.01,3.35,85,306,0
2026-08-03 02:32:20,10.4,84.3,407085.33,36.0,8.84,2.39,0.03,0.01,4.1,85,306,0
2026-08-03 02:32:26,19.5,84.0,414837.33,36.0,3.01,5.88,0.01,0.0,3.61,85,306,0
2026-08-03 02:32:32,22.6,84.1,412402.67,36.0,2.75,2.54,0.0,0.0,4.4,85,306,0
2026-08-03 02:32:38,21.9,84.6,398969.33,36.0,11.7,2.8,0.01,0.01,3.68,85,306,0
2026-08-03 02:32:44,12.1,84.9,391938.67,36.0,3.29,5.3,0.0,0.0,5.83,85,312,0
2026-08-03 02:32:50,30.8,85.0,390122.67,36.0,5.7,2.21,0.03,0.0,4.13,85,306,0
2026-08-03 02:32:56,8.0,85.1,387269.33,36.0,13.01,2.09,0.01,0.01,4.17,85,306,0
2026-08-03 02:33:02,22.0,85.4,379398.67,36.0,25.56,6.51,0.01,0.01,3.98,86,306,0
2026-08-03 02:33:08,10.5,85.5,376976.0,36.0,14.86,1.92,0.01,0.0,3.85,86,306,0
2026-08-03 02:33:14,41.5,86.2,358069.33,36.0,71.2,2.34,0.02,0.0,4.22,86,307,0
2026-08-03 02:33:20,14.9,86.1,359616.0,36.0,74.85,6.05,0.02,0.01,3.97,86,306,0
2026-08-03 02:33:26,25.8,86.4,352066.67,36.0,55.82,2.93,0.01,0.0,5.04,86,307,0
2026-08-03 02:33:32,18.0,86.1,361052.0,36.0,27.07,2.49,0.0,0.0,50.54,86,306,0
2026-08-03 02:33:38,47.4,90.4,250142.67,36.0,573.18,36.3,0.03,0.17,3.64,86,306,0
2026-08-03 02:33:44,26.3,91.3,225109.33,36.0,278.79,4.22,0.0,0.0,3.9,86,307,0
2026-08-03 02:33:50,19.7,93.2,177001.33,36.0,210.01,6.86,0.01,0.0,3.51,86,307,0
2026-08-03 02:33:56,25.3,93.5,168492.0,36.0,56.03,3.03,0.03,0.01,4.69,86,307,0
2026-08-03 02:34:02,8.8,93.2,175676.0,36.0,66.47,2.58,0.02,0.05,18.1,86,307,0
2026-08-03 02:34:08,16.0,93.6,165646.67,36.0,34.91,5.45,0.01,0.01,4.58,86,307,0
2026-08-03 02:34:14,16.1,88.8,290869.33,36.0,55.07,220.9,0.0,0.0,4.09,86,307,0
2026-08-03 02:34:20,27.2,90.6,242590.67,36.0,134.06,1.48,0.04,0.08,3.24,86,307,0
2026-08-03 02:34:26,6.9,90.0,259364.0,36.0,100.72,2.52,0.04,0.11,3.48,87,307,0
2026-08-03 02:34:32,20.6,91.3,226296.0,36.0,79.69,2.82,0.15,0.08,21.2,87,309,0
2026-08-03 02:34:38,10.2,85.4,379501.33,36.0,948.79,173.98,0.05,0.06,3.18,87,309,0
2026-08-03 02:34:44,44.2,84.0,414554.67,36.0,363.32,1.7,0.16,0.1,77.48,87,310,0
2026-08-03 02:34:50,37.2,85.5,377029.33,36.0,278.25,23.45,0.05,0.03,3.76,87,311,0
2026-08-03 02:34:56,10.4,85.4,378212.0,36.0,74.09,2.2,0.08,0.02,6.97,87,310,0
2026-08-03 02:35:02,20.7,85.7,370150.67,36.0,104.83,13.41,0.03,0.01,31.11,87,309,0
2026-08-03 02:35:08,26.7,85.5,374968.0,36.0,53.84,1.27,0.0,0.0,70.68,87,309,0
2026-08-03 02:35:15,28.2,85.0,390281.33,36.0,77.97,1.37,0.03,0.0,3.52,87,309,0
2026-08-03 02:35:21,17.2,85.0,389277.33,36.0,9.66,1.42,0.01,0.0,4.31,87,308,0
2026-08-03 02:35:27,35.6,86.6,347458.67,36.0,32.07,3.11,0.01,0.0,4.15,87,315,0
2026-08-03 02:35:33,20.2,86.4,352740.0,36.0,40.82,2.38,0.01,0.0,37.16,87,309,0
2026-08-03 02:35:39,22.8,86.7,344780.0,36.0,58.52,2.64,0.01,0.01,3.73,87,309,0
2026-08-03 02:35:45,29.4,86.8,342165.33,36.0,156.36,6.57,0.03,0.01,62.12,88,308,0
2026-08-03 02:35:51,34.8,87.4,327176.0,36.0,105.11,2.2,0.01,0.0,73.62,88,308,0
2026-08-03 02:35:57,6.3,87.4,325548.0,36.0,90.57,7.28,0.01,0.01,6.63,88,308,0
2026-08-03 02:36:03,22.3,84.4,404742.67,36.0,76.35,180.09,0.03,0.02,4.66,88,308,0
2026-08-03 02:36:09,12.7,84.4,405754.67,36.0,14.78,2.54,0.01,0.01,50.45,88,308,0
2026-08-03 02:36:15,34.8,84.8,393417.33,36.0,60.65,2.24,0.02,0.01,11.0,88,307,0
2026-08-03 02:36:21,15.6,84.2,409760.0,36.0,33.52,8.21,0.0,0.0,3.33,88,307,0
2026-08-03 02:36:27,23.4,86.6,346941.33,36.0,204.31,2.31,0.01,0.01,3.74,88,307,0
2026-08-03 02:36:33,23.6,86.5,349046.67,36.0,473.06,11.89,0.03,0.02,6.95,88,308,0
2026-08-03 02:36:39,14.7,87.0,335844.0,36.0,17.73,2.56,0.01,0.01,4.78,88,308,0
2026-08-03 02:36:45,33.2,86.8,342136.0,36.0,102.4,8.48,0.01,0.0,10.35,88,308,0
2026-08-03 02:36:51,31.4,87.3,330226.67,36.0,61.19,2.65,0.02,0.0,3.56,88,308,0
2026-08-03 02:36:57,28.1,85.6,374542.67,36.0,72.69,114.79,0.01,0.0,3.57,88,308,0
2026-08-03 02:37:03,11.5,84.9,391241.33,36.0,39.72,7.57,0.01,0.0,4.56,88,307,0
2026-08-03 02:37:09,10.0,85.3,381536.0,36.0,10.57,1.97,0.03,0.01,3.93,88,307,0
2026-08-03 02:37:15,9.2,85.0,390157.33,36.0,31.1,1.68,0.01,0.0,4.18,88,307,0
2026-08-03 02:37:21,25.3,86.0,363944.0,36.0,17.53,2.32,0.17,0.09,15.01,88,307,0
2026-08-03 02:37:27,4.0,87.4,326486.67,36.0,167.78,6.55,0.06,0.02,4.55,89,308,0
2026-08-03 02:37:33,4.7,87.4,325817.33,36.0,32.42,2.37,0.02,0.0,3.91,89,308,0
2026-08-03 02:37:39,19.7,87.2,330950.67,36.0,26.15,2.29,0.11,0.07,4.34,89,308,0
2026-08-03 02:37:45,19.0,89.6,271001.33,36.0,222.8,5.88,0.13,0.05,4.23,89,308,0
2026-08-03 02:37:51,36.9,90.2,254902.67,36.0,69.41,1.86,0.03,0.01,3.51,89,308,0
2026-08-03 02:37:57,8.4,91.0,233925.33,36.0,107.13,11.71,0.03,0.0,9.08,89,308,0
2026-08-03 02:38:03,11.8,91.4,223870.67,36.0,130.35,5.33,0.01,0.01,4.81,89,308,0
